{"type":"FeatureCollection","name":"P118 Taiwan Coastline","p118_version":"V0.1","generated_on":"2026-09-02","source":"Derived by dissolving National Land Surveying and Mapping Center COUNTY_MOI_1140318 county polygons","source_version":"COUNTY_MOI_1140318 (2025-03-18)","source_crs":"TWD97[2020] geographic coordinates (EPSG:3824)","output_crs":"WGS 84 longitude/latitude (EPSG:4326; RFC 7946)","license":"Open Government Data License, version 1.0 (Taiwan)","processing_note":"Converted to EPSG:4326; topology-preserving web simplification at approximately 25 metres; dissolved internal county boundaries; retained coastline within the P118 initial Taiwan region. Natural Earth coastline remains the planned source for future Pacific and East Asia regional views.","feature_count":1,"features":[{"type":"Feature","id":"TW-COASTLINE","properties":{"NameZh":"臺灣海岸線","NameEn":"Taiwan Coastline","Extent":"Initial Taiwan region: 117.5–124.0°E, 21.5–26.5°N"},"geometry":{"type":"MultiLineString","coordinates":[[[119.443644,23.210651],[119.442969,23.208928],[119.444062,23.208243],[119.444153,23.207631],[119.44321,23.208419],[119.442195,23.207023],[119.442461,23.206643],[119.4422,23.206334],[119.442624,23.206019],[119.441924,23.206111],[119.443441,23.204633],[119.443236,23.204268],[119.442824,23.204779],[119.443137,23.204101],[119.442971,23.200593],[119.442511,23.20033],[119.440394,23.201418],[119.439867,23.201381],[119.439926,23.200866],[119.439474,23.20093],[119.438972,23.201575],[119.438431,23.201017],[119.438071,23.201629],[119.437498,23.201204],[119.436166,23.201919],[119.435291,23.20119],[119.435721,23.200735],[119.434967,23.200557],[119.433876,23.199424],[119.433234,23.199112],[119.432484,23.199534],[119.432216,23.199171],[119.432789,23.198707],[119.432932,23.19779],[119.429882,23.196776],[119.429436,23.195619],[119.429649,23.194629],[119.42935,23.194389],[119.430111,23.194386],[119.430349,23.193817],[119.430062,23.193727],[119.429911,23.194209],[119.429338,23.194199],[119.429119,23.193506],[119.429924,23.192649],[119.431217,23.192544],[119.430983,23.192187],[119.43026,23.192156],[119.430737,23.191357],[119.431585,23.191093],[119.431387,23.190272],[119.431772,23.18993],[119.431162,23.188923],[119.431155,23.18804],[119.430624,23.187615],[119.430465,23.186592],[119.429873,23.186596],[119.429202,23.186986],[119.429576,23.18771],[119.429135,23.188425],[119.42706,23.189941],[119.423177,23.191771],[119.42219,23.190651],[119.421491,23.191301],[119.421855,23.19219],[119.421691,23.192703],[119.419764,23.192884],[119.419245,23.193441],[119.417928,23.193399],[119.417929,23.193674],[119.419221,23.193813],[119.420027,23.193337],[119.420169,23.194416],[119.420414,23.194286],[119.420203,23.193307],[119.420841,23.193226],[119.420804,23.193759],[119.421019,23.193391],[119.421626,23.193353],[119.421597,23.194042],[119.420797,23.194008],[119.42071,23.195633],[119.420929,23.194326],[119.421706,23.194472],[119.421663,23.195324],[119.421117,23.195488],[119.421763,23.195499],[119.421745,23.196071],[119.420358,23.196043],[119.418742,23.195451],[119.419409,23.194889],[119.419293,23.194562],[119.418486,23.195477],[119.417848,23.195354],[119.416279,23.193945],[119.417299,23.193362],[119.417155,23.193092],[119.415736,23.193764],[119.416689,23.194863],[119.418525,23.195714],[119.419048,23.19725],[119.420493,23.198147],[119.420792,23.199372],[119.42053,23.200537],[119.420131,23.200841],[119.420849,23.202015],[119.42056,23.202318],[119.420629,23.203316],[119.419375,23.204875],[119.41889,23.204838],[119.418438,23.205661],[119.416404,23.206104],[119.416158,23.206899],[119.416661,23.206819],[119.416687,23.20728],[119.41599,23.207338],[119.415659,23.207903],[119.415632,23.208775],[119.415989,23.208631],[119.415943,23.209033],[119.414761,23.208869],[119.413746,23.210378],[119.412813,23.210419],[119.412131,23.21098],[119.412549,23.211176],[119.412267,23.211777],[119.411399,23.211549],[119.40982,23.213933],[119.410352,23.213724],[119.410481,23.214087],[119.410088,23.214408],[119.409512,23.216286],[119.410196,23.215952],[119.410417,23.216825],[119.410755,23.21635],[119.41156,23.216111],[119.411696,23.214528],[119.412294,23.215737],[119.411831,23.214458],[119.412746,23.214178],[119.414237,23.215355],[119.413736,23.215776],[119.413211,23.215247],[119.413653,23.215842],[119.412662,23.216341],[119.41335,23.216289],[119.414494,23.215246],[119.415239,23.216578],[119.414736,23.21673],[119.414738,23.217308],[119.416605,23.217617],[119.417289,23.217374],[119.417702,23.217759],[119.419731,23.217424],[119.42112,23.217838],[119.421527,23.218442],[119.422437,23.218579],[119.42245,23.218988],[119.422764,23.218655],[119.426777,23.21934],[119.427745,23.219089],[119.428863,23.21939],[119.428496,23.219728],[119.428973,23.219568],[119.430148,23.220091],[119.43612,23.220583],[119.440261,23.221366],[119.446423,23.220658],[119.447266,23.219994],[119.447211,23.2195],[119.447551,23.219747],[119.446923,23.220401],[119.447985,23.220087],[119.446588,23.217088],[119.444328,23.215261],[119.443663,23.214028],[119.443404,23.211469],[119.443644,23.210651]],[[119.34235,23.305813],[119.342584,23.305625],[119.342469,23.305165],[119.34235,23.305813]],[[119.34184,23.308695],[119.342428,23.307639],[119.342225,23.307168],[119.341618,23.308104],[119.34184,23.308695]],[[119.335315,23.319881],[119.334911,23.320047],[119.335157,23.32039],[119.334864,23.320551],[119.335226,23.320918],[119.334842,23.321065],[119.335621,23.322533],[119.335932,23.322727],[119.337039,23.322325],[119.337533,23.321446],[119.337125,23.319568],[119.337498,23.319041],[119.337955,23.319011],[119.33843,23.318028],[119.336892,23.317103],[119.336391,23.31749],[119.335213,23.317665],[119.334961,23.319008],[119.335315,23.319881]],[[119.324482,23.323618],[119.324243,23.324034],[119.323732,23.323974],[119.323601,23.324261],[119.323292,23.324049],[119.323312,23.324399],[119.325228,23.324422],[119.325563,23.323886],[119.324482,23.323618]],[[119.326081,23.324208],[119.326154,23.324334],[119.32621,23.324301],[119.326081,23.324208]],[[119.322954,23.324589],[119.323141,23.324259],[119.322412,23.324295],[119.322954,23.324589]],[[119.332378,23.324479],[119.332444,23.324664],[119.332533,23.324594],[119.332378,23.324479]],[[119.328179,23.325057],[119.328227,23.324983],[119.32809,23.324963],[119.328179,23.325057]],[[119.319215,23.323868],[119.318973,23.324482],[119.318398,23.324599],[119.318293,23.325202],[119.318658,23.324804],[119.318617,23.325409],[119.319552,23.325892],[119.319862,23.327628],[119.320101,23.327618],[119.320262,23.326038],[119.320602,23.326272],[119.321171,23.325812],[119.321958,23.324813],[119.321933,23.324196],[119.322928,23.323815],[119.321098,23.323331],[119.320559,23.323736],[119.320969,23.324147],[119.320829,23.324689],[119.319836,23.323797],[119.319215,23.323868]],[[119.464699,23.347362],[119.465924,23.348918],[119.46589,23.347834],[119.464676,23.347028],[119.464699,23.347362]],[[119.469048,23.35288],[119.469522,23.353138],[119.469642,23.352675],[119.468083,23.351691],[119.467659,23.350798],[119.467295,23.351341],[119.467721,23.351944],[119.467126,23.351921],[119.467748,23.352283],[119.467907,23.353373],[119.469048,23.35288]],[[119.467042,23.354026],[119.467177,23.353718],[119.466888,23.353798],[119.466977,23.354048],[119.467042,23.354026]],[[119.468158,23.354867],[119.46814,23.354966],[119.468253,23.35497],[119.468158,23.354867]],[[119.462668,23.355924],[119.462973,23.354977],[119.462092,23.354469],[119.461346,23.354472],[119.46065,23.353893],[119.461057,23.354644],[119.460168,23.354373],[119.460212,23.354658],[119.461436,23.355216],[119.461782,23.356105],[119.462668,23.355924]],[[119.463363,23.355197],[119.463586,23.355567],[119.463522,23.354461],[119.463363,23.355197]],[[119.468079,23.355544],[119.468139,23.355765],[119.468431,23.355516],[119.468079,23.355544]],[[119.480461,23.357667],[119.481741,23.35669],[119.481612,23.35618],[119.481133,23.356058],[119.48034,23.356735],[119.479003,23.35841],[119.478775,23.359146],[119.479816,23.359026],[119.480461,23.357667]],[[119.327728,23.40743],[119.328865,23.407111],[119.3302,23.40597],[119.330694,23.404859],[119.330112,23.404284],[119.329058,23.404201],[119.329465,23.403839],[119.32942,23.403353],[119.327572,23.402962],[119.327141,23.401995],[119.327788,23.401379],[119.327727,23.40084],[119.327228,23.400344],[119.323959,23.398847],[119.323579,23.39918],[119.322099,23.398987],[119.32246,23.399374],[119.322049,23.399481],[119.321679,23.399209],[119.322048,23.399055],[119.320859,23.399057],[119.319606,23.397949],[119.318295,23.398606],[119.31802,23.397586],[119.316907,23.397898],[119.317881,23.397896],[119.31816,23.398613],[119.317041,23.398934],[119.316957,23.398419],[119.316749,23.399011],[119.316126,23.398683],[119.316662,23.396889],[119.316377,23.396851],[119.315945,23.398336],[119.314721,23.399722],[119.315209,23.400741],[119.31459,23.400937],[119.314446,23.402743],[119.314581,23.403005],[119.315337,23.402924],[119.315481,23.40373],[119.315966,23.403821],[119.315653,23.404143],[119.316068,23.404419],[119.317022,23.404174],[119.317489,23.404572],[119.317584,23.405146],[119.31716,23.40544],[119.317094,23.406013],[119.31806,23.406233],[119.318716,23.407726],[119.318401,23.408176],[119.318828,23.408985],[119.318654,23.411067],[119.319008,23.411127],[119.319111,23.411626],[119.320151,23.411651],[119.32082,23.410674],[119.321391,23.411141],[119.322421,23.409897],[119.32503,23.408343],[119.325225,23.407977],[119.324799,23.407418],[119.324894,23.406934],[119.326764,23.406709],[119.327728,23.40743]],[[118.234555,24.160255],[118.233202,24.160355],[118.232433,24.160768],[118.232541,24.161855],[118.232939,24.162096],[118.232888,24.163184],[118.233313,24.163328],[118.233816,24.162771],[118.235063,24.162575],[118.234555,24.160255]],[[118.1388,24.374985],[118.138932,24.374709],[118.13798,24.374599],[118.138186,24.375001],[118.1388,24.374985]],[[118.144795,24.377407],[118.145165,24.376514],[118.145137,24.375886],[118.144712,24.375477],[118.144529,24.377046],[118.143682,24.378496],[118.145567,24.378926],[118.145724,24.377719],[118.144795,24.377407]],[[118.142684,24.378231],[118.142612,24.37763],[118.141846,24.377544],[118.141561,24.377799],[118.141737,24.378706],[118.142684,24.378231]],[[118.157184,24.38273],[118.158263,24.382184],[118.163263,24.381317],[118.159706,24.378104],[118.157183,24.37797],[118.156852,24.377202],[118.154987,24.378315],[118.154631,24.379214],[118.153029,24.380203],[118.151366,24.382328],[118.15346,24.383749],[118.154335,24.383736],[118.155727,24.382871],[118.157184,24.38273]],[[118.17256,24.388218],[118.173312,24.387193],[118.172794,24.386331],[118.171074,24.38505],[118.16899,24.384209],[118.16668,24.385691],[118.165771,24.386839],[118.163781,24.386867],[118.161826,24.387329],[118.162044,24.387664],[118.161764,24.389988],[118.160967,24.391497],[118.159418,24.39246],[118.159219,24.393236],[118.159832,24.394943],[118.16101,24.395603],[118.163252,24.394799],[118.164215,24.395244],[118.164227,24.394399],[118.163632,24.393755],[118.165216,24.390109],[118.166481,24.389608],[118.169541,24.390121],[118.170992,24.389617],[118.171913,24.387599],[118.17256,24.388218]],[[118.338956,24.38992],[118.339385,24.390518],[118.339745,24.389969],[118.33896,24.389304],[118.338956,24.38992]],[[118.191489,24.397002],[118.191591,24.397457],[118.193692,24.398134],[118.194281,24.398013],[118.194303,24.39716],[118.193823,24.396749],[118.194223,24.396514],[118.194148,24.396205],[118.194702,24.396215],[118.195129,24.395825],[118.194841,24.395392],[118.194322,24.395317],[118.193764,24.395336],[118.193457,24.39624],[118.192096,24.396261],[118.191489,24.397002]],[[118.229045,24.402889],[118.228373,24.404258],[118.228629,24.404537],[118.230466,24.404628],[118.231598,24.403075],[118.229745,24.402693],[118.229045,24.402889]],[[118.438018,24.407097],[118.437968,24.407268],[118.438253,24.407204],[118.438018,24.407097]],[[118.438279,24.40739],[118.438164,24.407891],[118.438479,24.40766],[118.438279,24.40739]],[[118.438975,24.408264],[118.439301,24.408369],[118.439293,24.408093],[118.439054,24.40808],[118.438975,24.408264]],[[118.438518,24.408446],[118.438669,24.408598],[118.43889,24.408286],[118.438518,24.408446]],[[118.345662,24.408954],[118.346358,24.408725],[118.346024,24.408046],[118.345386,24.40838],[118.345662,24.408954]],[[118.438814,24.408667],[118.438818,24.408732],[118.438985,24.408705],[118.438814,24.408667]],[[118.437924,24.408639],[118.437808,24.408788],[118.437979,24.408819],[118.437924,24.408639]],[[118.437455,24.408851],[118.437545,24.409093],[118.437597,24.40887],[118.437455,24.408851]],[[118.346594,24.409128],[118.346671,24.408981],[118.34633,24.409023],[118.346594,24.409128]],[[118.439785,24.40911],[118.439289,24.409576],[118.440009,24.409822],[118.439785,24.40911]],[[118.439019,24.409556],[118.439028,24.409705],[118.439223,24.409703],[118.439019,24.409556]],[[118.440088,24.410451],[118.439983,24.410619],[118.440113,24.410667],[118.440088,24.410451]],[[118.446999,24.412492],[118.447196,24.412398],[118.446904,24.412255],[118.446999,24.412492]],[[118.447178,24.41303],[118.44689,24.412945],[118.447043,24.413159],[118.447178,24.41303]],[[118.458807,24.414094],[118.459297,24.413542],[118.459238,24.412689],[118.457399,24.412504],[118.457325,24.413387],[118.456945,24.412806],[118.45617,24.412807],[118.456116,24.414235],[118.456924,24.414618],[118.458807,24.414094]],[[118.447694,24.413697],[118.448088,24.413638],[118.447686,24.413507],[118.447694,24.413697]],[[118.458466,24.415952],[118.45784,24.415373],[118.457405,24.41571],[118.458425,24.416249],[118.458466,24.415952]],[[118.460135,24.415787],[118.458883,24.415608],[118.45937,24.416925],[118.459942,24.417067],[118.460621,24.416699],[118.460135,24.415787]],[[118.505977,24.427322],[118.505658,24.426672],[118.503879,24.42629],[118.50375,24.428244],[118.505554,24.428167],[118.505977,24.427322]],[[118.268749,24.441569],[118.268187,24.439693],[118.269834,24.438245],[118.269664,24.43762],[118.266377,24.43467],[118.267293,24.433909],[118.266808,24.431911],[118.26605,24.431004],[118.265823,24.430137],[118.265729,24.429293],[118.266319,24.428126],[118.264983,24.426019],[118.265079,24.425365],[118.263081,24.424495],[118.262656,24.423545],[118.262923,24.423522],[118.26308,24.422532],[118.262133,24.422223],[118.260305,24.422657],[118.259296,24.422119],[118.259163,24.422293],[118.260535,24.423092],[118.259744,24.424481],[118.25856,24.424664],[118.258315,24.423488],[118.258889,24.422956],[118.25816,24.423432],[118.258452,24.425078],[118.256133,24.425341],[118.254643,24.424882],[118.252099,24.423493],[118.249917,24.421591],[118.248713,24.419409],[118.250046,24.418256],[118.248665,24.41656],[118.247492,24.415938],[118.246648,24.414593],[118.245601,24.414122],[118.245351,24.413635],[118.243635,24.413348],[118.241491,24.411258],[118.241013,24.411993],[118.241357,24.412748],[118.24111,24.413076],[118.241833,24.413852],[118.240549,24.414652],[118.237752,24.414859],[118.235436,24.414308],[118.233176,24.413314],[118.232291,24.412748],[118.229261,24.408278],[118.227514,24.407841],[118.225966,24.405046],[118.224895,24.40516],[118.223679,24.406409],[118.223526,24.407799],[118.222089,24.40879],[118.218908,24.409574],[118.216592,24.409724],[118.215345,24.409335],[118.215201,24.409604],[118.21352,24.409771],[118.213198,24.410144],[118.213551,24.410345],[118.212847,24.411029],[118.212285,24.411005],[118.211568,24.41248],[118.212099,24.412801],[118.212774,24.412556],[118.21279,24.412184],[118.213866,24.411848],[118.21564,24.412405],[118.216374,24.413069],[118.21465,24.413579],[118.214566,24.414836],[118.215514,24.416031],[118.216374,24.418217],[118.216474,24.419399],[118.217372,24.420764],[118.217329,24.42446],[118.216563,24.426234],[118.216806,24.428066],[118.219462,24.431387],[118.221046,24.432476],[118.22385,24.436615],[118.224221,24.439725],[118.226482,24.44479],[118.226534,24.44631],[118.227304,24.44787],[118.230532,24.452051],[118.233372,24.453678],[118.235443,24.453769],[118.238334,24.455251],[118.241373,24.456054],[118.243425,24.455011],[118.244419,24.455746],[118.245939,24.456183],[118.24886,24.45636],[118.250124,24.455763],[118.255288,24.455184],[118.258055,24.454034],[118.26005,24.452751],[118.262171,24.449534],[118.263688,24.448208],[118.265786,24.446779],[118.269169,24.445983],[118.269223,24.444485],[118.268503,24.442708],[118.268749,24.441569]],[[118.198746,24.437601],[118.199236,24.437515],[118.199629,24.437151],[118.198266,24.436411],[118.198438,24.436734],[118.197917,24.437136],[118.198746,24.437601]],[[118.21085,24.45159],[118.212669,24.452067],[118.212906,24.451934],[118.211625,24.451366],[118.21085,24.45159]],[[118.209761,24.453027],[118.209434,24.452628],[118.208943,24.452768],[118.20921,24.453312],[118.208751,24.453441],[118.20986,24.454395],[118.210549,24.45424],[118.210496,24.453099],[118.209761,24.453027]],[[118.277686,24.45381],[118.277678,24.453351],[118.27636,24.452282],[118.273424,24.45283],[118.272398,24.453352],[118.268828,24.452484],[118.269203,24.454242],[118.271245,24.457352],[118.272053,24.458041],[118.272716,24.458032],[118.27479,24.456724],[118.277686,24.45381]],[[118.226042,24.455652],[118.225909,24.455757],[118.22675,24.456035],[118.227626,24.455821],[118.227067,24.455458],[118.226042,24.455652]],[[118.231915,24.457631],[118.231837,24.457705],[118.232211,24.457775],[118.231915,24.457631]],[[118.429529,24.525278],[118.43167,24.524815],[118.433583,24.525006],[118.433412,24.522715],[118.431542,24.521945],[118.432703,24.518454],[118.434196,24.515779],[118.43566,24.51448],[118.439677,24.513556],[118.445878,24.511516],[118.448611,24.511478],[118.450115,24.510999],[118.450627,24.509906],[118.449953,24.507743],[118.449556,24.504659],[118.450742,24.501023],[118.451722,24.499392],[118.453438,24.498837],[118.454955,24.497561],[118.455802,24.49586],[118.455166,24.494348],[118.455113,24.492804],[118.455672,24.491324],[118.457725,24.488785],[118.458624,24.48701],[118.459613,24.485886],[118.461947,24.48426],[118.464618,24.483765],[118.465816,24.483989],[118.468942,24.48368],[118.469115,24.482954],[118.468519,24.482214],[118.468993,24.480445],[118.467678,24.479546],[118.466197,24.479223],[118.465292,24.478279],[118.465165,24.477876],[118.465433,24.477737],[118.46497,24.477385],[118.465097,24.477043],[118.464346,24.476471],[118.463434,24.47659],[118.463223,24.474997],[118.464112,24.471097],[118.464028,24.467694],[118.466172,24.461146],[118.468978,24.45763],[118.470344,24.45522],[118.472061,24.454786],[118.473155,24.453563],[118.476202,24.453279],[118.476732,24.451678],[118.477337,24.451404],[118.478167,24.450258],[118.477465,24.449519],[118.475377,24.450031],[118.474202,24.449564],[118.474147,24.446353],[118.473778,24.444934],[118.472284,24.443055],[118.472831,24.442903],[118.472161,24.442283],[118.472672,24.441513],[118.472303,24.441225],[118.471506,24.441429],[118.471443,24.4418],[118.471095,24.44159],[118.470626,24.441142],[118.471225,24.441279],[118.471082,24.440518],[118.469744,24.440096],[118.470633,24.440221],[118.470615,24.439752],[118.470326,24.439985],[118.469491,24.43975],[118.468986,24.440325],[118.468205,24.440123],[118.468191,24.440387],[118.46871,24.440493],[118.468099,24.440501],[118.468341,24.441524],[118.467524,24.44194],[118.466192,24.44199],[118.464065,24.441354],[118.462649,24.440172],[118.462439,24.439574],[118.463185,24.438646],[118.462853,24.438038],[118.461544,24.438476],[118.461038,24.438146],[118.460497,24.43628],[118.462127,24.435412],[118.463462,24.435853],[118.463436,24.434356],[118.463819,24.433457],[118.465099,24.432231],[118.466521,24.431583],[118.466509,24.430907],[118.466076,24.430382],[118.463855,24.429677],[118.464168,24.429655],[118.464022,24.429139],[118.464547,24.429775],[118.465092,24.429496],[118.465286,24.428707],[118.464037,24.427597],[118.464072,24.427299],[118.463665,24.427348],[118.463056,24.426809],[118.462444,24.427233],[118.462339,24.426188],[118.461938,24.425971],[118.462258,24.425824],[118.461878,24.425156],[118.46056,24.42447],[118.460535,24.423675],[118.459877,24.424096],[118.459927,24.424577],[118.45858,24.42598],[118.457323,24.426015],[118.457029,24.425217],[118.457743,24.42405],[118.457051,24.422369],[118.456752,24.420392],[118.455379,24.419393],[118.456041,24.417788],[118.455398,24.41749],[118.455019,24.416341],[118.454728,24.417128],[118.45436,24.417204],[118.45282,24.416556],[118.453025,24.415378],[118.450257,24.41536],[118.449702,24.415949],[118.448702,24.415588],[118.448757,24.415375],[118.448364,24.415501],[118.44729,24.414538],[118.447714,24.414272],[118.447498,24.413934],[118.447105,24.413948],[118.447079,24.414366],[118.446408,24.414404],[118.445873,24.413859],[118.445816,24.413272],[118.446794,24.412397],[118.44612,24.412641],[118.445771,24.412123],[118.445012,24.412585],[118.444712,24.411551],[118.443848,24.411575],[118.443874,24.411254],[118.443101,24.410728],[118.442725,24.411245],[118.442364,24.410971],[118.441016,24.411225],[118.43754,24.41015],[118.436723,24.40906],[118.435776,24.408841],[118.43582,24.408079],[118.434997,24.407708],[118.432491,24.407476],[118.431657,24.408043],[118.430852,24.407739],[118.431526,24.407407],[118.430529,24.406809],[118.430446,24.407114],[118.429345,24.407289],[118.427621,24.406753],[118.427347,24.407025],[118.426201,24.40678],[118.426135,24.40705],[118.426787,24.407153],[118.426941,24.407658],[118.426982,24.407352],[118.427201,24.408182],[118.426246,24.409331],[118.427516,24.408362],[118.427782,24.408595],[118.430033,24.40857],[118.432306,24.409788],[118.430989,24.409521],[118.429092,24.410368],[118.430206,24.41224],[118.427951,24.411995],[118.425845,24.410742],[118.425596,24.410956],[118.427713,24.412178],[118.430322,24.412373],[118.430829,24.412663],[118.431667,24.415115],[118.433017,24.416473],[118.432547,24.418117],[118.431329,24.420097],[118.427465,24.423891],[118.425287,24.424875],[118.418184,24.427024],[118.415097,24.427508],[118.413693,24.427155],[118.412639,24.428528],[118.410511,24.428563],[118.409218,24.42757],[118.409133,24.427938],[118.410606,24.429197],[118.410402,24.429356],[118.410715,24.429805],[118.410124,24.430484],[118.410646,24.430589],[118.410981,24.431422],[118.409859,24.431802],[118.409016,24.42869],[118.40901,24.430373],[118.408534,24.431855],[118.407992,24.431992],[118.408215,24.432179],[118.40629,24.432531],[118.404399,24.433702],[118.403242,24.433576],[118.403209,24.43451],[118.402612,24.434981],[118.400253,24.435125],[118.400112,24.435458],[118.3993,24.435508],[118.397506,24.435221],[118.397164,24.434834],[118.396018,24.435119],[118.39504,24.43587],[118.392357,24.435233],[118.390986,24.435102],[118.390575,24.435398],[118.387967,24.434482],[118.387109,24.43498],[118.387158,24.435263],[118.386676,24.43526],[118.375008,24.432343],[118.374618,24.432478],[118.37033,24.430956],[118.357224,24.424998],[118.353908,24.423015],[118.352765,24.421388],[118.350953,24.421002],[118.350361,24.420551],[118.349763,24.419457],[118.348284,24.418374],[118.347719,24.414959],[118.34614,24.414112],[118.34604,24.412929],[118.345089,24.411566],[118.342408,24.409902],[118.341235,24.408756],[118.338709,24.404529],[118.337496,24.401816],[118.336464,24.397216],[118.334238,24.391087],[118.331257,24.389683],[118.330816,24.389325],[118.330601,24.388307],[118.33019,24.388419],[118.329244,24.387757],[118.3293,24.388216],[118.328759,24.388414],[118.327748,24.387572],[118.327933,24.38732],[118.327584,24.386971],[118.327238,24.387061],[118.327351,24.387361],[118.326887,24.387161],[118.326861,24.387654],[118.326109,24.387255],[118.326035,24.387899],[118.325008,24.388037],[118.323826,24.386855],[118.323312,24.3857],[118.322911,24.385794],[118.322922,24.3864],[118.322234,24.385575],[118.321629,24.385914],[118.321022,24.385633],[118.320879,24.385934],[118.320164,24.385771],[118.320037,24.386106],[118.31996,24.38576],[118.319826,24.386331],[118.319556,24.386315],[118.319808,24.386905],[118.319165,24.387641],[118.318236,24.388416],[118.316599,24.388112],[118.316073,24.389328],[118.315138,24.39004],[118.314633,24.389557],[118.314447,24.389979],[118.313819,24.38979],[118.313582,24.390192],[118.313239,24.390355],[118.313081,24.390068],[118.312668,24.390448],[118.310916,24.389788],[118.309224,24.390227],[118.309423,24.391126],[118.308808,24.390872],[118.30872,24.391872],[118.307556,24.392173],[118.307407,24.392941],[118.306356,24.393235],[118.306092,24.393846],[118.306293,24.394442],[118.305206,24.394706],[118.305528,24.395365],[118.304863,24.395807],[118.301459,24.396274],[118.297593,24.395843],[118.297006,24.395404],[118.296708,24.395867],[118.295935,24.395708],[118.296317,24.396435],[118.295721,24.396258],[118.296477,24.397354],[118.296135,24.398059],[118.29545,24.398403],[118.295609,24.399158],[118.293055,24.400626],[118.292846,24.401158],[118.290642,24.401987],[118.291276,24.40331],[118.290841,24.404146],[118.289688,24.405143],[118.286705,24.406443],[118.286214,24.407171],[118.28482,24.40765],[118.284384,24.40864],[118.281304,24.410441],[118.280605,24.410508],[118.280254,24.410913],[118.28067,24.411579],[118.280489,24.41197],[118.280287,24.41149],[118.277992,24.413048],[118.278379,24.413962],[118.278362,24.414428],[118.278116,24.414405],[118.278468,24.414833],[118.27889,24.415132],[118.279441,24.41477],[118.280859,24.415196],[118.280855,24.415936],[118.280395,24.416335],[118.280964,24.417028],[118.283176,24.417577],[118.288172,24.418063],[118.290918,24.418846],[118.292077,24.421438],[118.29845,24.429586],[118.302207,24.436247],[118.302961,24.438483],[118.302923,24.442493],[118.30219,24.446198],[118.299437,24.45126],[118.296448,24.453983],[118.295554,24.456],[118.295923,24.460559],[118.29535,24.462359],[118.291166,24.468175],[118.288464,24.46992],[118.288455,24.470671],[118.289104,24.470894],[118.286222,24.474825],[118.285994,24.477073],[118.286556,24.4789],[118.289701,24.485978],[118.292,24.488554],[118.29274,24.48992],[118.294542,24.491343],[118.296541,24.49187],[118.299783,24.493684],[118.302826,24.494728],[118.307487,24.495774],[118.310466,24.496016],[118.312872,24.495524],[118.318165,24.493157],[118.320392,24.491485],[118.324282,24.487713],[118.326989,24.48304],[118.331353,24.479044],[118.33629,24.47603],[118.338687,24.474983],[118.341409,24.474341],[118.34367,24.474648],[118.345524,24.474405],[118.3465,24.474101],[118.350439,24.471656],[118.356638,24.471015],[118.363123,24.471673],[118.364652,24.472642],[118.369694,24.477327],[118.37906,24.485043],[118.380166,24.487658],[118.380731,24.491247],[118.384808,24.492228],[118.385707,24.493592],[118.384715,24.499254],[118.383739,24.502695],[118.384043,24.508098],[118.384452,24.508768],[118.385792,24.509497],[118.388611,24.509893],[118.392037,24.511607],[118.393912,24.514187],[118.394319,24.516233],[118.396846,24.51955],[118.39947,24.520962],[118.400766,24.522223],[118.400277,24.524715],[118.399653,24.525448],[118.398279,24.525805],[118.396526,24.525733],[118.396592,24.52648],[118.397707,24.528106],[118.400051,24.528604],[118.402139,24.528075],[118.402634,24.527561],[118.40377,24.527231],[118.405605,24.52747],[118.406681,24.528348],[118.407666,24.530072],[118.40737,24.531452],[118.406228,24.531347],[118.405704,24.531765],[118.40593,24.532606],[118.407311,24.534228],[118.409271,24.533983],[118.41131,24.532144],[118.410858,24.530557],[118.41313,24.52967],[118.413176,24.529303],[118.414456,24.528309],[118.419189,24.530439],[118.421749,24.529632],[118.42413,24.527668],[118.425813,24.528345],[118.429325,24.527381],[118.428983,24.525985],[118.429529,24.525278]],[[118.24241,24.460197],[118.242048,24.460022],[118.242029,24.460319],[118.24242,24.460274],[118.24241,24.460197]],[[118.397186,24.521916],[118.396966,24.521889],[118.397054,24.522037],[118.397186,24.521916]],[[118.396621,24.523389],[118.397375,24.522734],[118.396935,24.522336],[118.396201,24.522921],[118.396621,24.523389]],[[118.439035,24.523895],[118.439342,24.523694],[118.439076,24.523445],[118.438089,24.523297],[118.435756,24.521968],[118.434713,24.522339],[118.434855,24.522836],[118.436591,24.524063],[118.438309,24.524689],[118.438919,24.52524],[118.439035,24.523895]],[[118.396796,24.524918],[118.397003,24.524484],[118.396668,24.524127],[118.39628,24.524605],[118.396796,24.524918]],[[119.466552,24.979478],[119.465989,24.97995],[119.465361,24.981403],[119.46564,24.982409],[119.467816,24.98439],[119.470814,24.986403],[119.472717,24.987222],[119.474055,24.985979],[119.475118,24.98575],[119.477497,24.986418],[119.478882,24.985881],[119.479213,24.984857],[119.47896,24.983946],[119.477566,24.980896],[119.476206,24.979378],[119.473629,24.977608],[119.472781,24.9776],[119.466552,24.979478]],[[119.443287,24.996683],[119.443447,24.998717],[119.444788,24.999614],[119.447512,24.998134],[119.450546,24.99735],[119.455801,24.994962],[119.458009,24.992354],[119.458365,24.987313],[119.457798,24.985993],[119.456879,24.985243],[119.45547,24.98554],[119.451201,24.987555],[119.447675,24.987497],[119.446682,24.988396],[119.44635,24.991549],[119.445448,24.99362],[119.443287,24.996683]],[[119.498673,23.23156],[119.497614,23.231776],[119.497097,23.232478],[119.497364,23.232802],[119.498237,23.232691],[119.498385,23.231961],[119.49894,23.23184],[119.498673,23.23156]],[[119.519741,23.234233],[119.520094,23.234737],[119.519732,23.234768],[119.519722,23.235174],[119.52099,23.234497],[119.52066,23.233733],[119.519986,23.233726],[119.519741,23.234233]],[[119.546267,23.23529],[119.546651,23.235972],[119.546992,23.2358],[119.547729,23.236312],[119.548848,23.235926],[119.548161,23.235033],[119.547001,23.234824],[119.546267,23.23529]],[[119.550937,23.242378],[119.551236,23.242147],[119.550831,23.241873],[119.550636,23.241923],[119.550937,23.242378]],[[119.550085,23.243379],[119.550636,23.243325],[119.55044,23.242364],[119.549238,23.242533],[119.549591,23.243155],[119.550098,23.242954],[119.550085,23.243379]],[[119.519572,23.250136],[119.519958,23.250599],[119.520189,23.250176],[119.519572,23.250136]],[[119.519317,23.250692],[119.519016,23.250377],[119.518717,23.250622],[119.51905,23.251011],[119.519317,23.250692]],[[119.515166,23.2518],[119.51502,23.252167],[119.515635,23.252341],[119.516422,23.251999],[119.515171,23.251189],[119.514144,23.25161],[119.514166,23.252063],[119.515166,23.2518]],[[119.513841,23.252699],[119.514185,23.252894],[119.514253,23.252582],[119.513841,23.252699]],[[119.517812,23.25369],[119.518063,23.253884],[119.519666,23.253788],[119.519745,23.25298],[119.518807,23.252339],[119.517977,23.252988],[119.517812,23.25369]],[[119.502521,23.258828],[119.503012,23.258005],[119.502616,23.257711],[119.502008,23.257803],[119.501684,23.258447],[119.502521,23.258828]],[[119.516535,23.257074],[119.516455,23.25481],[119.515969,23.25473],[119.515398,23.255335],[119.513954,23.255886],[119.511678,23.255214],[119.511433,23.25554],[119.509908,23.255915],[119.509201,23.256716],[119.509418,23.256887],[119.509996,23.256177],[119.510398,23.256257],[119.510341,23.255846],[119.511372,23.255745],[119.511091,23.256534],[119.511566,23.25644],[119.512049,23.256831],[119.511197,23.257024],[119.510571,23.256466],[119.510037,23.257159],[119.512817,23.257479],[119.514312,23.260224],[119.514521,23.261406],[119.514075,23.262315],[119.518577,23.265274],[119.519543,23.265232],[119.51977,23.264626],[119.521277,23.264249],[119.521804,23.264466],[119.52208,23.262079],[119.521287,23.261174],[119.519571,23.260769],[119.518907,23.26008],[119.519069,23.259215],[119.518515,23.259366],[119.518005,23.258738],[119.51794,23.257932],[119.516535,23.257074]],[[119.509925,23.266415],[119.50963,23.266456],[119.510021,23.267257],[119.507285,23.267539],[119.504658,23.2685],[119.503334,23.270705],[119.503517,23.272102],[119.502782,23.272186],[119.50276,23.272709],[119.505916,23.272557],[119.505984,23.273169],[119.506426,23.273309],[119.506778,23.273243],[119.506503,23.272738],[119.508943,23.272608],[119.508753,23.273074],[119.509326,23.272781],[119.509864,23.273224],[119.509732,23.272565],[119.511013,23.270737],[119.511123,23.269334],[119.510827,23.26869],[119.511165,23.266747],[119.510307,23.267192],[119.509925,23.266415]],[[119.510816,23.272223],[119.51193,23.27251],[119.512607,23.272133],[119.511096,23.272062],[119.510816,23.272223]],[[119.50777,23.272842],[119.508007,23.273223],[119.508646,23.272936],[119.508471,23.272723],[119.50777,23.272842]],[[119.501759,23.275706],[119.501769,23.276404],[119.502487,23.276329],[119.502856,23.276628],[119.503897,23.276492],[119.504076,23.276209],[119.503826,23.276088],[119.504217,23.275899],[119.504015,23.275692],[119.503079,23.276151],[119.502215,23.276134],[119.502488,23.275708],[119.501403,23.275538],[119.501759,23.275706]],[[119.501217,23.276381],[119.501203,23.276697],[119.501805,23.276539],[119.501217,23.276381]],[[119.500352,23.2871],[119.500643,23.286677],[119.500268,23.286651],[119.500053,23.28699],[119.500352,23.2871]],[[119.500565,23.290118],[119.501549,23.290153],[119.501184,23.290493],[119.501434,23.290769],[119.5026,23.290488],[119.502524,23.290091],[119.502896,23.289902],[119.501799,23.289687],[119.502442,23.289062],[119.501745,23.289407],[119.50093,23.28903],[119.50113,23.289247],[119.500726,23.289437],[119.500565,23.290118]],[[119.501016,23.290577],[119.500431,23.290788],[119.500608,23.291273],[119.500742,23.29083],[119.501016,23.290577]],[[119.543333,23.349016],[119.543477,23.349056],[119.543538,23.348921],[119.543333,23.349016]],[[119.538518,23.349884],[119.539294,23.350495],[119.539965,23.35029],[119.538828,23.349179],[119.537582,23.349359],[119.537961,23.349981],[119.538518,23.349884]],[[119.541438,23.351271],[119.541592,23.351009],[119.541229,23.350757],[119.541438,23.351271]],[[119.519739,23.351336],[119.51986,23.351548],[119.519969,23.351446],[119.519739,23.351336]],[[119.519948,23.351988],[119.520014,23.351836],[119.519619,23.351846],[119.519948,23.351988]],[[119.527239,23.355498],[119.52763,23.355414],[119.527506,23.35517],[119.527239,23.355498]],[[119.518082,23.356678],[119.518111,23.356592],[119.517838,23.356315],[119.517465,23.356569],[119.518082,23.356678]],[[119.536455,23.363339],[119.537663,23.362664],[119.537549,23.361947],[119.538041,23.362212],[119.538434,23.361617],[119.537819,23.361887],[119.538157,23.361001],[119.537765,23.360041],[119.53696,23.359994],[119.536954,23.360299],[119.536516,23.360244],[119.535574,23.361276],[119.53633,23.362405],[119.536455,23.363339]],[[119.542022,23.36735],[119.542447,23.367569],[119.542598,23.367289],[119.542173,23.367046],[119.542584,23.367095],[119.542603,23.366799],[119.543273,23.366973],[119.543092,23.366499],[119.542724,23.366489],[119.543506,23.366338],[119.543844,23.364973],[119.541482,23.365094],[119.540247,23.366247],[119.539438,23.36618],[119.537508,23.365241],[119.534502,23.366156],[119.533253,23.366969],[119.532474,23.366908],[119.531546,23.365816],[119.530106,23.365532],[119.529107,23.364633],[119.528031,23.364553],[119.527092,23.363678],[119.527103,23.362707],[119.526479,23.363043],[119.525928,23.362808],[119.525706,23.361461],[119.526605,23.360347],[119.526648,23.359675],[119.526193,23.359331],[119.526335,23.358703],[119.525257,23.357266],[119.524179,23.357242],[119.523917,23.357559],[119.524716,23.359406],[119.524504,23.360156],[119.523884,23.360609],[119.521303,23.361207],[119.521207,23.360591],[119.520536,23.359873],[119.520596,23.361063],[119.520217,23.361233],[119.519591,23.362385],[119.520518,23.36125],[119.521335,23.36225],[119.520776,23.362965],[119.520318,23.362669],[119.520687,23.363042],[119.519906,23.363483],[119.519637,23.363213],[119.519781,23.362644],[119.518577,23.36409],[119.519589,23.366825],[119.520966,23.367091],[119.522738,23.36595],[119.523366,23.365882],[119.525283,23.36661],[119.526356,23.36764],[119.525434,23.369716],[119.52578,23.369852],[119.525619,23.369636],[119.526491,23.367892],[119.527197,23.368206],[119.52655,23.369448],[119.527291,23.368262],[119.527653,23.368706],[119.527232,23.369761],[119.52693,23.369692],[119.527236,23.369899],[119.526811,23.371],[119.525388,23.36998],[119.52677,23.371303],[119.527107,23.372378],[119.528155,23.372871],[119.527964,23.372427],[119.528519,23.37262],[119.529274,23.371633],[119.530128,23.37193],[119.530549,23.371728],[119.531076,23.372751],[119.530768,23.373714],[119.531268,23.373834],[119.531775,23.372936],[119.533005,23.372401],[119.533365,23.372594],[119.533425,23.373194],[119.534284,23.373],[119.536011,23.373662],[119.536356,23.374209],[119.535904,23.374917],[119.536147,23.375488],[119.536441,23.375234],[119.536738,23.375754],[119.537659,23.37413],[119.53872,23.373849],[119.539431,23.373226],[119.54024,23.373171],[119.540051,23.372533],[119.540828,23.372722],[119.541392,23.370691],[119.541999,23.369948],[119.542083,23.368693],[119.541476,23.367557],[119.542022,23.36735]],[[119.531337,23.374021],[119.531243,23.374346],[119.531729,23.374394],[119.531535,23.374011],[119.531337,23.374021]],[[119.52317,23.375568],[119.52367,23.375209],[119.523634,23.374862],[119.524117,23.374851],[119.524338,23.374358],[119.524465,23.374866],[119.525085,23.374586],[119.525665,23.375031],[119.526134,23.373935],[119.527048,23.373345],[119.524544,23.37336],[119.523043,23.37443],[119.52317,23.375568]],[[119.498115,23.39205],[119.497535,23.390583],[119.499079,23.389819],[119.500161,23.389649],[119.500331,23.389928],[119.500954,23.390057],[119.501382,23.389782],[119.501269,23.389501],[119.501001,23.38996],[119.500415,23.389774],[119.500968,23.389228],[119.501985,23.38937],[119.502197,23.389823],[119.501552,23.389757],[119.501545,23.389987],[119.50233,23.389861],[119.502635,23.390361],[119.502203,23.391631],[119.503177,23.391727],[119.503323,23.392142],[119.503765,23.391601],[119.504219,23.391737],[119.504097,23.392984],[119.504442,23.393294],[119.503978,23.393858],[119.504663,23.394239],[119.50408,23.394451],[119.504792,23.394873],[119.505345,23.394847],[119.50561,23.394169],[119.506,23.394339],[119.506248,23.394063],[119.506024,23.393479],[119.505516,23.393372],[119.505622,23.392755],[119.506646,23.392815],[119.507024,23.392234],[119.506503,23.392152],[119.506991,23.391769],[119.507513,23.392248],[119.507541,23.391275],[119.508055,23.3907],[119.507211,23.387924],[119.507345,23.38646],[119.507675,23.386367],[119.507297,23.385646],[119.507726,23.385224],[119.507004,23.38475],[119.507135,23.38365],[119.506786,23.383385],[119.507225,23.382262],[119.508234,23.382631],[119.508625,23.381758],[119.508479,23.380578],[119.509043,23.378847],[119.508366,23.376788],[119.509426,23.375943],[119.511235,23.376131],[119.511598,23.375721],[119.512467,23.377023],[119.513037,23.377191],[119.513407,23.376887],[119.512686,23.376424],[119.5119,23.374738],[119.511398,23.374433],[119.510466,23.374628],[119.509785,23.373212],[119.508845,23.372942],[119.508257,23.372],[119.508627,23.371175],[119.510102,23.370369],[119.510335,23.370881],[119.511101,23.371271],[119.512092,23.370859],[119.512578,23.370991],[119.512747,23.370699],[119.513976,23.371034],[119.514152,23.371313],[119.513446,23.372132],[119.513923,23.372876],[119.514343,23.372755],[119.514603,23.37495],[119.515608,23.374703],[119.515674,23.373922],[119.516396,23.373893],[119.516623,23.373497],[119.516565,23.372438],[119.515426,23.3719],[119.514723,23.37058],[119.514992,23.370089],[119.515833,23.370398],[119.515714,23.368849],[119.516306,23.367843],[119.514081,23.367216],[119.513911,23.366684],[119.512709,23.36664],[119.511689,23.365553],[119.510988,23.365867],[119.510767,23.366342],[119.509737,23.366284],[119.507654,23.364659],[119.508025,23.363553],[119.509139,23.363277],[119.509166,23.361811],[119.509517,23.361492],[119.508842,23.361808],[119.508908,23.363115],[119.508018,23.363023],[119.508017,23.362007],[119.508492,23.362042],[119.508014,23.361856],[119.508349,23.360611],[119.509428,23.36089],[119.508289,23.360284],[119.508331,23.358482],[119.509664,23.356286],[119.513807,23.353572],[119.513109,23.352475],[119.512188,23.352826],[119.511697,23.353462],[119.50827,23.354028],[119.507431,23.353932],[119.507228,23.353377],[119.506541,23.353539],[119.506119,23.353035],[119.50621,23.354313],[119.505571,23.354999],[119.502992,23.355729],[119.501751,23.355467],[119.499317,23.354231],[119.49693,23.354649],[119.494424,23.354003],[119.492266,23.353915],[119.490731,23.353037],[119.489834,23.354234],[119.487851,23.354685],[119.487291,23.35563],[119.486295,23.355994],[119.487859,23.357818],[119.490103,23.359588],[119.488809,23.36019],[119.48998,23.360557],[119.489993,23.361392],[119.491391,23.361988],[119.492179,23.363293],[119.49465,23.365545],[119.493297,23.370484],[119.494674,23.371782],[119.494862,23.3727],[119.493798,23.37276],[119.494751,23.372832],[119.494222,23.373872],[119.493408,23.373418],[119.493415,23.372195],[119.493268,23.373462],[119.493855,23.373798],[119.493543,23.375005],[119.492016,23.375405],[119.493767,23.37711],[119.493839,23.377988],[119.493634,23.378341],[119.49184,23.378988],[119.49167,23.379508],[119.492105,23.381023],[119.492815,23.381651],[119.492014,23.381965],[119.492788,23.38234],[119.493626,23.384039],[119.493977,23.383812],[119.494262,23.384353],[119.495218,23.384689],[119.495958,23.387461],[119.495519,23.388013],[119.495102,23.388143],[119.494955,23.387888],[119.495367,23.387591],[119.493429,23.38883],[119.49309,23.389529],[119.493346,23.390422],[119.492965,23.39201],[119.492159,23.393002],[119.490626,23.393571],[119.49009,23.39439],[119.48943,23.394692],[119.490481,23.3954],[119.49024,23.395764],[119.490973,23.396994],[119.491698,23.397186],[119.492292,23.396649],[119.492397,23.397322],[119.495009,23.396973],[119.494749,23.396605],[119.495138,23.396412],[119.494932,23.395799],[119.495235,23.394635],[119.496181,23.394402],[119.496663,23.394845],[119.49681,23.39433],[119.497281,23.394107],[119.498115,23.39205]],[[119.526462,23.378598],[119.52638,23.379411],[119.527369,23.378856],[119.527836,23.378945],[119.527929,23.379439],[119.52813,23.378944],[119.527832,23.378507],[119.528272,23.377767],[119.529276,23.378015],[119.529872,23.376834],[119.529627,23.376499],[119.528831,23.376228],[119.528143,23.377477],[119.526462,23.378598]],[[119.487414,23.378882],[119.488049,23.378713],[119.488251,23.378288],[119.487564,23.378638],[119.487672,23.378258],[119.487381,23.378106],[119.487414,23.378882]],[[119.51338,23.383368],[119.513962,23.383883],[119.512976,23.383778],[119.512866,23.384765],[119.513497,23.385104],[119.514391,23.384686],[119.514474,23.384071],[119.514063,23.383698],[119.514667,23.383445],[119.515375,23.382122],[119.515223,23.381617],[119.514339,23.380661],[119.512734,23.381014],[119.512106,23.382147],[119.512701,23.382957],[119.513203,23.382669],[119.51338,23.383368]],[[119.512613,23.396178],[119.513146,23.395916],[119.514018,23.396101],[119.514073,23.395897],[119.513809,23.395388],[119.512342,23.395513],[119.512613,23.396178]],[[119.517265,23.485451],[119.515034,23.484666],[119.514303,23.483555],[119.511728,23.482995],[119.509716,23.483988],[119.50903,23.485058],[119.508936,23.486359],[119.509805,23.48848],[119.509503,23.490524],[119.510373,23.491463],[119.511861,23.491406],[119.512747,23.49092],[119.512631,23.490037],[119.513609,23.48835],[119.51447,23.488257],[119.514464,23.487593],[119.51432,23.488081],[119.513675,23.488011],[119.514138,23.487005],[119.515446,23.486491],[119.516645,23.487965],[119.516002,23.486934],[119.517133,23.486517],[119.517691,23.487269],[119.516462,23.488368],[119.515943,23.488263],[119.516583,23.488559],[119.517647,23.487678],[119.51814,23.487775],[119.520622,23.489988],[119.520943,23.490694],[119.520492,23.491671],[119.520718,23.492216],[119.521899,23.492682],[119.521804,23.492445],[119.522904,23.492414],[119.524034,23.492932],[119.525603,23.492739],[119.526756,23.493397],[119.527839,23.494861],[119.529312,23.495842],[119.532786,23.496302],[119.534846,23.495895],[119.536182,23.496557],[119.536865,23.497769],[119.537593,23.498074],[119.543496,23.494965],[119.543836,23.494282],[119.54366,23.493738],[119.541366,23.493101],[119.539341,23.492972],[119.536871,23.491945],[119.528569,23.486596],[119.524664,23.486584],[119.519971,23.485383],[119.518619,23.485667],[119.517265,23.485451]],[[119.514655,23.510651],[119.515946,23.512572],[119.516272,23.514282],[119.516052,23.514648],[119.517096,23.514729],[119.517633,23.513675],[119.519108,23.513185],[119.518538,23.513046],[119.518013,23.51333],[119.517585,23.512659],[119.518631,23.512166],[119.51969,23.512221],[119.520474,23.512941],[119.520862,23.513982],[119.520425,23.51414],[119.52007,23.513667],[119.519226,23.513663],[119.520533,23.514241],[119.520811,23.514676],[119.520349,23.514564],[119.520052,23.514951],[119.52025,23.515258],[119.521561,23.514845],[119.521805,23.514338],[119.522044,23.510278],[119.52182,23.509692],[119.519604,23.508751],[119.516601,23.508888],[119.515034,23.509189],[119.514835,23.509596],[119.514462,23.509401],[119.514655,23.510651]],[[119.533362,23.53914],[119.532549,23.538712],[119.531528,23.539679],[119.531533,23.540853],[119.530097,23.541325],[119.532859,23.541961],[119.53358,23.541191],[119.53319,23.540461],[119.533362,23.53914]],[[119.54296,23.555347],[119.542832,23.554896],[119.543303,23.554177],[119.543211,23.553407],[119.541995,23.552797],[119.541375,23.552955],[119.541366,23.55384],[119.541694,23.553834],[119.541847,23.554333],[119.541289,23.554664],[119.541385,23.554969],[119.542546,23.554911],[119.54296,23.555347]],[[119.541392,23.554104],[119.541243,23.554238],[119.541515,23.554287],[119.541392,23.554104]],[[119.540171,23.580209],[119.540234,23.5805],[119.540551,23.580506],[119.540236,23.580198],[119.540171,23.580209]],[[119.480654,23.593747],[119.4812,23.594477],[119.481962,23.594458],[119.481071,23.593436],[119.480654,23.593747]],[[119.529308,23.623834],[119.529625,23.624521],[119.530398,23.624408],[119.531228,23.623202],[119.529636,23.622979],[119.529714,23.623451],[119.529308,23.623834]],[[119.547004,23.640003],[119.546999,23.638743],[119.546626,23.638963],[119.5467,23.640063],[119.547004,23.640003]],[[119.539061,23.640961],[119.539355,23.640628],[119.53899,23.640404],[119.538836,23.640795],[119.539061,23.640961]],[[119.529512,23.641919],[119.529324,23.641427],[119.529079,23.641905],[119.529286,23.642129],[119.529512,23.641919]],[[119.538634,23.642425],[119.539354,23.641926],[119.539205,23.641502],[119.538223,23.641835],[119.538634,23.642425]],[[119.538545,23.643617],[119.537918,23.643692],[119.538999,23.643796],[119.538722,23.643186],[119.538545,23.643617]],[[119.531985,23.644994],[119.531781,23.64448],[119.532374,23.644356],[119.531933,23.643652],[119.530863,23.643831],[119.531259,23.644933],[119.531985,23.644994]],[[119.544028,23.64629],[119.543623,23.645514],[119.543264,23.646335],[119.543503,23.647179],[119.544028,23.64629]],[[119.524495,23.647748],[119.52505,23.647278],[119.524689,23.646918],[119.52474,23.646373],[119.524356,23.646861],[119.524024,23.646616],[119.524495,23.647748]],[[119.543542,23.648106],[119.544207,23.648018],[119.544086,23.647588],[119.543636,23.647666],[119.543542,23.648106]],[[119.523746,23.649272],[119.5237,23.648942],[119.523207,23.648758],[119.522916,23.649144],[119.523746,23.649272]],[[119.545321,23.649156],[119.545372,23.648937],[119.545028,23.648913],[119.545321,23.649156]],[[119.544546,23.649721],[119.544682,23.650111],[119.544957,23.649396],[119.544489,23.648572],[119.544222,23.648616],[119.544382,23.649137],[119.543827,23.649506],[119.544546,23.649721]],[[119.524436,23.649587],[119.523762,23.64959],[119.524079,23.650124],[119.524645,23.650069],[119.524436,23.649587]],[[119.545609,23.650428],[119.545529,23.649807],[119.544972,23.649859],[119.545329,23.650501],[119.545609,23.650428]],[[119.52841,23.651389],[119.528487,23.651332],[119.528308,23.651209],[119.52841,23.651389]],[[119.526785,23.651995],[119.526806,23.652083],[119.527079,23.651975],[119.526785,23.651995]],[[119.547401,23.652261],[119.547519,23.652272],[119.547389,23.652153],[119.547401,23.652261]],[[119.526394,23.652372],[119.526039,23.652072],[119.525789,23.652388],[119.526263,23.6525],[119.526394,23.652372]],[[119.549404,23.653121],[119.54939,23.653236],[119.549724,23.653122],[119.549404,23.653121]],[[119.527765,23.653247],[119.527757,23.653335],[119.527921,23.653312],[119.527765,23.653247]],[[119.526248,23.65326],[119.526287,23.653439],[119.526347,23.653373],[119.526248,23.65326]],[[119.525807,23.653581],[119.526141,23.653611],[119.525914,23.653321],[119.525752,23.653374],[119.525807,23.653581]],[[119.548826,23.653536],[119.54895,23.653595],[119.549273,23.653352],[119.548826,23.653536]],[[119.527537,23.65371],[119.527549,23.653655],[119.527296,23.653309],[119.527172,23.653546],[119.527537,23.65371]],[[119.526494,23.653582],[119.526542,23.653548],[119.526461,23.653527],[119.526494,23.653582]],[[119.527203,23.653824],[119.527245,23.653799],[119.527176,23.653744],[119.527203,23.653824]],[[119.548078,23.654444],[119.548866,23.653785],[119.548505,23.653386],[119.547743,23.653319],[119.547491,23.653898],[119.548078,23.654444]],[[119.527048,23.653932],[119.527099,23.653849],[119.527015,23.653833],[119.527048,23.653932]],[[119.527348,23.654066],[119.527425,23.654005],[119.527323,23.653961],[119.527348,23.654066]],[[119.526786,23.654013],[119.526881,23.654067],[119.526875,23.653987],[119.526786,23.654013]],[[119.548971,23.653999],[119.549307,23.654101],[119.549332,23.654006],[119.548971,23.653999]],[[119.525501,23.654454],[119.525614,23.654238],[119.525455,23.653781],[119.525219,23.653987],[119.525501,23.654454]],[[119.52552,23.655748],[119.52489,23.656082],[119.524692,23.657112],[119.52491,23.657416],[119.526268,23.656853],[119.526636,23.65718],[119.527268,23.656995],[119.527424,23.656517],[119.526753,23.655266],[119.526873,23.654826],[119.526243,23.654622],[119.525856,23.655016],[119.526283,23.656053],[119.525457,23.656351],[119.52552,23.655748]],[[119.549134,23.662978],[119.548288,23.663764],[119.548969,23.663618],[119.549134,23.662978]],[[119.551084,23.243865],[119.551219,23.244169],[119.551396,23.243932],[119.551084,23.243865]],[[119.555431,23.348775],[119.55575,23.348011],[119.554972,23.347989],[119.554936,23.348495],[119.555431,23.348775]],[[119.552618,23.364263],[119.553289,23.363782],[119.553105,23.363482],[119.552209,23.363819],[119.55238,23.365252],[119.552874,23.364688],[119.552618,23.364263]],[[119.553399,23.366687],[119.551982,23.365658],[119.552573,23.366737],[119.553399,23.366687]],[[119.596521,23.586051],[119.596168,23.586431],[119.597075,23.587008],[119.598157,23.587049],[119.598261,23.586685],[119.597281,23.586513],[119.597093,23.586055],[119.596521,23.586051]],[[119.59788,23.674493],[119.599873,23.673763],[119.599642,23.671816],[119.600021,23.671173],[119.601553,23.669874],[119.604825,23.668782],[119.605487,23.668254],[119.605052,23.667621],[119.605224,23.668191],[119.603584,23.668902],[119.603317,23.667957],[119.605102,23.667201],[119.604964,23.666605],[119.604365,23.667378],[119.603263,23.667691],[119.602995,23.66683],[119.603879,23.666603],[119.6042,23.666933],[119.603817,23.665842],[119.603765,23.666262],[119.602889,23.666498],[119.602507,23.665441],[119.603186,23.665197],[119.602914,23.664476],[119.603622,23.664353],[119.603739,23.664858],[119.604151,23.664771],[119.604576,23.666365],[119.604068,23.664035],[119.607016,23.662893],[119.608433,23.662815],[119.609529,23.663725],[119.609836,23.663586],[119.608094,23.66218],[119.60766,23.660951],[119.6066,23.660452],[119.606385,23.659473],[119.607308,23.657093],[119.609437,23.654653],[119.612273,23.652775],[119.61361,23.652914],[119.612362,23.652644],[119.611704,23.651764],[119.611982,23.650072],[119.610219,23.648101],[119.611086,23.647398],[119.609581,23.648323],[119.609655,23.648767],[119.609131,23.648846],[119.609665,23.648848],[119.609729,23.649234],[119.608986,23.649366],[119.608658,23.648541],[119.609643,23.647797],[119.608338,23.648486],[119.608473,23.64891],[119.603748,23.64949],[119.602324,23.648909],[119.602463,23.648394],[119.602007,23.647953],[119.600755,23.648059],[119.602414,23.647238],[119.600887,23.64768],[119.601096,23.64746],[119.60083,23.647411],[119.600578,23.645426],[119.600197,23.645201],[119.601882,23.643402],[119.601715,23.642773],[119.602439,23.641737],[119.602092,23.64156],[119.602254,23.641776],[119.601745,23.642532],[119.600173,23.641727],[119.597618,23.641222],[119.597398,23.639611],[119.599236,23.636306],[119.600853,23.635174],[119.602742,23.637415],[119.601729,23.637996],[119.603026,23.637402],[119.600762,23.634795],[119.602521,23.633646],[119.603366,23.633482],[119.604672,23.634089],[119.60476,23.634867],[119.60561,23.635103],[119.605984,23.635914],[119.606866,23.636613],[119.607327,23.636636],[119.609002,23.63521],[119.609922,23.635445],[119.610065,23.635835],[119.610352,23.635692],[119.610145,23.633555],[119.609539,23.63265],[119.607644,23.632246],[119.606335,23.632425],[119.605494,23.632009],[119.60525,23.631423],[119.604177,23.631648],[119.604613,23.631093],[119.604372,23.630586],[119.603636,23.630799],[119.603912,23.629687],[119.6033,23.629554],[119.603246,23.629081],[119.602336,23.629107],[119.602337,23.62852],[119.604713,23.62512],[119.606031,23.62081],[119.606859,23.621335],[119.60685,23.622154],[119.607171,23.622356],[119.609582,23.620827],[119.612007,23.620184],[119.613143,23.620346],[119.613484,23.620067],[119.613557,23.61855],[119.613279,23.618036],[119.613769,23.616513],[119.613315,23.61605],[119.61374,23.614036],[119.612841,23.613548],[119.612705,23.612591],[119.611506,23.612027],[119.609878,23.610568],[119.612509,23.606799],[119.613216,23.601988],[119.614377,23.602361],[119.614659,23.602949],[119.613777,23.603822],[119.614295,23.60377],[119.614122,23.603565],[119.614771,23.603084],[119.614723,23.60356],[119.614117,23.604068],[119.613597,23.603949],[119.613633,23.604206],[119.614181,23.604188],[119.614835,23.60368],[119.617101,23.603693],[119.615644,23.603573],[119.615992,23.601343],[119.616823,23.601031],[119.620878,23.602145],[119.621745,23.603126],[119.620955,23.604935],[119.62028,23.604753],[119.620029,23.605506],[119.619649,23.605536],[119.619677,23.605907],[119.619805,23.605662],[119.620479,23.605732],[119.620344,23.606629],[119.61973,23.606705],[119.619478,23.606063],[119.619504,23.606878],[119.62057,23.606736],[119.622921,23.607234],[119.625292,23.608986],[119.626575,23.608292],[119.625235,23.608801],[119.624896,23.608461],[119.625745,23.607918],[119.624815,23.608263],[119.624257,23.607762],[119.625081,23.60721],[119.62543,23.607601],[119.625195,23.60718],[119.62615,23.60691],[119.626482,23.607272],[119.626279,23.606894],[119.626969,23.606722],[119.627319,23.607601],[119.626354,23.608142],[119.627596,23.607706],[119.627374,23.607266],[119.628866,23.606732],[119.630942,23.607405],[119.630292,23.605494],[119.632085,23.604351],[119.631431,23.604351],[119.630832,23.604907],[119.630421,23.604412],[119.630871,23.603918],[119.630253,23.604349],[119.629435,23.603472],[119.630192,23.604417],[119.629982,23.604554],[119.628856,23.603657],[119.630306,23.60294],[119.631309,23.604094],[119.63154,23.604003],[119.63034,23.602776],[119.627952,23.603964],[119.62686,23.602288],[119.626821,23.601699],[119.627361,23.601122],[119.627111,23.600947],[119.626722,23.601587],[119.625832,23.601446],[119.625744,23.600747],[119.625115,23.600426],[119.626706,23.598445],[119.627237,23.598269],[119.626913,23.597825],[119.627565,23.597069],[119.627892,23.595688],[119.627685,23.595233],[119.625325,23.593827],[119.62463,23.592724],[119.624867,23.591601],[119.624517,23.590889],[119.624968,23.590208],[119.624962,23.589122],[119.62394,23.587088],[119.625861,23.584764],[119.626421,23.584551],[119.626628,23.583966],[119.627347,23.583834],[119.627232,23.583345],[119.627196,23.583722],[119.626499,23.583872],[119.626206,23.583408],[119.626881,23.58294],[119.626425,23.58315],[119.626171,23.582656],[119.625677,23.582554],[119.624794,23.580754],[119.624266,23.580379],[119.628822,23.580264],[119.629651,23.581988],[119.631806,23.583112],[119.631587,23.584519],[119.632168,23.585111],[119.632244,23.586212],[119.632914,23.587333],[119.632734,23.588382],[119.63397,23.589194],[119.634358,23.590831],[119.633614,23.592825],[119.632334,23.592785],[119.631973,23.593401],[119.632397,23.592941],[119.633313,23.592991],[119.633249,23.593486],[119.632632,23.593533],[119.633202,23.593606],[119.633149,23.593974],[119.632479,23.593943],[119.632331,23.593645],[119.632332,23.593914],[119.631691,23.593937],[119.633094,23.594559],[119.632984,23.595433],[119.634193,23.596421],[119.636982,23.597351],[119.637378,23.598988],[119.639456,23.599244],[119.640083,23.598571],[119.641389,23.598647],[119.641085,23.598224],[119.640809,23.598466],[119.639996,23.598255],[119.640145,23.59765],[119.641388,23.59648],[119.640154,23.593891],[119.638364,23.592512],[119.637714,23.591553],[119.63789,23.590853],[119.641362,23.588836],[119.639629,23.588191],[119.639615,23.587396],[119.640542,23.586593],[119.641009,23.587844],[119.64223,23.587462],[119.642914,23.5882],[119.643667,23.587689],[119.643734,23.588104],[119.643308,23.588311],[119.643907,23.588428],[119.643845,23.588864],[119.644012,23.588579],[119.64462,23.589166],[119.644094,23.589412],[119.643953,23.589101],[119.644002,23.589484],[119.641854,23.590349],[119.642789,23.593322],[119.643499,23.594832],[119.644606,23.594683],[119.645682,23.594762],[119.647877,23.593859],[119.64844,23.593911],[119.645876,23.594804],[119.6436,23.595102],[119.644114,23.596114],[119.646874,23.596782],[119.646502,23.597036],[119.646505,23.599928],[119.64671,23.60102],[119.647408,23.601671],[119.646878,23.601929],[119.647563,23.601854],[119.648137,23.60263],[119.647248,23.602988],[119.646459,23.602648],[119.647278,23.603254],[119.648203,23.602828],[119.648707,23.602971],[119.650083,23.6038],[119.65028,23.60519],[119.650777,23.60596],[119.650825,23.607585],[119.650233,23.608014],[119.649264,23.606779],[119.647569,23.606535],[119.647606,23.606091],[119.646554,23.606772],[119.649804,23.608364],[119.650129,23.609509],[119.651082,23.60985],[119.654349,23.608643],[119.654836,23.608875],[119.654719,23.608553],[119.655807,23.607984],[119.657181,23.606463],[119.6573,23.606138],[119.656847,23.605616],[119.657428,23.603855],[119.65719,23.602888],[119.656578,23.602245],[119.655147,23.601562],[119.655097,23.600468],[119.654721,23.600866],[119.654415,23.600475],[119.655332,23.598537],[119.65574,23.598566],[119.655332,23.600051],[119.655654,23.598982],[119.656466,23.598324],[119.657401,23.598146],[119.660826,23.596059],[119.662374,23.596369],[119.662768,23.594776],[119.664577,23.595082],[119.665967,23.59578],[119.666126,23.595481],[119.664857,23.594785],[119.662434,23.594384],[119.662006,23.595759],[119.661156,23.595647],[119.6611,23.594799],[119.660989,23.595429],[119.660139,23.595338],[119.660322,23.594621],[119.660716,23.594667],[119.660797,23.594391],[119.662113,23.594395],[119.659655,23.593757],[119.660209,23.591613],[119.663792,23.59055],[119.668006,23.591232],[119.669394,23.593506],[119.669162,23.594893],[119.666741,23.595136],[119.66671,23.595445],[119.668091,23.595166],[119.668436,23.595668],[119.666898,23.595598],[119.666835,23.595812],[119.667423,23.595948],[119.667521,23.596247],[119.66717,23.596398],[119.667679,23.596504],[119.667722,23.595969],[119.669177,23.5958],[119.669873,23.596574],[119.66944,23.596975],[119.668498,23.596792],[119.669531,23.597194],[119.669241,23.597827],[119.668377,23.598043],[119.667979,23.596778],[119.667737,23.596867],[119.668047,23.598268],[119.669228,23.599206],[119.668799,23.600163],[119.668147,23.600678],[119.668942,23.600975],[119.669285,23.601716],[119.67216,23.60107],[119.67157,23.599045],[119.672066,23.597907],[119.673707,23.595458],[119.675909,23.593785],[119.676472,23.592265],[119.680405,23.585428],[119.681785,23.584126],[119.682648,23.583915],[119.681196,23.582097],[119.68116,23.57993],[119.682602,23.576407],[119.68212,23.576827],[119.681722,23.578201],[119.680832,23.578279],[119.680649,23.577759],[119.681618,23.577529],[119.680633,23.577621],[119.680733,23.576709],[119.681665,23.576948],[119.681042,23.576434],[119.682019,23.576588],[119.681001,23.576227],[119.680962,23.575261],[119.680259,23.575155],[119.679984,23.57466],[119.680636,23.572948],[119.682091,23.571829],[119.681995,23.571073],[119.682443,23.570207],[119.683071,23.570053],[119.68267,23.569522],[119.683114,23.565637],[119.687022,23.562042],[119.689409,23.56137],[119.690288,23.561601],[119.692126,23.560563],[119.692649,23.560619],[119.692607,23.56099],[119.693348,23.560472],[119.694345,23.56035],[119.694487,23.559952],[119.694125,23.55948],[119.694415,23.559379],[119.693414,23.558925],[119.693288,23.559628],[119.692732,23.558526],[119.693388,23.557171],[119.693857,23.557124],[119.694189,23.556651],[119.693724,23.55635],[119.694582,23.554595],[119.695396,23.554449],[119.695985,23.55383],[119.695127,23.553759],[119.693582,23.555157],[119.692276,23.554869],[119.69236,23.55455],[119.691745,23.554355],[119.691148,23.5547],[119.689867,23.554099],[119.68829,23.554688],[119.687268,23.554146],[119.686676,23.553314],[119.685115,23.552725],[119.683656,23.553424],[119.68232,23.553455],[119.681474,23.553072],[119.680546,23.551912],[119.67971,23.55196],[119.677915,23.551366],[119.677133,23.551933],[119.675425,23.552367],[119.675247,23.553612],[119.674301,23.554481],[119.675169,23.555671],[119.674413,23.557855],[119.67192,23.558071],[119.675026,23.558083],[119.674697,23.557899],[119.675241,23.556438],[119.675863,23.55644],[119.675783,23.556967],[119.675993,23.556629],[119.676986,23.556896],[119.676876,23.557269],[119.6762,23.557105],[119.676829,23.557373],[119.676657,23.558044],[119.675717,23.557831],[119.675703,23.557312],[119.675471,23.558329],[119.676499,23.558521],[119.676072,23.559731],[119.674791,23.560292],[119.67459,23.558841],[119.674238,23.558917],[119.674379,23.560271],[119.672925,23.560293],[119.672912,23.559392],[119.671917,23.559403],[119.671959,23.561423],[119.670153,23.561415],[119.669362,23.561008],[119.66925,23.562072],[119.66856,23.562045],[119.668563,23.561513],[119.668399,23.562066],[119.667538,23.561987],[119.667517,23.561185],[119.66841,23.561019],[119.668528,23.561235],[119.668544,23.560942],[119.669663,23.56079],[119.668117,23.560914],[119.668923,23.559886],[119.668187,23.559828],[119.66815,23.558072],[119.669604,23.556743],[119.670086,23.557258],[119.670834,23.557275],[119.670926,23.556994],[119.670201,23.556943],[119.669544,23.556429],[119.666938,23.558702],[119.666589,23.561383],[119.663848,23.560298],[119.662527,23.56011],[119.660848,23.560473],[119.653937,23.560801],[119.646637,23.560535],[119.644033,23.559557],[119.640608,23.55719],[119.638756,23.554304],[119.6387,23.552816],[119.640951,23.551717],[119.637773,23.55289],[119.634679,23.551189],[119.6344,23.548782],[119.635345,23.547593],[119.635047,23.546732],[119.634716,23.546873],[119.63357,23.546291],[119.632917,23.546542],[119.631979,23.54604],[119.631578,23.546475],[119.631806,23.547092],[119.6314,23.547728],[119.629141,23.547629],[119.627977,23.546688],[119.627566,23.545764],[119.62686,23.54586],[119.624902,23.544809],[119.625501,23.544316],[119.62544,23.542766],[119.624799,23.54247],[119.625183,23.542835],[119.62525,23.544293],[119.62448,23.544887],[119.624064,23.544641],[119.623592,23.54415],[119.624914,23.543052],[119.623631,23.543841],[119.621508,23.541949],[119.621284,23.542087],[119.621765,23.542498],[119.621583,23.542641],[119.620867,23.542069],[119.620776,23.540796],[119.621463,23.538082],[119.620981,23.537707],[119.619658,23.537683],[119.618406,23.53881],[119.616823,23.538904],[119.615791,23.538809],[119.614285,23.538006],[119.613008,23.537027],[119.612334,23.536007],[119.611696,23.532716],[119.610701,23.533106],[119.609613,23.53211],[119.609386,23.531439],[119.60967,23.530686],[119.609167,23.529997],[119.607885,23.529526],[119.607103,23.52975],[119.605573,23.528625],[119.605057,23.527744],[119.606643,23.526474],[119.607068,23.52528],[119.60651,23.526316],[119.605474,23.52712],[119.604726,23.526041],[119.605757,23.525768],[119.605675,23.525487],[119.604645,23.525793],[119.604458,23.525141],[119.605167,23.524475],[119.605757,23.524967],[119.605961,23.524763],[119.605152,23.524005],[119.606432,23.522145],[119.609376,23.522203],[119.61073,23.522866],[119.611577,23.522502],[119.611771,23.521844],[119.610828,23.51978],[119.611614,23.518836],[119.610061,23.51848],[119.609423,23.51779],[119.607607,23.517142],[119.606582,23.517203],[119.605558,23.516514],[119.60577,23.515594],[119.607938,23.512565],[119.608001,23.509016],[119.607423,23.508005],[119.606264,23.507813],[119.604769,23.509196],[119.602681,23.509098],[119.601662,23.509443],[119.600619,23.511],[119.600176,23.511193],[119.599792,23.510859],[119.599761,23.511238],[119.598727,23.51179],[119.597919,23.51015],[119.597562,23.510269],[119.598322,23.511785],[119.598094,23.511915],[119.597783,23.511415],[119.597504,23.511551],[119.597778,23.512099],[119.597551,23.512305],[119.597202,23.511722],[119.596786,23.512236],[119.597108,23.512487],[119.597059,23.513278],[119.598147,23.513423],[119.597823,23.514207],[119.597286,23.514004],[119.597463,23.513576],[119.597144,23.513975],[119.59666,23.513792],[119.596224,23.512911],[119.5964,23.512332],[119.595998,23.51234],[119.595928,23.51156],[119.596908,23.511337],[119.59706,23.510636],[119.595606,23.511421],[119.595518,23.512507],[119.590223,23.51283],[119.58864,23.512219],[119.58896,23.511455],[119.587952,23.510687],[119.587161,23.51106],[119.586728,23.510752],[119.586817,23.510366],[119.586257,23.510434],[119.585806,23.509799],[119.584557,23.509636],[119.584297,23.509204],[119.583344,23.509542],[119.580621,23.509157],[119.578877,23.509466],[119.577984,23.509085],[119.577173,23.507881],[119.575702,23.507371],[119.572847,23.508066],[119.571326,23.509374],[119.57085,23.510419],[119.571045,23.51112],[119.570703,23.512234],[119.571433,23.514385],[119.573584,23.516436],[119.574029,23.517532],[119.573017,23.521163],[119.572172,23.522471],[119.569941,23.524434],[119.567437,23.525822],[119.564539,23.526276],[119.562841,23.526097],[119.561937,23.524664],[119.560944,23.524002],[119.558713,23.524199],[119.557499,23.523423],[119.556986,23.523465],[119.55561,23.524865],[119.554914,23.526692],[119.553536,23.528277],[119.554369,23.530059],[119.553411,23.532002],[119.551743,23.533218],[119.55004,23.53359],[119.548778,23.53324],[119.548299,23.534043],[119.548276,23.535391],[119.549557,23.535659],[119.55021,23.536903],[119.549469,23.539005],[119.547703,23.539521],[119.544604,23.538151],[119.543911,23.537198],[119.541266,23.53877],[119.541453,23.541128],[119.540465,23.541165],[119.540239,23.541487],[119.540374,23.5418],[119.540813,23.541808],[119.540388,23.541502],[119.540575,23.541303],[119.541457,23.541324],[119.54139,23.541799],[119.540959,23.541735],[119.54139,23.541894],[119.541274,23.542368],[119.540404,23.541963],[119.541135,23.542477],[119.541047,23.543028],[119.541577,23.543358],[119.542501,23.545493],[119.541984,23.54686],[119.542468,23.547019],[119.542118,23.547327],[119.542334,23.548245],[119.542876,23.548096],[119.543349,23.546284],[119.543463,23.546853],[119.544151,23.546787],[119.54408,23.546449],[119.543532,23.546679],[119.543608,23.546143],[119.545038,23.546206],[119.54535,23.546508],[119.545366,23.547835],[119.545988,23.547891],[119.546835,23.548902],[119.546316,23.5498],[119.547553,23.553405],[119.548086,23.554115],[119.548785,23.553997],[119.549141,23.553528],[119.547898,23.551982],[119.547943,23.551034],[119.549612,23.549642],[119.551861,23.548415],[119.550886,23.547709],[119.551105,23.546101],[119.550804,23.543788],[119.551012,23.543571],[119.551392,23.543822],[119.551209,23.543042],[119.550554,23.543261],[119.550157,23.542838],[119.550742,23.542114],[119.550439,23.542194],[119.549985,23.541218],[119.550571,23.541004],[119.549959,23.541076],[119.549779,23.54067],[119.550185,23.540262],[119.550399,23.540614],[119.550287,23.54023],[119.550635,23.540127],[119.550773,23.540572],[119.550518,23.540683],[119.551142,23.541604],[119.550769,23.541847],[119.55127,23.541667],[119.55157,23.542377],[119.551376,23.542723],[119.551672,23.54244],[119.551045,23.54065],[119.553537,23.539108],[119.556708,23.538099],[119.556945,23.537545],[119.556914,23.536364],[119.556329,23.535337],[119.557276,23.53393],[119.55682,23.533105],[119.554577,23.531415],[119.555031,23.528915],[119.555954,23.527945],[119.557162,23.527343],[119.557441,23.526725],[119.559584,23.526449],[119.56113,23.526771],[119.561336,23.527389],[119.5607,23.52805],[119.559783,23.528374],[119.560855,23.530831],[119.562782,23.530196],[119.562902,23.529306],[119.564628,23.529833],[119.564709,23.530304],[119.566076,23.531609],[119.565211,23.533003],[119.564432,23.53357],[119.565523,23.53471],[119.566476,23.532088],[119.567776,23.531212],[119.57188,23.531985],[119.571868,23.530836],[119.572834,23.529494],[119.573496,23.529117],[119.572807,23.529428],[119.572339,23.530112],[119.572043,23.530014],[119.572732,23.528882],[119.572214,23.529496],[119.571214,23.529001],[119.571823,23.528044],[119.572261,23.528263],[119.572028,23.5286],[119.572514,23.528402],[119.57193,23.527885],[119.572135,23.527496],[119.572338,23.527231],[119.573322,23.52774],[119.572884,23.528688],[119.573479,23.527794],[119.574015,23.528038],[119.574463,23.527828],[119.57405,23.526857],[119.57301,23.526175],[119.57186,23.525982],[119.571453,23.525243],[119.571976,23.524463],[119.571729,23.524258],[119.573073,23.523371],[119.573488,23.522656],[119.573785,23.520614],[119.574571,23.519643],[119.574664,23.520139],[119.575902,23.519938],[119.57592,23.521166],[119.575552,23.521197],[119.577251,23.521371],[119.578564,23.521957],[119.579739,23.523095],[119.579184,23.523944],[119.57853,23.523341],[119.578355,23.523617],[119.579224,23.524088],[119.5798,23.523282],[119.580342,23.523691],[119.579799,23.524917],[119.57992,23.525777],[119.580742,23.525692],[119.581331,23.526248],[119.581001,23.528244],[119.580513,23.528312],[119.579779,23.527366],[119.58037,23.528348],[119.580481,23.531441],[119.580888,23.532015],[119.582728,23.532699],[119.584403,23.531859],[119.585117,23.531983],[119.585182,23.530744],[119.586408,23.529145],[119.588149,23.530026],[119.588255,23.530662],[119.587586,23.530811],[119.588266,23.53073],[119.588321,23.531172],[119.587666,23.53145],[119.588402,23.531379],[119.588544,23.530627],[119.589852,23.531101],[119.590522,23.530789],[119.590751,23.532183],[119.590892,23.530562],[119.591367,23.53],[119.591703,23.530076],[119.592493,23.528892],[119.593035,23.528723],[119.592484,23.528246],[119.592547,23.527903],[119.593545,23.52717],[119.594207,23.527359],[119.59477,23.526712],[119.595895,23.526527],[119.596398,23.527173],[119.596325,23.527803],[119.59675,23.528061],[119.596712,23.528648],[119.598312,23.529402],[119.599782,23.531088],[119.599164,23.531029],[119.599381,23.532333],[119.598894,23.531845],[119.597691,23.532764],[119.595665,23.532523],[119.597242,23.532809],[119.594905,23.536861],[119.595135,23.538212],[119.596111,23.538933],[119.59629,23.539454],[119.597115,23.539277],[119.596918,23.538803],[119.599403,23.538403],[119.600274,23.539357],[119.600455,23.540144],[119.602376,23.540076],[119.603131,23.540344],[119.602981,23.540911],[119.602216,23.541309],[119.600446,23.543415],[119.600115,23.545347],[119.600753,23.54599],[119.602105,23.546348],[119.602514,23.547019],[119.602447,23.547787],[119.604056,23.547769],[119.604317,23.548062],[119.604106,23.548345],[119.602253,23.547869],[119.599571,23.550281],[119.599669,23.549938],[119.598392,23.54927],[119.598395,23.550015],[119.597878,23.549705],[119.595945,23.549663],[119.595861,23.548119],[119.595638,23.549055],[119.594605,23.549074],[119.594402,23.548432],[119.59449,23.54945],[119.595462,23.549457],[119.595417,23.550243],[119.594186,23.550358],[119.593498,23.549898],[119.593018,23.551038],[119.59145,23.551283],[119.592814,23.551208],[119.59214,23.552754],[119.591814,23.552388],[119.591195,23.552857],[119.59102,23.55249],[119.591496,23.551531],[119.591081,23.549792],[119.590666,23.549846],[119.590974,23.549928],[119.591104,23.550632],[119.590414,23.550777],[119.590495,23.551196],[119.591174,23.551036],[119.591048,23.552269],[119.590462,23.55235],[119.590433,23.552045],[119.589676,23.552005],[119.588986,23.551428],[119.588497,23.550007],[119.588039,23.550088],[119.588407,23.550141],[119.588782,23.551395],[119.588045,23.551289],[119.587498,23.551948],[119.587007,23.550909],[119.58805,23.550449],[119.587174,23.550755],[119.586623,23.549656],[119.585005,23.549711],[119.58374,23.548366],[119.582011,23.548741],[119.581336,23.549748],[119.57968,23.548747],[119.57851,23.548666],[119.578099,23.548035],[119.57705,23.548258],[119.576315,23.547389],[119.574435,23.547322],[119.573153,23.546292],[119.573271,23.545306],[119.572602,23.546938],[119.572332,23.549129],[119.571756,23.549289],[119.568649,23.548415],[119.569022,23.549563],[119.569382,23.549647],[119.569674,23.551001],[119.569053,23.551301],[119.568301,23.55146],[119.568047,23.551124],[119.568155,23.54986],[119.566547,23.550396],[119.566347,23.549925],[119.566066,23.550009],[119.565649,23.548995],[119.565288,23.54912],[119.564784,23.547795],[119.565066,23.549185],[119.563016,23.549858],[119.562523,23.548528],[119.562262,23.54861],[119.562739,23.549956],[119.562382,23.550066],[119.562943,23.551429],[119.563751,23.551553],[119.563699,23.551995],[119.563955,23.552019],[119.564012,23.551583],[119.564337,23.551905],[119.564475,23.55164],[119.565278,23.551615],[119.565556,23.552659],[119.565062,23.553126],[119.561993,23.552519],[119.562392,23.553323],[119.561951,23.554343],[119.561049,23.554827],[119.561721,23.554682],[119.562507,23.555481],[119.562681,23.556959],[119.562522,23.557221],[119.561886,23.556941],[119.562908,23.557725],[119.563495,23.557326],[119.563953,23.556297],[119.566326,23.555607],[119.567533,23.554812],[119.56819,23.553936],[119.568319,23.552798],[119.569068,23.552836],[119.569452,23.553196],[119.571191,23.552871],[119.572928,23.553765],[119.573547,23.55451],[119.575719,23.554866],[119.573992,23.55722],[119.57303,23.557512],[119.572105,23.55843],[119.57299,23.558045],[119.573428,23.558818],[119.572764,23.559319],[119.573467,23.558908],[119.573735,23.559259],[119.573505,23.558685],[119.576291,23.557013],[119.57745,23.558654],[119.574645,23.560362],[119.574204,23.559908],[119.57515,23.561137],[119.572356,23.563147],[119.573429,23.563593],[119.576834,23.560546],[119.578197,23.561895],[119.576386,23.563444],[119.576606,23.563748],[119.578443,23.562195],[119.578995,23.562752],[119.578439,23.563524],[119.579172,23.562908],[119.579545,23.563396],[119.578126,23.564675],[119.577559,23.564115],[119.577276,23.564359],[119.577767,23.564985],[119.576833,23.565804],[119.575556,23.564582],[119.57483,23.565195],[119.576095,23.566425],[119.575434,23.567047],[119.574938,23.56658],[119.574743,23.566777],[119.575196,23.567242],[119.574301,23.567969],[119.571992,23.565652],[119.572187,23.565489],[119.571875,23.565158],[119.570271,23.566629],[119.569641,23.56604],[119.570334,23.565204],[119.569479,23.565903],[119.568877,23.565318],[119.570151,23.564304],[119.571297,23.56509],[119.568237,23.562092],[119.5676,23.562465],[119.568088,23.562384],[119.569769,23.563987],[119.569004,23.564661],[119.567028,23.56274],[119.564972,23.562621],[119.564571,23.561501],[119.564781,23.562667],[119.563515,23.562757],[119.562339,23.561877],[119.562129,23.562521],[119.561552,23.562604],[119.561122,23.562389],[119.561245,23.561533],[119.560993,23.562225],[119.560637,23.562183],[119.560708,23.561623],[119.560525,23.562159],[119.559723,23.562058],[119.559836,23.561105],[119.560979,23.561175],[119.559758,23.561008],[119.55964,23.561859],[119.559575,23.560945],[119.558176,23.560698],[119.557785,23.56094],[119.557306,23.562288],[119.555735,23.563248],[119.558612,23.563633],[119.559759,23.56415],[119.560472,23.565644],[119.559805,23.569558],[119.559942,23.570357],[119.560718,23.571182],[119.56278,23.571715],[119.56638,23.573456],[119.567418,23.574945],[119.567355,23.575767],[119.566915,23.575669],[119.566661,23.575835],[119.567333,23.575859],[119.566552,23.577901],[119.561959,23.583744],[119.561672,23.585061],[119.562043,23.585324],[119.563547,23.58521],[119.564191,23.585837],[119.565883,23.585576],[119.565806,23.584752],[119.566065,23.585305],[119.566758,23.585261],[119.566744,23.584693],[119.566907,23.584954],[119.568365,23.584876],[119.569882,23.585266],[119.570041,23.585595],[119.570583,23.585521],[119.570713,23.585786],[119.570792,23.585258],[119.570084,23.585563],[119.57001,23.585157],[119.571788,23.584846],[119.57198,23.585703],[119.571146,23.585853],[119.571023,23.58549],[119.571106,23.585929],[119.572146,23.585729],[119.571902,23.584633],[119.572519,23.585044],[119.572495,23.585681],[119.573938,23.585544],[119.574196,23.584895],[119.57469,23.58495],[119.577095,23.58628],[119.576982,23.586908],[119.576275,23.587491],[119.578675,23.587818],[119.580105,23.589623],[119.581133,23.589649],[119.581801,23.590089],[119.582631,23.59176],[119.581723,23.592112],[119.581848,23.593669],[119.583367,23.594245],[119.584171,23.594242],[119.584351,23.593734],[119.583815,23.593325],[119.583865,23.591573],[119.582862,23.590877],[119.584022,23.590114],[119.584406,23.589429],[119.583992,23.58906],[119.583334,23.589354],[119.584504,23.588622],[119.58506,23.5892],[119.585498,23.589077],[119.586187,23.587812],[119.585923,23.586258],[119.583757,23.584867],[119.584436,23.584882],[119.585013,23.58546],[119.585412,23.585705],[119.584562,23.584873],[119.583473,23.584421],[119.583426,23.583168],[119.582636,23.583259],[119.582404,23.583014],[119.582839,23.582868],[119.583278,23.581403],[119.585599,23.580801],[119.585715,23.580234],[119.583219,23.581182],[119.582997,23.580558],[119.58358,23.580375],[119.583728,23.580711],[119.583734,23.58032],[119.584434,23.580096],[119.584611,23.580552],[119.584572,23.580042],[119.585251,23.579831],[119.585536,23.580092],[119.585337,23.579662],[119.582975,23.580452],[119.58274,23.579814],[119.583248,23.579191],[119.58343,23.579479],[119.585328,23.578377],[119.586637,23.57828],[119.587116,23.57872],[119.587519,23.578527],[119.587938,23.578803],[119.588481,23.580783],[119.588909,23.580781],[119.589061,23.579849],[119.588773,23.578619],[119.585604,23.576038],[119.585553,23.573559],[119.586011,23.572905],[119.587127,23.572271],[119.587308,23.571774],[119.587048,23.571472],[119.587027,23.57119],[119.587424,23.571933],[119.588587,23.571726],[119.589868,23.572276],[119.591105,23.574509],[119.592999,23.574955],[119.593755,23.574634],[119.594118,23.574818],[119.59445,23.573311],[119.593867,23.572099],[119.59392,23.571254],[119.59435,23.571207],[119.593931,23.570441],[119.595479,23.569467],[119.597279,23.568986],[119.59689,23.570342],[119.597473,23.57069],[119.597194,23.570758],[119.597143,23.572009],[119.597559,23.571832],[119.597391,23.573178],[119.597845,23.57488],[119.598718,23.575414],[119.598836,23.575827],[119.600253,23.575643],[119.59997,23.576491],[119.599639,23.57658],[119.599997,23.57657],[119.600476,23.575613],[119.600153,23.576585],[119.602132,23.577069],[119.599864,23.576794],[119.598731,23.576999],[119.598631,23.577419],[119.597791,23.577409],[119.597485,23.576943],[119.597744,23.577504],[119.598715,23.577523],[119.598783,23.577089],[119.599385,23.576951],[119.599341,23.57785],[119.598343,23.578222],[119.599247,23.578042],[119.599369,23.578349],[119.598053,23.57874],[119.599069,23.579013],[119.59938,23.579852],[119.598735,23.580132],[119.598828,23.580455],[119.599637,23.580318],[119.599718,23.580582],[119.599459,23.581795],[119.598429,23.582804],[119.599526,23.584032],[119.60067,23.584714],[119.602498,23.584558],[119.60452,23.585284],[119.606559,23.58521],[119.607269,23.58598],[119.607235,23.586542],[119.606132,23.586946],[119.607149,23.588357],[119.607023,23.592281],[119.607585,23.592992],[119.606125,23.593955],[119.607371,23.59318],[119.607707,23.593705],[119.606278,23.594821],[119.605993,23.594068],[119.605739,23.594257],[119.606626,23.596005],[119.605506,23.596251],[119.604948,23.595885],[119.604534,23.596122],[119.604719,23.596584],[119.604337,23.597712],[119.603228,23.598488],[119.60383,23.599596],[119.603595,23.600171],[119.602969,23.600484],[119.60309,23.600969],[119.604404,23.601937],[119.605164,23.601973],[119.605307,23.60264],[119.605708,23.602539],[119.605802,23.605564],[119.610675,23.605723],[119.611044,23.605433],[119.61084,23.604777],[119.611346,23.605271],[119.611172,23.605416],[119.612368,23.605439],[119.612047,23.606986],[119.609645,23.610368],[119.607023,23.609986],[119.605316,23.610695],[119.605049,23.610088],[119.605651,23.60975],[119.604355,23.609066],[119.60335,23.61017],[119.603906,23.611005],[119.603528,23.610625],[119.602992,23.610753],[119.603344,23.611646],[119.603142,23.6119],[119.602673,23.612082],[119.602533,23.611712],[119.60301,23.610981],[119.602452,23.611561],[119.60208,23.610741],[119.600851,23.611211],[119.601992,23.610931],[119.602209,23.611348],[119.601608,23.611698],[119.602233,23.611479],[119.602494,23.612112],[119.601273,23.612595],[119.600709,23.611735],[119.601042,23.611411],[119.600541,23.611668],[119.601285,23.613067],[119.60019,23.613462],[119.597318,23.615902],[119.597039,23.616689],[119.597352,23.617414],[119.598081,23.617497],[119.599316,23.616879],[119.599995,23.61719],[119.602255,23.617203],[119.602852,23.617558],[119.603166,23.618509],[119.605467,23.620078],[119.605354,23.622108],[119.60453,23.625001],[119.603692,23.624343],[119.601897,23.623957],[119.600949,23.622692],[119.600658,23.62093],[119.600005,23.62037],[119.599009,23.6213],[119.599407,23.622287],[119.598522,23.623333],[119.597833,23.62372],[119.597487,23.623592],[119.596556,23.624278],[119.596212,23.623496],[119.595565,23.62371],[119.596166,23.623631],[119.596402,23.624287],[119.595554,23.62465],[119.593165,23.62462],[119.591688,23.624159],[119.589694,23.622261],[119.588512,23.622667],[119.589417,23.623639],[119.589167,23.625216],[119.589801,23.625563],[119.590179,23.626941],[119.59129,23.628023],[119.590706,23.62956],[119.59499,23.632492],[119.595744,23.633703],[119.595798,23.635468],[119.59438,23.638542],[119.594764,23.640035],[119.594116,23.641184],[119.593079,23.64208],[119.589083,23.644269],[119.587895,23.644068],[119.588762,23.645419],[119.588517,23.647151],[119.587017,23.647748],[119.586231,23.649774],[119.582423,23.652642],[119.582009,23.65407],[119.583266,23.65483],[119.583238,23.655474],[119.581795,23.656762],[119.579417,23.656353],[119.579443,23.656579],[119.580748,23.656686],[119.580762,23.657183],[119.580091,23.657247],[119.580703,23.657269],[119.580716,23.657605],[119.579875,23.657665],[119.579781,23.657087],[119.579827,23.657733],[119.581931,23.657553],[119.582704,23.658036],[119.582054,23.658786],[119.580869,23.659065],[119.581616,23.660839],[119.580987,23.661833],[119.57964,23.661373],[119.577777,23.662526],[119.57369,23.662702],[119.571043,23.662228],[119.567403,23.659874],[119.566896,23.659027],[119.567083,23.658064],[119.566564,23.656834],[119.567063,23.65604],[119.565716,23.6556],[119.564962,23.654869],[119.564337,23.652751],[119.563264,23.65139],[119.562528,23.65237],[119.558637,23.655625],[119.558323,23.655232],[119.55705,23.655433],[119.556773,23.65451],[119.555965,23.654333],[119.55664,23.654664],[119.556885,23.655476],[119.556294,23.65579],[119.558089,23.655316],[119.558092,23.655722],[119.5569,23.655713],[119.557011,23.656117],[119.556197,23.656014],[119.555941,23.656238],[119.556294,23.656381],[119.555788,23.656606],[119.555573,23.656255],[119.555691,23.656661],[119.555325,23.656911],[119.555064,23.656616],[119.555249,23.656947],[119.554482,23.657512],[119.55407,23.657064],[119.555238,23.656297],[119.556041,23.655488],[119.553986,23.656976],[119.546473,23.648359],[119.542376,23.643085],[119.54196,23.642364],[119.542357,23.642137],[119.542067,23.642214],[119.54175,23.641768],[119.542136,23.641494],[119.541175,23.641287],[119.540745,23.640614],[119.540983,23.640144],[119.541588,23.64008],[119.541986,23.64054],[119.543746,23.640798],[119.542939,23.639924],[119.543069,23.637937],[119.541757,23.637755],[119.540734,23.63693],[119.540406,23.634432],[119.538902,23.632913],[119.539387,23.63265],[119.538286,23.632746],[119.53882,23.633264],[119.538548,23.633533],[119.538084,23.633183],[119.538461,23.633599],[119.537415,23.634065],[119.53737,23.633323],[119.537957,23.633316],[119.537372,23.633224],[119.537378,23.632718],[119.539194,23.632224],[119.536408,23.632775],[119.536495,23.633658],[119.531915,23.632326],[119.530872,23.631377],[119.530253,23.630191],[119.524605,23.630062],[119.522963,23.628774],[119.523326,23.629163],[119.522984,23.629519],[119.52339,23.629221],[119.524818,23.630657],[119.523359,23.631242],[119.523163,23.630748],[119.523931,23.630161],[119.522997,23.630663],[119.522763,23.629081],[119.522298,23.631343],[119.521678,23.631264],[119.518742,23.629316],[119.518406,23.628868],[119.519101,23.628441],[119.518182,23.62865],[119.517673,23.62701],[119.518107,23.625361],[119.519522,23.624173],[119.519819,23.622628],[119.521144,23.620791],[119.51956,23.619746],[119.519528,23.618681],[119.521446,23.615902],[119.521769,23.614824],[119.521245,23.612582],[119.520102,23.612223],[119.521185,23.611862],[119.520954,23.610834],[119.5198,23.611165],[119.520057,23.610956],[119.519815,23.61088],[119.520338,23.609423],[119.522133,23.606888],[119.521734,23.606982],[119.521682,23.606384],[119.522972,23.604845],[119.522477,23.603632],[119.523127,23.601765],[119.522045,23.600227],[119.521149,23.597688],[119.51977,23.595711],[119.519627,23.59453],[119.518088,23.594357],[119.517817,23.594017],[119.517438,23.594188],[119.516592,23.593279],[119.517225,23.594105],[119.516937,23.594065],[119.517082,23.594347],[119.516598,23.594685],[119.514887,23.594695],[119.512282,23.592158],[119.512867,23.591828],[119.514354,23.587814],[119.516315,23.585399],[119.516133,23.583517],[119.515205,23.582454],[119.515276,23.581815],[119.513825,23.580366],[119.513838,23.579933],[119.513279,23.580111],[119.514981,23.58187],[119.514762,23.582442],[119.513317,23.582393],[119.513313,23.581483],[119.513062,23.58147],[119.513051,23.582366],[119.512046,23.581893],[119.512028,23.580889],[119.512912,23.580818],[119.512042,23.580713],[119.512037,23.579516],[119.512245,23.579762],[119.512479,23.579461],[119.513276,23.579485],[119.513275,23.579228],[119.512788,23.579229],[119.512728,23.578794],[119.513312,23.577257],[119.512282,23.576486],[119.512537,23.575645],[119.515206,23.574582],[119.51471,23.574311],[119.514536,23.573352],[119.513734,23.572878],[119.513809,23.5713],[119.513139,23.570578],[119.514025,23.56943],[119.515006,23.570028],[119.515844,23.569682],[119.515207,23.569783],[119.514055,23.569229],[119.514658,23.568469],[119.515935,23.569282],[119.515015,23.568312],[119.515387,23.568053],[119.516553,23.568264],[119.518043,23.567311],[119.516232,23.564795],[119.515108,23.564086],[119.512688,23.564416],[119.512,23.563825],[119.511659,23.564138],[119.511305,23.563721],[119.510739,23.564486],[119.509343,23.565055],[119.506757,23.5657],[119.505461,23.566418],[119.503114,23.566394],[119.501261,23.567359],[119.502146,23.566828],[119.501947,23.566226],[119.501573,23.565739],[119.500375,23.565326],[119.500547,23.565693],[119.499943,23.566074],[119.498661,23.566099],[119.49906,23.566355],[119.501142,23.565842],[119.501727,23.566737],[119.500572,23.567165],[119.500542,23.566436],[119.500181,23.566525],[119.50034,23.56685],[119.499448,23.56774],[119.497858,23.568158],[119.496174,23.568141],[119.493783,23.567392],[119.492077,23.566063],[119.491319,23.563382],[119.489731,23.562664],[119.484444,23.563886],[119.481188,23.563043],[119.480783,23.562606],[119.480512,23.562795],[119.480994,23.563217],[119.482872,23.563555],[119.48308,23.564344],[119.480652,23.56441],[119.479468,23.564012],[119.478996,23.56295],[119.480182,23.56294],[119.479907,23.562783],[119.480881,23.561863],[119.480342,23.561881],[119.479636,23.562628],[119.476518,23.559807],[119.474194,23.560091],[119.472196,23.559264],[119.469817,23.560233],[119.467988,23.560514],[119.467219,23.561291],[119.467975,23.563465],[119.469536,23.565365],[119.471426,23.565753],[119.477853,23.568943],[119.480767,23.573476],[119.480634,23.573989],[119.481236,23.5747],[119.4813,23.575429],[119.48152,23.574898],[119.483396,23.575407],[119.485159,23.574022],[119.485008,23.573294],[119.486078,23.572505],[119.487131,23.572201],[119.487844,23.571242],[119.488312,23.571136],[119.488035,23.570519],[119.488289,23.570261],[119.491844,23.569832],[119.493501,23.570483],[119.495832,23.572164],[119.496501,23.571846],[119.497176,23.572235],[119.497078,23.573603],[119.498824,23.574715],[119.499167,23.576134],[119.499436,23.575006],[119.498894,23.574225],[119.499523,23.574159],[119.500274,23.574611],[119.500059,23.574851],[119.500587,23.574994],[119.50082,23.575925],[119.50024,23.576083],[119.499932,23.574932],[119.499681,23.57499],[119.499996,23.57621],[119.499172,23.577048],[119.499343,23.577217],[119.500868,23.576234],[119.503374,23.579138],[119.502861,23.580601],[119.503514,23.582824],[119.503336,23.583559],[119.503943,23.584112],[119.504261,23.58514],[119.503155,23.586072],[119.50325,23.586295],[119.504592,23.585975],[119.504464,23.587354],[119.502146,23.590452],[119.498532,23.592963],[119.49568,23.59332],[119.492228,23.594437],[119.491153,23.593935],[119.489517,23.594265],[119.490311,23.595684],[119.491107,23.59547],[119.492763,23.595972],[119.493562,23.595634],[119.494101,23.596072],[119.494037,23.59728],[119.492813,23.597591],[119.492451,23.598104],[119.491723,23.598123],[119.49146,23.598602],[119.491806,23.599592],[119.492434,23.599549],[119.492423,23.600048],[119.493323,23.600964],[119.493387,23.601727],[119.493801,23.60208],[119.49448,23.600453],[119.495306,23.600427],[119.496695,23.601073],[119.497105,23.600209],[119.4978,23.600794],[119.498176,23.600705],[119.498312,23.600253],[119.497582,23.598136],[119.498145,23.597682],[119.497528,23.596863],[119.498376,23.595675],[119.499913,23.595351],[119.500756,23.596735],[119.501292,23.596832],[119.501557,23.596091],[119.501956,23.595995],[119.50443,23.597299],[119.504498,23.598639],[119.503795,23.598684],[119.503732,23.598317],[119.50357,23.59869],[119.503605,23.598936],[119.504447,23.598734],[119.504203,23.599378],[119.503923,23.599366],[119.50406,23.599661],[119.503525,23.59915],[119.503077,23.599606],[119.50341,23.599363],[119.503827,23.599824],[119.503527,23.600065],[119.503218,23.599734],[119.503462,23.600121],[119.503014,23.600484],[119.5029,23.599784],[119.502428,23.599612],[119.502949,23.600866],[119.502879,23.601225],[119.502453,23.60079],[119.502215,23.60094],[119.502641,23.601675],[119.502159,23.602268],[119.502425,23.602883],[119.502172,23.603852],[119.502514,23.604276],[119.503168,23.60405],[119.503506,23.605363],[119.503242,23.605567],[119.502893,23.605218],[119.50265,23.605675],[119.503204,23.605989],[119.503149,23.606764],[119.503932,23.607134],[119.504546,23.606895],[119.504765,23.607318],[119.504314,23.607672],[119.505045,23.607751],[119.504476,23.608376],[119.50508,23.60831],[119.505174,23.609143],[119.504476,23.609231],[119.504478,23.609732],[119.505125,23.609726],[119.505134,23.610184],[119.505816,23.610554],[119.506774,23.61042],[119.5082,23.610736],[119.508791,23.611524],[119.508946,23.612652],[119.508675,23.613281],[119.507133,23.614489],[119.507325,23.615193],[119.505287,23.615358],[119.505662,23.61555],[119.504952,23.615903],[119.504815,23.616341],[119.505708,23.616426],[119.505708,23.616781],[119.505092,23.616783],[119.505706,23.616855],[119.505711,23.617392],[119.504173,23.617036],[119.503823,23.616498],[119.504559,23.616245],[119.504492,23.615611],[119.504166,23.615555],[119.504319,23.61509],[119.503942,23.615348],[119.503859,23.616109],[119.500831,23.617661],[119.499656,23.619518],[119.500221,23.619688],[119.499901,23.619951],[119.499548,23.619753],[119.499288,23.620102],[119.501025,23.622126],[119.501539,23.622153],[119.501672,23.622701],[119.50258,23.622782],[119.504101,23.623788],[119.504346,23.625519],[119.503541,23.626876],[119.502521,23.627798],[119.502829,23.629285],[119.50216,23.630926],[119.503283,23.63292],[119.50344,23.634498],[119.503961,23.635589],[119.504936,23.636152],[119.505942,23.635553],[119.50657,23.635585],[119.507509,23.636317],[119.507804,23.637425],[119.507398,23.638182],[119.507835,23.638298],[119.509046,23.639976],[119.508939,23.640426],[119.509687,23.641464],[119.509622,23.642426],[119.510572,23.64519],[119.511605,23.64614],[119.511475,23.64726],[119.511857,23.646733],[119.511907,23.647378],[119.511586,23.647654],[119.51203,23.648353],[119.512618,23.648667],[119.51368,23.648537],[119.514041,23.648008],[119.513636,23.647867],[119.514161,23.647628],[119.51524,23.648712],[119.514814,23.649068],[119.51562,23.64984],[119.516641,23.649507],[119.517136,23.648887],[119.517938,23.649006],[119.518137,23.647711],[119.519311,23.647656],[119.519671,23.648153],[119.519407,23.649658],[119.518962,23.649258],[119.519128,23.649774],[119.518702,23.649906],[119.517922,23.649197],[119.518259,23.650062],[119.517602,23.650805],[119.517752,23.651325],[119.517281,23.652323],[119.516689,23.652624],[119.515338,23.651708],[119.514881,23.65184],[119.51492,23.651575],[119.51422,23.652023],[119.514405,23.652742],[119.513843,23.653018],[119.513524,23.653743],[119.513554,23.654407],[119.514267,23.655025],[119.514266,23.655554],[119.515301,23.655575],[119.515651,23.654878],[119.515788,23.655313],[119.51615,23.655328],[119.516674,23.654814],[119.517917,23.654572],[119.518725,23.65487],[119.518653,23.655256],[119.519295,23.65492],[119.520075,23.655568],[119.521924,23.655335],[119.522313,23.655644],[119.523059,23.655482],[119.523496,23.655903],[119.524105,23.65586],[119.523991,23.65509],[119.524552,23.654668],[119.524541,23.653634],[119.523777,23.652262],[119.524308,23.651298],[119.522981,23.650355],[119.522466,23.649512],[119.521353,23.648994],[119.521114,23.64824],[119.519526,23.647621],[119.519794,23.647164],[119.519472,23.646856],[119.519883,23.646247],[119.51935,23.644466],[119.521646,23.642675],[119.522626,23.642326],[119.523602,23.642524],[119.523662,23.643275],[119.524153,23.643165],[119.524835,23.643432],[119.525137,23.644002],[119.525735,23.643937],[119.525922,23.643457],[119.525226,23.64281],[119.525325,23.642182],[119.527756,23.640502],[119.529171,23.639974],[119.529902,23.640447],[119.531285,23.64005],[119.529884,23.640306],[119.52947,23.639946],[119.530816,23.639118],[119.531897,23.638931],[119.531859,23.639615],[119.531523,23.639777],[119.531824,23.639877],[119.531359,23.640502],[119.531784,23.640261],[119.53201,23.638933],[119.532615,23.639141],[119.533027,23.638808],[119.535556,23.638668],[119.536253,23.639481],[119.538334,23.639548],[119.540304,23.64045],[119.541627,23.642884],[119.542209,23.643148],[119.548395,23.651267],[119.5534,23.656775],[119.551315,23.658033],[119.551954,23.658117],[119.553533,23.656971],[119.553996,23.657511],[119.553528,23.657933],[119.553818,23.658347],[119.552986,23.658838],[119.552672,23.658498],[119.552858,23.658944],[119.552158,23.659484],[119.551784,23.658592],[119.550746,23.658358],[119.55049,23.657526],[119.550153,23.657751],[119.550449,23.659043],[119.552072,23.660268],[119.550856,23.66278],[119.552566,23.66381],[119.552832,23.665821],[119.553875,23.666462],[119.555193,23.668553],[119.556668,23.668746],[119.560806,23.670724],[119.564983,23.670831],[119.568399,23.671717],[119.56861,23.672082],[119.568733,23.67133],[119.569162,23.671432],[119.569487,23.671106],[119.569665,23.671812],[119.569598,23.6709],[119.569744,23.670362],[119.570247,23.670272],[119.57028,23.670566],[119.569865,23.670671],[119.570459,23.670919],[119.569699,23.671073],[119.571073,23.671527],[119.570373,23.672322],[119.569708,23.672401],[119.569617,23.671945],[119.569633,23.672379],[119.568238,23.672474],[119.570421,23.672403],[119.571234,23.671553],[119.57193,23.672605],[119.572545,23.67251],[119.573774,23.673223],[119.574571,23.673141],[119.577659,23.674374],[119.578755,23.675537],[119.578717,23.676243],[119.579526,23.676249],[119.582299,23.677519],[119.585073,23.676344],[119.586806,23.674556],[119.586953,23.673458],[119.587465,23.672919],[119.590897,23.671771],[119.592614,23.671552],[119.594559,23.671788],[119.595125,23.672136],[119.595461,23.673584],[119.596783,23.674412],[119.59788,23.674493]],[[119.551674,23.594874],[119.551701,23.594521],[119.551455,23.594209],[119.551421,23.59454],[119.551674,23.594874]],[[119.587533,23.594909],[119.587615,23.595539],[119.589017,23.596393],[119.589471,23.59629],[119.58854,23.59549],[119.588271,23.594789],[119.587533,23.594909]],[[119.565762,23.606372],[119.565804,23.605579],[119.564312,23.60379],[119.56429,23.606359],[119.564533,23.606742],[119.565178,23.606853],[119.565762,23.606372]],[[119.598789,23.608174],[119.599113,23.608136],[119.598669,23.60772],[119.59834,23.608056],[119.598789,23.608174]],[[119.584492,23.611465],[119.583728,23.610942],[119.583522,23.611546],[119.584268,23.612053],[119.584492,23.611465]],[[119.57735,23.610709],[119.576992,23.611234],[119.577452,23.612426],[119.577747,23.612482],[119.578228,23.611626],[119.57735,23.610709]],[[119.569315,23.616994],[119.568515,23.617049],[119.568612,23.617486],[119.568014,23.617585],[119.567938,23.61715],[119.568395,23.616984],[119.567942,23.617051],[119.567725,23.616562],[119.567829,23.617453],[119.565178,23.619142],[119.567358,23.619945],[119.567889,23.620489],[119.567479,23.621779],[119.56792,23.622539],[119.569074,23.622469],[119.569802,23.621466],[119.569805,23.620608],[119.57025,23.620218],[119.570828,23.617742],[119.56997,23.617018],[119.569931,23.616522],[119.568133,23.616589],[119.569791,23.616667],[119.569827,23.617344],[119.56952,23.617386],[119.569485,23.617081],[119.569415,23.617393],[119.568732,23.61749],[119.568684,23.617179],[119.569315,23.616994]],[[119.557311,23.628607],[119.557677,23.628529],[119.557336,23.628245],[119.557311,23.628607]],[[119.559366,23.629719],[119.558844,23.629599],[119.558576,23.629911],[119.559182,23.629986],[119.559366,23.629719]],[[119.553383,23.631214],[119.554023,23.631409],[119.554296,23.630884],[119.553383,23.631214]],[[119.608034,23.637715],[119.608426,23.637431],[119.608039,23.637475],[119.608034,23.637715]],[[119.605262,23.63889],[119.604806,23.638858],[119.605022,23.638968],[119.605262,23.63889]],[[119.587255,23.639567],[119.587348,23.640774],[119.58833,23.640689],[119.587961,23.639494],[119.587255,23.639567]],[[119.581103,23.648852],[119.581137,23.648933],[119.581851,23.648967],[119.581872,23.648359],[119.581103,23.648852]],[[119.55496,23.669091],[119.554922,23.668714],[119.554625,23.66888],[119.554658,23.669074],[119.55496,23.669091]],[[119.554473,23.66953],[119.554469,23.669088],[119.554199,23.669276],[119.554401,23.669583],[119.554473,23.66953]],[[119.556863,23.675425],[119.556796,23.673951],[119.556342,23.673406],[119.554771,23.673988],[119.554074,23.675503],[119.554394,23.67656],[119.554849,23.676346],[119.555567,23.676732],[119.556234,23.67661],[119.556863,23.675425]],[[119.55833,23.688292],[119.558124,23.688087],[119.55734,23.688424],[119.556593,23.68946],[119.556659,23.689724],[119.557319,23.689792],[119.557864,23.690544],[119.557936,23.688911],[119.55833,23.688292]],[[119.595674,23.690426],[119.596522,23.690632],[119.59693,23.69033],[119.59539,23.690181],[119.594842,23.691065],[119.595674,23.690426]],[[119.55664,23.69114],[119.557708,23.692438],[119.557825,23.690901],[119.557003,23.690847],[119.55664,23.69114]],[[119.595135,23.693295],[119.59548,23.692013],[119.594934,23.691158],[119.594336,23.69193],[119.594665,23.692249],[119.594595,23.692976],[119.593473,23.694328],[119.593791,23.694848],[119.595346,23.693592],[119.595135,23.693295]],[[119.55956,23.693048],[119.559436,23.693188],[119.5596,23.693204],[119.55956,23.693048]],[[119.55946,23.694265],[119.559892,23.694047],[119.55968,23.693474],[119.559272,23.693977],[119.55946,23.694265]],[[119.563862,23.69501],[119.563286,23.695204],[119.563729,23.695642],[119.564121,23.695454],[119.564292,23.69509],[119.565026,23.695265],[119.565139,23.694364],[119.565611,23.694195],[119.565605,23.693812],[119.564847,23.693622],[119.564832,23.694126],[119.564492,23.694046],[119.563862,23.69501]],[[119.593576,23.69491],[119.592794,23.696256],[119.593642,23.695989],[119.593576,23.69491]],[[119.603299,23.706381],[119.603424,23.706452],[119.603759,23.706203],[119.603299,23.706381]],[[119.58811,23.709742],[119.588096,23.710121],[119.5886,23.710559],[119.588999,23.710039],[119.58811,23.709742]],[[119.608807,23.71044],[119.609511,23.710431],[119.60837,23.710176],[119.608164,23.710305],[119.608807,23.71044]],[[119.551675,23.71063],[119.552052,23.710249],[119.551436,23.710292],[119.551363,23.710676],[119.551675,23.71063]],[[119.565506,23.712682],[119.566651,23.712011],[119.567608,23.712432],[119.566835,23.710492],[119.565813,23.711154],[119.565506,23.712682]],[[119.610187,23.711171],[119.609668,23.710661],[119.607522,23.710671],[119.606971,23.711421],[119.607591,23.712619],[119.608782,23.713684],[119.610187,23.711171]],[[119.55749,23.717584],[119.558131,23.716767],[119.55674,23.715165],[119.556998,23.713591],[119.55764,23.712834],[119.557922,23.711479],[119.558613,23.710948],[119.555316,23.708637],[119.555269,23.70973],[119.554353,23.710243],[119.55386,23.710769],[119.554071,23.711082],[119.553639,23.71095],[119.553194,23.711568],[119.55609,23.71389],[119.55503,23.714523],[119.555317,23.714777],[119.554822,23.714991],[119.554894,23.715819],[119.554356,23.715826],[119.554214,23.716506],[119.55505,23.716189],[119.556237,23.717117],[119.554128,23.718213],[119.553301,23.719423],[119.551786,23.71872],[119.551023,23.719003],[119.550934,23.72019],[119.552765,23.721956],[119.552762,23.721437],[119.552132,23.720834],[119.552267,23.720339],[119.551696,23.719705],[119.554956,23.721126],[119.557033,23.720663],[119.557393,23.718996],[119.558182,23.718623],[119.558956,23.719945],[119.558842,23.718451],[119.558316,23.718166],[119.557651,23.71829],[119.55749,23.717584]],[[119.565673,23.717408],[119.566015,23.717204],[119.566199,23.7167],[119.56569,23.716988],[119.565673,23.717408]],[[119.565207,23.717891],[119.565525,23.717603],[119.565456,23.7174],[119.565217,23.717674],[119.565207,23.717891]],[[119.551095,23.723075],[119.551583,23.722931],[119.551636,23.722682],[119.551176,23.722761],[119.551095,23.723075]],[[119.608572,23.731674],[119.608442,23.732081],[119.60902,23.732743],[119.609336,23.732256],[119.609099,23.731562],[119.608572,23.731674]],[[119.597939,23.755172],[119.599013,23.754001],[119.598643,23.753874],[119.597603,23.754431],[119.597009,23.755415],[119.597939,23.755172]],[[119.608216,23.757198],[119.606985,23.756634],[119.606972,23.757063],[119.608216,23.757198]],[[119.608272,23.757961],[119.607513,23.757966],[119.607617,23.758329],[119.607315,23.758486],[119.608094,23.758652],[119.608272,23.757961]],[[119.606405,23.759133],[119.606551,23.7598],[119.606849,23.759104],[119.606638,23.759373],[119.606405,23.759133]],[[119.607344,23.765524],[119.607601,23.764661],[119.60564,23.765319],[119.606682,23.765116],[119.606533,23.765525],[119.607344,23.765524]],[[119.604548,23.766738],[119.604733,23.766966],[119.60639,23.766465],[119.606226,23.765858],[119.605516,23.76557],[119.604711,23.765855],[119.604548,23.766738]],[[119.601688,23.765695],[119.600744,23.761381],[119.600307,23.761658],[119.599408,23.760007],[119.599266,23.758359],[119.5978,23.757728],[119.596884,23.758644],[119.596761,23.761816],[119.596494,23.762049],[119.598902,23.765774],[119.598502,23.767033],[119.599128,23.767154],[119.599135,23.76789],[119.599776,23.767845],[119.599622,23.768401],[119.598811,23.76886],[119.599605,23.769058],[119.599798,23.769718],[119.600917,23.769511],[119.601117,23.768937],[119.601855,23.769031],[119.601653,23.770506],[119.60325,23.770978],[119.603568,23.771729],[119.604173,23.771862],[119.604205,23.772439],[119.605254,23.772907],[119.605324,23.773241],[119.604466,23.773285],[119.604892,23.774125],[119.605481,23.774453],[119.605856,23.774309],[119.605855,23.774618],[119.606018,23.774432],[119.606363,23.775463],[119.605892,23.775659],[119.605567,23.77512],[119.605367,23.775383],[119.605823,23.77572],[119.606952,23.775291],[119.606539,23.775257],[119.606479,23.774796],[119.607355,23.773736],[119.60646,23.773207],[119.608089,23.773255],[119.607294,23.771886],[119.607409,23.770691],[119.604304,23.768933],[119.602501,23.767331],[119.601688,23.765695]],[[119.603567,23.766442],[119.603302,23.766845],[119.604095,23.767252],[119.603567,23.766442]],[[119.58546,23.766706],[119.58478,23.766218],[119.584499,23.767529],[119.585458,23.767789],[119.585919,23.766993],[119.585707,23.766551],[119.58546,23.766706]],[[119.602486,23.767254],[119.603038,23.767467],[119.602892,23.767007],[119.602457,23.766968],[119.602486,23.767254]],[[119.587803,23.768196],[119.587383,23.767958],[119.587292,23.768575],[119.587016,23.768533],[119.58765,23.768655],[119.587803,23.768196]],[[119.593171,23.770627],[119.593548,23.770671],[119.593234,23.770501],[119.593171,23.770627]],[[119.607897,23.774985],[119.608066,23.774713],[119.607995,23.774402],[119.607809,23.774588],[119.607897,23.774985]],[[119.60721,23.774965],[119.60741,23.775346],[119.607712,23.774742],[119.607383,23.775152],[119.60721,23.774965]],[[119.607644,23.778543],[119.607845,23.77854],[119.607516,23.778205],[119.607319,23.778407],[119.607663,23.778717],[119.607644,23.778543]],[[119.607524,23.778912],[119.606913,23.778467],[119.607244,23.779003],[119.607862,23.779163],[119.607784,23.778931],[119.608203,23.778936],[119.608006,23.778544],[119.607524,23.778912]],[[119.607903,23.77936],[119.607676,23.780078],[119.608173,23.779871],[119.608199,23.77939],[119.607903,23.77936]],[[119.576747,23.779879],[119.576918,23.781154],[119.577749,23.780509],[119.577164,23.780114],[119.577781,23.779633],[119.577789,23.779071],[119.576954,23.77858],[119.576572,23.779074],[119.576428,23.778774],[119.575476,23.778601],[119.575506,23.779619],[119.575936,23.780026],[119.576747,23.779879]],[[119.606612,23.780308],[119.606986,23.78095],[119.607501,23.78047],[119.607386,23.781533],[119.60701,23.781447],[119.607256,23.78182],[119.607659,23.781751],[119.607429,23.781592],[119.608194,23.780302],[119.6081,23.780029],[119.607741,23.780317],[119.607559,23.780007],[119.607762,23.779534],[119.607561,23.779729],[119.607092,23.779327],[119.606612,23.780308]],[[119.606259,23.781506],[119.606719,23.780949],[119.606322,23.780291],[119.606328,23.780935],[119.605709,23.781115],[119.606092,23.781834],[119.605766,23.78168],[119.60607,23.782125],[119.606556,23.78218],[119.606259,23.781506]],[[119.604071,23.781447],[119.604611,23.782068],[119.605202,23.781908],[119.60495,23.781681],[119.604071,23.781447]],[[119.606604,23.781855],[119.606788,23.782229],[119.607056,23.78179],[119.606604,23.781855]],[[119.605708,23.782621],[119.606049,23.782295],[119.605593,23.781951],[119.605243,23.78223],[119.605708,23.782621]],[[119.604427,23.782735],[119.604694,23.782634],[119.60464,23.78219],[119.604161,23.782426],[119.604427,23.782735]],[[119.607873,23.781766],[119.606782,23.782355],[119.60674,23.782635],[119.60702,23.782618],[119.606776,23.782992],[119.606666,23.782356],[119.606118,23.782504],[119.606004,23.78297],[119.606391,23.783151],[119.606437,23.782835],[119.606773,23.783172],[119.606479,23.783679],[119.607,23.783128],[119.607521,23.782826],[119.606762,23.783556],[119.607111,23.783947],[119.608273,23.783033],[119.607974,23.783195],[119.607747,23.783198],[119.608348,23.78273],[119.607833,23.78275],[119.60813,23.782393],[119.607675,23.782451],[119.608191,23.78218],[119.608071,23.78198],[119.607622,23.782261],[119.607873,23.781766]],[[119.605187,23.783359],[119.605775,23.783537],[119.605542,23.783015],[119.605194,23.782982],[119.605187,23.783359]],[[119.603175,23.785155],[119.602274,23.78493],[119.602422,23.785284],[119.603175,23.785155]],[[119.598576,23.785112],[119.598442,23.78544],[119.599272,23.785831],[119.600283,23.787112],[119.599888,23.787588],[119.600309,23.787552],[119.600445,23.787947],[119.601068,23.787637],[119.601275,23.786555],[119.601799,23.786436],[119.601141,23.78551],[119.600481,23.785183],[119.600269,23.784663],[119.600533,23.784043],[119.599752,23.783534],[119.600073,23.784964],[119.599007,23.785485],[119.598576,23.785112]],[[119.603352,23.786274],[119.603006,23.785837],[119.602192,23.7861],[119.602513,23.786523],[119.602229,23.786716],[119.603352,23.786274]],[[119.602929,23.787018],[119.603641,23.786769],[119.603471,23.786393],[119.602941,23.786828],[119.602524,23.786717],[119.602929,23.787018]],[[119.601583,23.788432],[119.601269,23.788745],[119.601619,23.789116],[119.60218,23.788685],[119.602025,23.788107],[119.602642,23.78778],[119.601923,23.787893],[119.602394,23.787589],[119.60233,23.787287],[119.601846,23.78739],[119.601635,23.787016],[119.601133,23.787517],[119.600977,23.788398],[119.601583,23.788432]],[[119.598119,23.792385],[119.598052,23.79292],[119.59879,23.792632],[119.598408,23.792155],[119.598119,23.792385]],[[119.599492,23.79335],[119.598986,23.792997],[119.598203,23.793183],[119.598221,23.793423],[119.597132,23.79305],[119.597984,23.793414],[119.598191,23.793833],[119.598988,23.793975],[119.598376,23.793393],[119.599492,23.79335]],[[119.597679,23.795233],[119.596722,23.796083],[119.597552,23.79605],[119.597679,23.795233]],[[119.5999,23.795567],[119.600609,23.795217],[119.600255,23.794959],[119.600751,23.794699],[119.600634,23.794282],[119.599999,23.794359],[119.599915,23.793906],[119.599699,23.794029],[119.599173,23.793509],[119.59936,23.794165],[119.598711,23.79454],[119.599322,23.795095],[119.598165,23.795326],[119.597477,23.796545],[119.596771,23.796688],[119.596681,23.797219],[119.5964,23.796847],[119.596857,23.796252],[119.595842,23.795757],[119.595758,23.796195],[119.596125,23.796424],[119.595613,23.796801],[119.596201,23.797239],[119.595759,23.797886],[119.596206,23.798297],[119.597313,23.797927],[119.597874,23.796986],[119.598545,23.796992],[119.59858,23.796141],[119.599147,23.796281],[119.599168,23.795879],[119.599968,23.796167],[119.599661,23.795728],[119.600218,23.796051],[119.5999,23.795567]],[[119.595342,23.810244],[119.595812,23.810683],[119.59627,23.810618],[119.596544,23.809535],[119.595618,23.809455],[119.595298,23.808987],[119.595005,23.809442],[119.593613,23.809046],[119.593456,23.809396],[119.592951,23.809441],[119.592966,23.810073],[119.593657,23.810449],[119.594397,23.810058],[119.595342,23.810244]],[[119.621097,23.250158],[119.62069,23.25008],[119.62066,23.249669],[119.619968,23.249525],[119.61964,23.248707],[119.620231,23.247739],[119.620814,23.247664],[119.62155,23.246496],[119.621914,23.246524],[119.621506,23.246156],[119.622111,23.245717],[119.621492,23.245553],[119.622384,23.24524],[119.621561,23.244611],[119.61952,23.245427],[119.618673,23.245122],[119.619124,23.245072],[119.618677,23.24469],[119.617722,23.244513],[119.618062,23.244203],[119.617583,23.244302],[119.617799,23.244053],[119.617392,23.243851],[119.61674,23.2437],[119.616163,23.244091],[119.615811,23.243957],[119.615685,23.244305],[119.61531,23.244099],[119.613878,23.245398],[119.611981,23.245601],[119.610921,23.246168],[119.61042,23.247005],[119.609769,23.247317],[119.610067,23.248128],[119.608683,23.248915],[119.608519,23.249595],[119.609148,23.250446],[119.608738,23.251418],[119.612083,23.252198],[119.612851,23.253213],[119.613471,23.25312],[119.613478,23.253635],[119.61412,23.253242],[119.61446,23.253543],[119.614942,23.253035],[119.616147,23.253721],[119.618124,23.25312],[119.618825,23.253341],[119.619118,23.253019],[119.619962,23.253054],[119.620695,23.253333],[119.621393,23.252942],[119.621389,23.251416],[119.620658,23.251455],[119.620995,23.251223],[119.620626,23.250554],[119.621097,23.250158]],[[119.618255,23.255501],[119.618575,23.255048],[119.61736,23.255202],[119.617487,23.255466],[119.617845,23.2552],[119.618255,23.255501]],[[119.657659,23.262005],[119.65773,23.262567],[119.657178,23.262881],[119.657482,23.263275],[119.658217,23.263163],[119.658288,23.263878],[119.658891,23.264203],[119.659809,23.263931],[119.660939,23.264366],[119.661657,23.263894],[119.661634,23.262925],[119.660035,23.259963],[119.659701,23.260414],[119.659389,23.260104],[119.659522,23.260514],[119.659039,23.260439],[119.658825,23.260851],[119.658431,23.260494],[119.656729,23.260977],[119.657659,23.262005]],[[119.659836,23.54005],[119.660682,23.539977],[119.661309,23.540385],[119.661505,23.540057],[119.661029,23.53946],[119.659953,23.539646],[119.66027,23.539906],[119.659836,23.54005]],[[119.659677,23.542532],[119.66006,23.541812],[119.659707,23.541563],[119.659021,23.541756],[119.659677,23.542532]],[[119.659396,23.543468],[119.659766,23.543622],[119.6594,23.543718],[119.6594,23.544337],[119.66096,23.544709],[119.660087,23.543051],[119.659487,23.54293],[119.659396,23.543468]],[[119.659796,23.555311],[119.659775,23.556128],[119.660779,23.555295],[119.660158,23.554907],[119.659796,23.555311]],[[119.662875,23.557292],[119.662754,23.556678],[119.662489,23.55676],[119.662444,23.55762],[119.662875,23.557292]],[[119.66223,23.557992],[119.661814,23.557188],[119.660909,23.558776],[119.66104,23.559472],[119.661521,23.559479],[119.66223,23.557992]],[[119.663499,23.558466],[119.662743,23.558542],[119.662906,23.559564],[119.66426,23.557657],[119.664101,23.557178],[119.663105,23.558151],[119.663499,23.558466]],[[119.614832,23.607533],[119.614642,23.607035],[119.61388,23.606916],[119.614308,23.607713],[119.614832,23.607533]],[[119.617337,23.630407],[119.617535,23.630293],[119.617328,23.630086],[119.617337,23.630407]],[[119.660189,23.629664],[119.660283,23.630045],[119.659319,23.629812],[119.658573,23.630228],[119.659028,23.631768],[119.659265,23.631571],[119.659506,23.632035],[119.660351,23.63153],[119.660406,23.631062],[119.660781,23.631092],[119.660744,23.630533],[119.661184,23.630057],[119.662166,23.629863],[119.662122,23.629039],[119.660766,23.628966],[119.660759,23.629334],[119.660189,23.629664]],[[119.631254,23.640795],[119.631024,23.64101],[119.631673,23.640862],[119.631254,23.640795]],[[119.629916,23.640658],[119.630044,23.641223],[119.630726,23.641014],[119.630641,23.640711],[119.629916,23.640658]],[[119.630439,23.642168],[119.630368,23.642159],[119.630349,23.642382],[119.630439,23.642168]],[[119.633106,23.64652],[119.632732,23.646602],[119.632084,23.645601],[119.630659,23.644651],[119.631549,23.645747],[119.629635,23.646173],[119.629669,23.646294],[119.631623,23.645839],[119.6318,23.647654],[119.630099,23.647266],[119.629884,23.646664],[119.629548,23.646778],[119.630031,23.647458],[119.63163,23.647758],[119.631636,23.650189],[119.632311,23.651403],[119.633287,23.651957],[119.636145,23.651282],[119.63687,23.650457],[119.63672,23.649507],[119.636097,23.648839],[119.63609,23.647659],[119.634153,23.64666],[119.633753,23.643876],[119.633975,23.642922],[119.633119,23.643641],[119.633106,23.64652]],[[119.642995,23.660109],[119.639329,23.659287],[119.638575,23.658062],[119.638245,23.65809],[119.638892,23.659433],[119.639721,23.660249],[119.64145,23.660368],[119.645427,23.659995],[119.642995,23.660109]],[[119.665721,23.666889],[119.666009,23.665497],[119.665316,23.665333],[119.666171,23.664158],[119.6654,23.66404],[119.665283,23.663455],[119.665698,23.663045],[119.665566,23.662585],[119.666119,23.662522],[119.666439,23.662069],[119.665579,23.661036],[119.665683,23.660467],[119.667686,23.66051],[119.666742,23.660316],[119.666847,23.659972],[119.666456,23.659694],[119.66471,23.659774],[119.663948,23.659183],[119.664184,23.658711],[119.662271,23.659134],[119.66174,23.658504],[119.659895,23.658749],[119.657462,23.659509],[119.6573,23.659124],[119.654082,23.656803],[119.657115,23.65921],[119.657139,23.65972],[119.659223,23.659061],[119.659385,23.659467],[119.658197,23.659937],[119.65908,23.659775],[119.659239,23.660158],[119.658455,23.66094],[119.656719,23.65972],[119.656101,23.660503],[119.655571,23.660336],[119.655998,23.660639],[119.655704,23.660925],[119.65504,23.660483],[119.655748,23.659471],[119.656404,23.659401],[119.655659,23.659257],[119.654749,23.660509],[119.657556,23.662565],[119.660462,23.662767],[119.661838,23.663504],[119.663136,23.666596],[119.663747,23.666525],[119.663286,23.668053],[119.663664,23.669668],[119.664385,23.670288],[119.664025,23.66973],[119.665361,23.669873],[119.665077,23.669255],[119.665284,23.66895],[119.666154,23.669255],[119.666679,23.668687],[119.667363,23.668627],[119.666203,23.667921],[119.666635,23.667851],[119.666422,23.667554],[119.666964,23.667189],[119.665721,23.666889]],[[119.617055,23.670698],[119.618473,23.673302],[119.617785,23.67293],[119.617608,23.673323],[119.616501,23.673242],[119.615904,23.668533],[119.615694,23.669699],[119.616236,23.674035],[119.617811,23.67584],[119.61957,23.675286],[119.619303,23.67496],[119.619623,23.67471],[119.619276,23.674028],[119.619492,23.673512],[119.618392,23.672997],[119.617158,23.670535],[119.616798,23.669051],[119.614213,23.665249],[119.616494,23.668648],[119.617055,23.670698]],[[119.612224,23.670622],[119.612081,23.671133],[119.612292,23.671055],[119.612224,23.670622]],[[119.642488,23.6738],[119.643463,23.673927],[119.643341,23.673611],[119.642466,23.673432],[119.642488,23.6738]],[[119.644651,23.675744],[119.645104,23.675259],[119.643867,23.675144],[119.643601,23.675441],[119.644651,23.675744]],[[119.658138,23.676209],[119.656692,23.678569],[119.656833,23.678837],[119.656979,23.678451],[119.658138,23.676209]],[[119.654412,23.684674],[119.654455,23.68461],[119.654231,23.684496],[119.654412,23.684674]],[[119.654217,23.684715],[119.654227,23.684643],[119.654014,23.684535],[119.654217,23.684715]],[[119.655186,23.684666],[119.655105,23.684693],[119.655189,23.68486],[119.655186,23.684666]],[[119.654804,23.684805],[119.654957,23.684816],[119.654962,23.684755],[119.654804,23.684805]],[[119.623139,23.684557],[119.622709,23.684942],[119.623743,23.68529],[119.624195,23.684934],[119.623139,23.684557]],[[119.656015,23.685091],[119.656048,23.685039],[119.655828,23.684925],[119.656015,23.685091]],[[119.654471,23.685208],[119.654705,23.685235],[119.654453,23.684888],[119.654333,23.684922],[119.654471,23.685208]],[[119.655533,23.685172],[119.654862,23.685015],[119.655254,23.685311],[119.655533,23.685172]],[[119.654038,23.68507],[119.654223,23.685284],[119.654234,23.685264],[119.654038,23.68507]],[[119.620962,23.685703],[119.620807,23.686115],[119.621259,23.686738],[119.621911,23.686006],[119.621409,23.685406],[119.621376,23.685968],[119.620962,23.685703]],[[119.654888,23.688507],[119.654382,23.688778],[119.655017,23.688852],[119.6551,23.688763],[119.654888,23.688507]],[[119.652029,23.688939],[119.651647,23.688444],[119.650672,23.689389],[119.650668,23.68987],[119.652339,23.689802],[119.652459,23.689005],[119.652238,23.688559],[119.652029,23.688939]],[[119.650724,23.691814],[119.650249,23.692892],[119.649561,23.693157],[119.649684,23.693441],[119.650348,23.693303],[119.651837,23.693791],[119.653281,23.692159],[119.652641,23.690713],[119.651717,23.690974],[119.651851,23.691357],[119.651481,23.691578],[119.651858,23.6918],[119.651511,23.692329],[119.650822,23.691488],[119.650422,23.691668],[119.650724,23.691814]],[[119.617945,23.708752],[119.618637,23.709194],[119.619085,23.708601],[119.618848,23.708263],[119.617945,23.708752]],[[119.60954,23.708927],[119.609527,23.709844],[119.609859,23.710233],[119.610916,23.7111],[119.611005,23.710809],[119.611499,23.710888],[119.611701,23.711695],[119.611774,23.711054],[119.612168,23.711393],[119.612577,23.711245],[119.612204,23.711057],[119.612471,23.710744],[119.612697,23.7101],[119.612169,23.710958],[119.610447,23.7104],[119.609701,23.709843],[119.609914,23.709386],[119.60954,23.708927]],[[119.609824,23.712823],[119.610358,23.713008],[119.610203,23.712539],[119.610189,23.712859],[119.609824,23.712823]],[[119.609772,23.713527],[119.610213,23.71353],[119.609963,23.713057],[119.609597,23.71316],[119.609772,23.713527]],[[119.60934,23.71345],[119.60931,23.713655],[119.609533,23.713589],[119.60934,23.71345]],[[119.612457,23.714817],[119.613368,23.715409],[119.613059,23.714354],[119.612556,23.714105],[119.612457,23.714817]],[[119.612257,23.715833],[119.612653,23.715665],[119.612201,23.71512],[119.611707,23.715445],[119.612257,23.715833]],[[119.611183,23.716264],[119.611912,23.715893],[119.611452,23.715446],[119.611098,23.716201],[119.610567,23.716237],[119.611183,23.716264]],[[119.609963,23.733057],[119.610067,23.731294],[119.608949,23.731192],[119.609861,23.731353],[119.609959,23.732658],[119.60952,23.733899],[119.609963,23.733057]],[[119.612439,23.734032],[119.613418,23.732922],[119.612469,23.732544],[119.612096,23.73346],[119.612439,23.734032]],[[119.610705,23.733194],[119.610334,23.733417],[119.611093,23.733466],[119.612215,23.73433],[119.612182,23.733841],[119.611493,23.733722],[119.611558,23.73336],[119.610705,23.733194]],[[119.611395,23.736451],[119.612174,23.736094],[119.611484,23.735304],[119.611043,23.735146],[119.61197,23.736155],[119.611395,23.736451]],[[119.610345,23.737424],[119.610279,23.737957],[119.610706,23.737718],[119.61021,23.737192],[119.609208,23.736699],[119.608651,23.737534],[119.608897,23.738082],[119.608815,23.737473],[119.609186,23.736907],[119.610345,23.737424]],[[119.622847,23.74797],[119.622625,23.747594],[119.623106,23.747199],[119.622652,23.746765],[119.623267,23.746104],[119.622863,23.744882],[119.623643,23.744025],[119.623209,23.743792],[119.623812,23.743691],[119.623174,23.743601],[119.623135,23.742766],[119.622298,23.743029],[119.621159,23.742428],[119.620547,23.742939],[119.620172,23.742854],[119.619498,23.741563],[119.618765,23.741122],[119.619309,23.740971],[119.619076,23.740637],[119.619772,23.740795],[119.619642,23.740315],[119.618792,23.74028],[119.61913,23.740565],[119.6186,23.740456],[119.617941,23.740809],[119.617939,23.741193],[119.618356,23.741128],[119.618226,23.741444],[119.618606,23.741666],[119.617365,23.741583],[119.616463,23.741935],[119.616037,23.74171],[119.615469,23.741006],[119.615762,23.737596],[119.615512,23.738938],[119.613991,23.739407],[119.615462,23.739078],[119.61545,23.73995],[119.615138,23.73996],[119.615009,23.74066],[119.614224,23.740679],[119.61479,23.74016],[119.614166,23.740643],[119.613927,23.740346],[119.614881,23.739855],[119.614029,23.740192],[119.613706,23.739519],[119.612743,23.739818],[119.613572,23.739682],[119.61384,23.74027],[119.6126,23.740498],[119.613091,23.741113],[119.6123,23.741698],[119.611363,23.741478],[119.611178,23.741244],[119.612429,23.740544],[119.611081,23.741048],[119.61089,23.740537],[119.612442,23.739912],[119.610827,23.740408],[119.610517,23.739556],[119.614349,23.738629],[119.614828,23.738214],[119.61498,23.737439],[119.609922,23.739051],[119.608526,23.738641],[119.607064,23.73755],[119.605607,23.735208],[119.604756,23.73264],[119.603169,23.731434],[119.603343,23.727875],[119.603992,23.726742],[119.6031,23.725375],[119.602847,23.725588],[119.602652,23.725366],[119.601411,23.72607],[119.602005,23.73017],[119.600229,23.734759],[119.598622,23.736221],[119.596547,23.736561],[119.596662,23.73703],[119.596344,23.736998],[119.595847,23.737708],[119.59591,23.738239],[119.596625,23.73889],[119.59597,23.739033],[119.597055,23.739837],[119.597407,23.741881],[119.602129,23.743747],[119.603872,23.745357],[119.605209,23.749559],[119.606643,23.751813],[119.605818,23.752008],[119.606759,23.751899],[119.606693,23.752256],[119.607176,23.752389],[119.607772,23.751989],[119.608613,23.752467],[119.608693,23.753428],[119.60753,23.753749],[119.607264,23.753646],[119.607675,23.753358],[119.606924,23.752819],[119.60792,23.752364],[119.60641,23.752634],[119.605645,23.752282],[119.605968,23.752913],[119.60577,23.752577],[119.60548,23.752542],[119.605753,23.753338],[119.606348,23.75383],[119.606515,23.75355],[119.607135,23.754048],[119.608285,23.754206],[119.607792,23.755265],[119.609749,23.755943],[119.609978,23.756602],[119.611098,23.757473],[119.610915,23.75811],[119.61129,23.758775],[119.611649,23.758582],[119.61144,23.75786],[119.612357,23.756001],[119.611619,23.753949],[119.6125,23.752849],[119.614698,23.751621],[119.616553,23.751591],[119.61773,23.751133],[119.619018,23.750053],[119.620784,23.7495],[119.621442,23.74835],[119.621918,23.749328],[119.621871,23.748141],[119.622847,23.74797]],[[119.62475,23.7485],[119.624844,23.748294],[119.624476,23.748295],[119.624445,23.748408],[119.62475,23.7485]],[[119.625208,23.74843],[119.624935,23.748332],[119.624855,23.748621],[119.625208,23.74843]],[[119.624675,23.748981],[119.62496,23.748853],[119.62476,23.748759],[119.624675,23.748981]],[[119.624639,23.748992],[119.624519,23.748618],[119.624175,23.748908],[119.624536,23.749286],[119.624639,23.748992]],[[119.624666,23.749051],[119.624686,23.749276],[119.624848,23.749127],[119.624666,23.749051]],[[119.62529,23.749046],[119.625134,23.749378],[119.625587,23.749282],[119.62529,23.749046]],[[119.624551,23.749904],[119.624231,23.749845],[119.624136,23.750136],[119.624624,23.750475],[119.624822,23.75019],[119.624551,23.749904]],[[119.624549,23.750844],[119.624773,23.751075],[119.624818,23.750982],[119.624549,23.750844]],[[119.624099,23.750997],[119.624097,23.751407],[119.624315,23.751188],[119.624099,23.750997]],[[119.624344,23.751262],[119.624143,23.7515],[119.624503,23.751684],[119.624344,23.751262]],[[119.625,23.751758],[119.624983,23.751693],[119.624636,23.751665],[119.625,23.751758]],[[119.624467,23.751894],[119.624355,23.751727],[119.624074,23.751785],[119.624467,23.751894]],[[119.62519,23.751985],[119.624855,23.751836],[119.624646,23.752121],[119.62519,23.751985]],[[119.625001,23.752135],[119.624952,23.75228],[119.625146,23.752164],[119.625001,23.752135]],[[119.623709,23.752287],[119.624044,23.75229],[119.62389,23.752135],[119.623676,23.752208],[119.623709,23.752287]],[[119.623126,23.752405],[119.623344,23.752713],[119.623367,23.752656],[119.623126,23.752405]],[[119.620542,23.755442],[119.621137,23.755214],[119.620697,23.754877],[119.620542,23.755442]],[[119.619795,23.756055],[119.620087,23.756096],[119.620025,23.755487],[119.619795,23.756055]],[[119.611476,23.775612],[119.611802,23.775929],[119.61217,23.775939],[119.611759,23.775559],[119.611476,23.775612]],[[119.611515,23.77612],[119.611623,23.776647],[119.612207,23.776963],[119.611843,23.776073],[119.611515,23.77612]],[[119.611107,23.776688],[119.611073,23.777092],[119.611646,23.77734],[119.611608,23.776742],[119.611107,23.776688]],[[119.610797,23.777064],[119.610327,23.777474],[119.610804,23.777414],[119.610797,23.777064]],[[119.613753,23.778095],[119.61344,23.777794],[119.61339,23.777094],[119.612936,23.776906],[119.612962,23.777811],[119.612441,23.776631],[119.612649,23.778088],[119.613676,23.77882],[119.613927,23.77776],[119.613753,23.778095]],[[119.61237,23.778098],[119.612496,23.778071],[119.612429,23.777592],[119.612004,23.77754],[119.61237,23.778098]],[[119.611782,23.778751],[119.612304,23.778706],[119.612041,23.777849],[119.611278,23.77759],[119.611782,23.778751]],[[119.61119,23.780035],[119.611882,23.779872],[119.610758,23.778829],[119.611136,23.778862],[119.611179,23.778527],[119.611871,23.77947],[119.611858,23.778893],[119.610954,23.777761],[119.611007,23.778386],[119.6107,23.778224],[119.61052,23.778925],[119.61119,23.780035]],[[119.610024,23.779256],[119.609858,23.779451],[119.609804,23.77905],[119.609301,23.778918],[119.610209,23.780667],[119.611009,23.780891],[119.610342,23.780574],[119.610454,23.78032],[119.610757,23.780531],[119.610883,23.78026],[119.611474,23.780734],[119.611763,23.780548],[119.611195,23.780414],[119.611131,23.779999],[119.610287,23.780007],[119.610024,23.779256]],[[119.678547,23.260331],[119.678018,23.258986],[119.677893,23.257837],[119.678378,23.257145],[119.678114,23.257189],[119.677915,23.25604],[119.676561,23.254459],[119.676485,23.254789],[119.675001,23.25406],[119.674007,23.253037],[119.673737,23.252417],[119.67445,23.251888],[119.673618,23.252025],[119.6727,23.251277],[119.672457,23.250488],[119.673327,23.249757],[119.672952,23.249508],[119.67294,23.248872],[119.674108,23.248072],[119.67317,23.248214],[119.673089,23.247921],[119.674078,23.247508],[119.674245,23.246715],[119.672591,23.246209],[119.672077,23.24509],[119.672288,23.24417],[119.671483,23.244196],[119.6711,23.24389],[119.670883,23.245724],[119.669968,23.245774],[119.66935,23.247727],[119.667116,23.2494],[119.665969,23.248357],[119.666416,23.25034],[119.665441,23.250703],[119.66524,23.250101],[119.665087,23.250668],[119.664579,23.250539],[119.666765,23.252372],[119.666254,23.253323],[119.666526,23.254924],[119.666803,23.254964],[119.666586,23.25345],[119.666861,23.25295],[119.667388,23.253128],[119.66755,23.254511],[119.666977,23.254595],[119.667046,23.254913],[119.667667,23.254829],[119.667845,23.255278],[119.66705,23.255793],[119.666764,23.255296],[119.666959,23.256372],[119.665934,23.256981],[119.666201,23.257244],[119.665542,23.257884],[119.665422,23.258611],[119.666175,23.259775],[119.666186,23.260849],[119.667445,23.261928],[119.66755,23.26165],[119.670543,23.262732],[119.671065,23.263122],[119.67067,23.263239],[119.670707,23.26335],[119.674078,23.26259],[119.674341,23.262948],[119.675386,23.262982],[119.675254,23.263301],[119.67596,23.263307],[119.676059,23.263733],[119.676581,23.263792],[119.67654,23.264221],[119.676861,23.264285],[119.676914,23.263865],[119.677228,23.264385],[119.677327,23.263621],[119.677779,23.263845],[119.678274,23.263319],[119.679136,23.263587],[119.679459,23.262906],[119.679076,23.261641],[119.679344,23.261229],[119.679778,23.261444],[119.679342,23.260766],[119.680092,23.260189],[119.678547,23.260331]],[[119.725397,23.53489],[119.724706,23.534675],[119.724426,23.535078],[119.723989,23.534904],[119.724517,23.53573],[119.725646,23.535813],[119.725589,23.536104],[119.726194,23.536029],[119.72626,23.534783],[119.726722,23.534952],[119.726449,23.534603],[119.726986,23.534346],[119.726369,23.534109],[119.726272,23.534437],[119.725767,23.534498],[119.725125,23.534255],[119.724932,23.534471],[119.725397,23.53489]],[[119.697004,23.540748],[119.698517,23.540559],[119.699053,23.539716],[119.698873,23.539437],[119.699487,23.538994],[119.699272,23.538487],[119.698728,23.538278],[119.697244,23.538399],[119.697071,23.539366],[119.696611,23.539452],[119.697004,23.540748]],[[119.689693,23.547526],[119.689922,23.547568],[119.69007,23.546836],[119.689441,23.546746],[119.689693,23.547526]],[[119.685332,23.547193],[119.685563,23.549269],[119.686253,23.548884],[119.686342,23.548017],[119.685332,23.547193]],[[119.706886,23.553998],[119.706811,23.554111],[119.70705,23.554121],[119.706886,23.553998]],[[119.706284,23.554646],[119.706524,23.554816],[119.706476,23.554564],[119.706284,23.554646]],[[119.696871,23.554539],[119.696895,23.554034],[119.696211,23.554219],[119.696581,23.554974],[119.695458,23.555453],[119.696434,23.555273],[119.696853,23.555603],[119.697314,23.554366],[119.696871,23.554539]],[[119.706104,23.556468],[119.706134,23.556685],[119.706772,23.556671],[119.706104,23.556468]],[[119.695691,23.557353],[119.696146,23.557256],[119.696002,23.556961],[119.695399,23.557011],[119.695284,23.557316],[119.694116,23.557188],[119.694096,23.557416],[119.694581,23.557378],[119.694466,23.557823],[119.695542,23.55781],[119.695691,23.557353]],[[119.725601,23.55814],[119.725045,23.557178],[119.724281,23.557566],[119.723468,23.557398],[119.723135,23.557799],[119.722747,23.55767],[119.723295,23.558676],[119.724019,23.558901],[119.725345,23.558719],[119.725601,23.55814]],[[119.66464,23.557022],[119.664618,23.558362],[119.664114,23.559667],[119.664891,23.559908],[119.66467,23.558941],[119.665419,23.557679],[119.665111,23.556894],[119.66464,23.557022]],[[119.692044,23.56253],[119.692441,23.561478],[119.690985,23.561225],[119.690514,23.561665],[119.690713,23.563328],[119.691048,23.563841],[119.691396,23.563645],[119.692135,23.56389],[119.692508,23.563681],[119.692044,23.56253]],[[119.689978,23.562796],[119.689317,23.562655],[119.689169,23.562206],[119.688882,23.56248],[119.689611,23.563096],[119.689978,23.562796]],[[119.693021,23.564807],[119.693815,23.564441],[119.694595,23.56425],[119.693702,23.563904],[119.692866,23.564461],[119.693021,23.564807]],[[119.690484,23.597998],[119.691047,23.597883],[119.690438,23.596515],[119.689826,23.596665],[119.689698,23.597426],[119.689956,23.597583],[119.689433,23.59861],[119.690532,23.598361],[119.690484,23.597998]],[[119.677918,23.598272],[119.678429,23.598814],[119.679335,23.598278],[119.677918,23.598272]],[[119.675206,23.598377],[119.674817,23.598561],[119.674871,23.599414],[119.675494,23.600166],[119.676257,23.599765],[119.676265,23.599433],[119.675553,23.599068],[119.675206,23.598377]],[[119.674687,23.602797],[119.674933,23.60245],[119.673903,23.602839],[119.674687,23.602797]],[[119.675514,23.603739],[119.675991,23.603678],[119.67618,23.603273],[119.675799,23.603426],[119.676447,23.602618],[119.675789,23.603298],[119.67564,23.603023],[119.675248,23.603404],[119.674224,23.603302],[119.672947,23.601985],[119.672917,23.60266],[119.673559,23.603222],[119.673021,23.603362],[119.67295,23.603762],[119.672311,23.603769],[119.672056,23.604115],[119.672488,23.604362],[119.671956,23.604829],[119.672709,23.604903],[119.674512,23.604317],[119.675397,23.604482],[119.675126,23.604743],[119.674208,23.604621],[119.673727,23.605158],[119.674418,23.605313],[119.674875,23.604934],[119.675447,23.605272],[119.676068,23.60482],[119.677117,23.604719],[119.6773,23.604059],[119.677023,23.604204],[119.67671,23.603707],[119.67611,23.603998],[119.676328,23.603548],[119.675862,23.603925],[119.675514,23.603739]],[[119.700007,23.615502],[119.700656,23.615545],[119.700522,23.61515],[119.699941,23.615044],[119.700007,23.615502]],[[119.70082,23.616058],[119.701033,23.616319],[119.701404,23.616209],[119.70082,23.616058]],[[119.699307,23.615677],[119.698929,23.616169],[119.698944,23.615726],[119.697637,23.616077],[119.698018,23.61715],[119.698732,23.617287],[119.699797,23.615898],[119.699759,23.615677],[119.699307,23.615677]],[[119.70169,23.617289],[119.702535,23.617547],[119.702864,23.616652],[119.701669,23.616673],[119.70169,23.617289]],[[119.698218,23.617926],[119.697588,23.618412],[119.698,23.619184],[119.698454,23.618275],[119.698218,23.617926]],[[119.698766,23.617257],[119.699228,23.617537],[119.699227,23.618468],[119.698604,23.618464],[119.699219,23.618732],[119.698773,23.619007],[119.699037,23.619861],[119.699688,23.61998],[119.699835,23.620336],[119.699812,23.619914],[119.700373,23.619903],[119.700129,23.619716],[119.701259,23.619648],[119.700698,23.618673],[119.700789,23.617573],[119.699904,23.617501],[119.699804,23.61702],[119.699431,23.617421],[119.698766,23.617257]],[[119.695638,23.619497],[119.69604,23.620281],[119.69641,23.620352],[119.696247,23.619262],[119.695305,23.618912],[119.695264,23.619488],[119.695638,23.619497]],[[119.694188,23.619962],[119.694194,23.61979],[119.693946,23.619749],[119.694188,23.619962]],[[119.692924,23.623026],[119.692931,23.622947],[119.692808,23.622946],[119.692924,23.623026]],[[119.683207,23.626167],[119.683302,23.626875],[119.684031,23.626863],[119.684234,23.626103],[119.684529,23.626387],[119.684255,23.627329],[119.68608,23.627761],[119.686967,23.626965],[119.687087,23.626118],[119.686592,23.625951],[119.685616,23.626264],[119.685346,23.625728],[119.685834,23.625141],[119.684906,23.624737],[119.68462,23.625352],[119.683853,23.625317],[119.683207,23.626167]],[[119.709041,23.626854],[119.709859,23.627182],[119.70986,23.6269],[119.709287,23.626409],[119.709041,23.626854]],[[119.696569,23.641245],[119.696112,23.640902],[119.695794,23.641104],[119.696383,23.642014],[119.696569,23.641245]],[[119.670725,23.673791],[119.669849,23.673969],[119.66924,23.673461],[119.668591,23.673453],[119.669629,23.675073],[119.670001,23.675056],[119.671002,23.67614],[119.671042,23.675866],[119.671351,23.676055],[119.672655,23.675607],[119.672944,23.674989],[119.672717,23.674453],[119.671568,23.67423],[119.671327,23.674676],[119.671055,23.674474],[119.671346,23.674116],[119.670725,23.673791]],[[119.669461,23.677302],[119.669339,23.677005],[119.66867,23.676886],[119.668035,23.676035],[119.667872,23.677169],[119.666776,23.676325],[119.666224,23.676982],[119.665101,23.677073],[119.664725,23.677539],[119.665502,23.677791],[119.666004,23.678532],[119.665496,23.679229],[119.665829,23.679797],[119.665473,23.680934],[119.664954,23.681218],[119.665531,23.681588],[119.666821,23.680469],[119.666356,23.681724],[119.666893,23.682501],[119.666147,23.683159],[119.666843,23.682858],[119.66712,23.681931],[119.667687,23.682784],[119.668048,23.682661],[119.667401,23.681298],[119.668297,23.681233],[119.66843,23.680948],[119.667924,23.680171],[119.668097,23.678744],[119.669449,23.677546],[119.66915,23.677283],[119.669461,23.677302]],[[119.664708,23.682621],[119.664344,23.681541],[119.663495,23.682039],[119.663909,23.68266],[119.664178,23.682379],[119.664708,23.682621]],[[119.668057,23.682801],[119.667662,23.683741],[119.668044,23.683527],[119.668057,23.682801]],[[119.672561,23.686097],[119.671726,23.685008],[119.671824,23.684617],[119.671072,23.684309],[119.672069,23.683614],[119.671844,23.683583],[119.672156,23.682528],[119.671581,23.681916],[119.671735,23.682498],[119.670683,23.682855],[119.670239,23.683778],[119.670186,23.684615],[119.670937,23.684702],[119.670022,23.68721],[119.669562,23.687437],[119.670874,23.687407],[119.670424,23.687734],[119.67076,23.687902],[119.67062,23.688451],[119.671456,23.688535],[119.671002,23.688987],[119.671673,23.689404],[119.670745,23.69064],[119.671663,23.69062],[119.67232,23.689845],[119.672067,23.689178],[119.672603,23.688867],[119.672287,23.687895],[119.67166,23.687444],[119.671916,23.687098],[119.672365,23.687233],[119.672125,23.686817],[119.672561,23.686097]],[[119.669967,23.688379],[119.67019,23.68818],[119.670015,23.687882],[119.669829,23.688233],[119.669967,23.688379]],[[119.672404,23.690204],[119.672566,23.689932],[119.672339,23.689757],[119.672404,23.690204]],[[119.672309,23.690441],[119.67234,23.690432],[119.672317,23.690387],[119.672309,23.690441]],[[119.672196,23.690435],[119.672132,23.690517],[119.672185,23.690503],[119.672196,23.690435]],[[119.670834,23.691597],[119.670814,23.690759],[119.670301,23.69127],[119.670834,23.691597]],[[119.671032,23.693774],[119.670562,23.692912],[119.669617,23.692943],[119.67016,23.693209],[119.670246,23.69362],[119.671032,23.693774]],[[119.94791,25.978632],[119.94761,25.978612],[119.947719,25.978163],[119.946417,25.978055],[119.946279,25.97729],[119.946548,25.976939],[119.945481,25.976552],[119.94486,25.975883],[119.945284,25.975546],[119.94378,25.974948],[119.94194,25.972923],[119.939686,25.973989],[119.93849,25.973384],[119.937203,25.971778],[119.937455,25.971289],[119.938347,25.97097],[119.938317,25.970675],[119.936722,25.969877],[119.93503,25.967744],[119.931557,25.967472],[119.932495,25.969159],[119.933294,25.968604],[119.933615,25.969452],[119.933209,25.970138],[119.931694,25.970908],[119.931843,25.971562],[119.930531,25.971874],[119.929168,25.970808],[119.92872,25.971089],[119.928859,25.972539],[119.92564,25.976684],[119.925671,25.977517],[119.924011,25.979237],[119.92477,25.980466],[119.926905,25.981647],[119.927086,25.981232],[119.928369,25.981122],[119.928845,25.981567],[119.931229,25.98168],[119.931964,25.981351],[119.932549,25.980222],[119.933405,25.97997],[119.937291,25.981753],[119.938864,25.980683],[119.938998,25.981123],[119.939854,25.981434],[119.940015,25.981996],[119.941393,25.981913],[119.94184,25.981505],[119.94296,25.981869],[119.94276,25.982408],[119.944025,25.982091],[119.943896,25.982589],[119.94425,25.982741],[119.944595,25.982095],[119.943926,25.981846],[119.944504,25.980879],[119.945076,25.980681],[119.945315,25.981017],[119.945752,25.980867],[119.948012,25.981715],[119.947441,25.981389],[119.948499,25.981094],[119.947941,25.980245],[119.94826,25.979856],[119.94791,25.978632]],[[119.920303,25.975678],[119.920215,25.975159],[119.919296,25.974677],[119.919393,25.975157],[119.920303,25.975678]],[[119.921786,25.977053],[119.922161,25.976743],[119.922006,25.976262],[119.921721,25.976314],[119.921786,25.977053]],[[119.94686,25.977173],[119.947127,25.977134],[119.946969,25.976787],[119.946806,25.977102],[119.94686,25.977173]],[[119.921713,25.977273],[119.921744,25.977466],[119.921995,25.97738],[119.921713,25.977273]],[[119.947076,25.977466],[119.947071,25.977361],[119.946814,25.977326],[119.947076,25.977466]],[[119.947054,25.977739],[119.947187,25.977688],[119.947068,25.977611],[119.947054,25.977739]],[[119.922084,25.97831],[119.92229,25.978308],[119.92229,25.97791],[119.921864,25.978051],[119.922084,25.97831]],[[119.948488,25.981397],[119.948464,25.981336],[119.948247,25.98131],[119.948488,25.981397]],[[119.948208,25.981458],[119.948199,25.981392],[119.948123,25.981416],[119.948208,25.981458]],[[119.948175,25.981636],[119.948174,25.981652],[119.948215,25.981652],[119.948175,25.981636]],[[119.946011,25.98201],[119.946193,25.982069],[119.946047,25.98195],[119.946011,25.98201]],[[119.946283,25.982052],[119.946774,25.982462],[119.946331,25.982048],[119.946283,25.982052]],[[119.940612,25.98227],[119.940817,25.982354],[119.940775,25.982209],[119.940612,25.98227]],[[119.944821,25.982314],[119.944856,25.982387],[119.944934,25.982355],[119.944821,25.982314]],[[119.946214,25.982373],[119.946337,25.982425],[119.946325,25.982352],[119.946214,25.982373]],[[119.944809,25.982443],[119.944674,25.982683],[119.944845,25.982464],[119.944809,25.982443]],[[119.943807,25.982752],[119.943692,25.982549],[119.943558,25.982774],[119.943581,25.982902],[119.943807,25.982752]],[[119.944446,25.983055],[119.944832,25.983117],[119.944852,25.982833],[119.944561,25.982903],[119.944446,25.983055]],[[119.957766,26.081138],[119.957963,26.081127],[119.957728,26.080987],[119.957766,26.081138]],[[119.961333,26.086128],[119.96136,26.08613],[119.961346,26.086083],[119.961333,26.086128]],[[119.961942,26.086142],[119.961813,26.086108],[119.96181,26.086177],[119.961942,26.086142]],[[119.962024,26.086276],[119.962261,26.086345],[119.962122,26.086222],[119.962024,26.086276]],[[119.961706,26.086322],[119.96174,26.086311],[119.961706,26.08628],[119.961706,26.086322]],[[119.961631,26.086601],[119.961667,26.086667],[119.96172,26.086644],[119.961631,26.086601]],[[119.961388,26.086751],[119.961383,26.086778],[119.961442,26.086808],[119.961388,26.086751]],[[119.961367,26.086888],[119.96128,26.08696],[119.961278,26.086999],[119.961367,26.086888]],[[119.961117,26.087188],[119.961292,26.08732],[119.961442,26.087042],[119.961117,26.087188]],[[119.961742,26.087209],[119.961281,26.087409],[119.961722,26.087461],[119.961742,26.087209]],[[119.962077,26.087365],[119.961927,26.08737],[119.961951,26.0874],[119.962077,26.087365]],[[119.955906,26.150918],[119.956055,26.150712],[119.955587,26.150735],[119.955555,26.150766],[119.955906,26.150918]],[[119.921763,26.171962],[119.922187,26.171777],[119.9234,26.171856],[119.923441,26.171622],[119.924451,26.171872],[119.925135,26.171516],[119.926359,26.172151],[119.928287,26.171989],[119.927745,26.170944],[119.928439,26.170608],[119.928403,26.169791],[119.927716,26.169641],[119.926356,26.170368],[119.925825,26.170086],[119.925859,26.169272],[119.925565,26.169121],[119.925939,26.16896],[119.926236,26.167947],[119.925486,26.167216],[119.92563,26.166627],[119.924722,26.165731],[119.924573,26.164995],[119.923882,26.164617],[119.923637,26.163778],[119.924146,26.163384],[119.923797,26.162817],[119.923932,26.162053],[119.9246,26.161228],[119.926444,26.161343],[119.926479,26.160975],[119.927807,26.160733],[119.92765,26.160355],[119.927951,26.160184],[119.928402,26.160582],[119.929029,26.160488],[119.929604,26.160973],[119.929557,26.161515],[119.930483,26.162067],[119.93052,26.161586],[119.930905,26.161422],[119.93068,26.160843],[119.931463,26.159987],[119.930277,26.160604],[119.929874,26.159406],[119.930236,26.158565],[119.930661,26.158598],[119.931151,26.158145],[119.932768,26.158823],[119.934333,26.158803],[119.934978,26.159531],[119.935844,26.15829],[119.935832,26.154227],[119.937301,26.1543],[119.93717,26.154942],[119.938995,26.156175],[119.939163,26.157067],[119.94037,26.157535],[119.941867,26.158903],[119.940116,26.162139],[119.939629,26.165839],[119.944403,26.164972],[119.945625,26.165705],[119.946539,26.165775],[119.949026,26.167469],[119.950616,26.167178],[119.951163,26.168211],[119.951913,26.168172],[119.952273,26.167624],[119.953081,26.167433],[119.95321,26.167161],[119.95272,26.166585],[119.953301,26.166148],[119.952664,26.165594],[119.952887,26.164404],[119.953612,26.164207],[119.95581,26.167019],[119.955747,26.167654],[119.956632,26.167962],[119.959558,26.167956],[119.960102,26.168384],[119.96067,26.168301],[119.96043,26.167752],[119.961508,26.167735],[119.965193,26.166484],[119.964791,26.165192],[119.963557,26.164922],[119.963509,26.163921],[119.962896,26.163748],[119.962829,26.16324],[119.963687,26.162075],[119.962505,26.161467],[119.962451,26.160978],[119.962892,26.160837],[119.962378,26.160528],[119.962755,26.160311],[119.962187,26.158418],[119.960776,26.158248],[119.960769,26.15771],[119.960188,26.157936],[119.959427,26.157555],[119.959579,26.15737],[119.958464,26.155765],[119.959035,26.155335],[119.958364,26.155416],[119.958266,26.154781],[119.957802,26.154482],[119.957583,26.154001],[119.957822,26.153377],[119.957149,26.152969],[119.957304,26.152251],[119.95593,26.151906],[119.955308,26.150733],[119.954236,26.150777],[119.954022,26.152114],[119.951582,26.151461],[119.952982,26.151944],[119.953276,26.152334],[119.952354,26.153379],[119.949969,26.153542],[119.948443,26.152067],[119.948494,26.151658],[119.949134,26.151408],[119.948411,26.150875],[119.949067,26.150148],[119.948477,26.149293],[119.948767,26.148553],[119.947902,26.148382],[119.94693,26.148787],[119.946267,26.148393],[119.946091,26.147097],[119.946517,26.14673],[119.944058,26.14578],[119.944139,26.145288],[119.943745,26.145329],[119.943481,26.144514],[119.941994,26.143253],[119.940706,26.143122],[119.939418,26.143517],[119.938032,26.142888],[119.937225,26.144524],[119.937572,26.14533],[119.937247,26.145792],[119.936131,26.146065],[119.935006,26.14541],[119.935139,26.145134],[119.93489,26.145641],[119.934441,26.145688],[119.933588,26.143945],[119.932811,26.143973],[119.932002,26.144549],[119.931624,26.143624],[119.930696,26.142957],[119.930859,26.142652],[119.930079,26.142705],[119.92979,26.142044],[119.928819,26.141591],[119.929082,26.140682],[119.930731,26.140349],[119.930411,26.139786],[119.928475,26.139449],[119.927713,26.139872],[119.926981,26.139148],[119.92613,26.139131],[119.926058,26.13851],[119.924725,26.138363],[119.92443,26.13778],[119.923329,26.13821],[119.923477,26.139449],[119.923187,26.139555],[119.924364,26.14095],[119.92348,26.141997],[119.922319,26.142179],[119.921697,26.141868],[119.921279,26.142132],[119.920639,26.141335],[119.921136,26.142092],[119.920723,26.14217],[119.918845,26.141474],[119.917449,26.14149],[119.916838,26.141089],[119.915968,26.141563],[119.915919,26.141946],[119.914514,26.141995],[119.913743,26.142737],[119.912621,26.142565],[119.913196,26.143363],[119.913036,26.145258],[119.912458,26.145517],[119.911909,26.145348],[119.91014,26.144143],[119.909758,26.144906],[119.908905,26.145345],[119.909247,26.146472],[119.910464,26.147669],[119.910747,26.149735],[119.915156,26.153261],[119.914508,26.154444],[119.913983,26.154674],[119.916079,26.155764],[119.916694,26.156371],[119.916536,26.156763],[119.91767,26.157894],[119.917232,26.159211],[119.916124,26.159342],[119.915951,26.159858],[119.915387,26.16011],[119.912509,26.15959],[119.91276,26.160207],[119.914634,26.161638],[119.915015,26.162865],[119.915966,26.162337],[119.917592,26.162689],[119.917334,26.163895],[119.917814,26.164697],[119.917707,26.165431],[119.918468,26.165518],[119.919165,26.167194],[119.91851,26.167972],[119.917015,26.167813],[119.916546,26.168673],[119.915163,26.169442],[119.915604,26.169996],[119.916073,26.170051],[119.916016,26.170505],[119.916909,26.171453],[119.915639,26.172619],[119.916463,26.174362],[119.916319,26.175128],[119.917034,26.175174],[119.91836,26.174371],[119.919955,26.175048],[119.920093,26.174783],[119.919676,26.174632],[119.92043,26.174398],[119.92058,26.17371],[119.920298,26.172848],[119.921638,26.172656],[119.921667,26.172326],[119.92206,26.172239],[119.921763,26.171962]],[[119.929307,26.171937],[119.928966,26.171671],[119.928927,26.171917],[119.929307,26.171937]],[[119.917992,26.175553],[119.918287,26.175497],[119.918136,26.175309],[119.917992,26.175553]],[[119.947816,26.195557],[119.949059,26.195575],[119.949124,26.195203],[119.948353,26.194324],[119.947444,26.194219],[119.947124,26.19451],[119.947233,26.194993],[119.947816,26.195557]],[[119.963519,25.942819],[119.96142,25.941003],[119.960923,25.942375],[119.96254,25.94412],[119.96245,25.944818],[119.96299,25.945162],[119.962047,25.945464],[119.963471,25.946989],[119.964699,25.946607],[119.963898,25.946244],[119.964652,25.946071],[119.964066,25.945681],[119.96385,25.945038],[119.964371,25.943967],[119.964707,25.944247],[119.964155,25.942648],[119.963928,25.942465],[119.963577,25.943232],[119.963519,25.942819]],[[119.964275,25.945486],[119.964145,25.945516],[119.964467,25.945743],[119.964275,25.945486]],[[119.964637,25.946751],[119.964213,25.94682],[119.964432,25.946937],[119.964637,25.946751]],[[119.987726,25.967176],[119.986608,25.967191],[119.987197,25.966741],[119.986784,25.965993],[119.985785,25.965344],[119.984552,25.964181],[119.984269,25.964472],[119.983682,25.964211],[119.983691,25.963976],[119.984638,25.963783],[119.984938,25.962503],[119.98379,25.961627],[119.981504,25.960721],[119.98043,25.959773],[119.978567,25.959653],[119.978344,25.958972],[119.97924,25.956675],[119.978956,25.956195],[119.977853,25.955903],[119.977156,25.956418],[119.976203,25.955126],[119.974684,25.955272],[119.975095,25.954561],[119.974987,25.953927],[119.974613,25.953443],[119.973938,25.953328],[119.972941,25.953728],[119.971481,25.956623],[119.970789,25.95492],[119.969607,25.953968],[119.967427,25.951263],[119.966489,25.951604],[119.965975,25.951427],[119.965862,25.950981],[119.965296,25.950983],[119.965372,25.949862],[119.964943,25.949206],[119.963018,25.948694],[119.962023,25.949434],[119.962119,25.949957],[119.961691,25.950111],[119.961503,25.949782],[119.961471,25.950097],[119.960584,25.950033],[119.960568,25.950456],[119.961263,25.950579],[119.962164,25.950125],[119.962224,25.950889],[119.962942,25.951528],[119.96273,25.952387],[119.963553,25.953381],[119.964084,25.955054],[119.964381,25.955581],[119.965605,25.956301],[119.965566,25.957213],[119.96501,25.958235],[119.963457,25.957808],[119.962186,25.957866],[119.962195,25.958108],[119.963751,25.958038],[119.963692,25.958615],[119.964364,25.958526],[119.964378,25.958842],[119.965122,25.958384],[119.966248,25.958403],[119.96822,25.959259],[119.96823,25.959662],[119.969545,25.960454],[119.969831,25.96092],[119.969589,25.96157],[119.970439,25.962233],[119.971486,25.964091],[119.971295,25.966012],[119.971612,25.966169],[119.971184,25.966461],[119.971631,25.966522],[119.971521,25.967057],[119.972979,25.967282],[119.974274,25.968386],[119.976639,25.968063],[119.977387,25.968485],[119.978329,25.968507],[119.978734,25.968355],[119.97851,25.967191],[119.979169,25.967112],[119.980015,25.966414],[119.981841,25.966465],[119.983047,25.967249],[119.981991,25.969018],[119.98378,25.969636],[119.984099,25.970763],[119.984497,25.970935],[119.984845,25.970586],[119.985394,25.970853],[119.986185,25.970626],[119.986744,25.969809],[119.987396,25.970339],[119.987982,25.970363],[119.98748,25.969816],[119.987837,25.969504],[119.987358,25.968858],[119.988663,25.968792],[119.988599,25.968127],[119.987726,25.967176]],[[119.98485,25.964424],[119.984874,25.964369],[119.984772,25.964338],[119.98485,25.964424]],[[119.985373,25.964842],[119.985874,25.964755],[119.98566,25.964646],[119.985373,25.964842]],[[119.989267,25.970857],[119.989398,25.970373],[119.990086,25.970031],[119.988656,25.969671],[119.988022,25.969953],[119.988978,25.970822],[119.989267,25.970857]],[[119.976289,25.972376],[119.976214,25.972351],[119.97628,25.972392],[119.976289,25.972376]],[[119.964203,25.972426],[119.964763,25.972588],[119.964725,25.972457],[119.964203,25.972426]],[[119.976571,25.972994],[119.976591,25.973038],[119.97663,25.973013],[119.976571,25.972994]],[[119.975022,25.971277],[119.975143,25.971015],[119.973985,25.970256],[119.974329,25.972178],[119.97403,25.972166],[119.974547,25.973554],[119.974444,25.974793],[119.975786,25.975921],[119.976116,25.975781],[119.975954,25.975132],[119.976371,25.975396],[119.976475,25.974791],[119.977092,25.9751],[119.977419,25.974871],[119.976484,25.974086],[119.977283,25.9741],[119.976582,25.973502],[119.975868,25.971864],[119.975022,25.971277]],[[119.964109,25.971612],[119.965166,25.97237],[119.965304,25.972863],[119.964945,25.974127],[119.965658,25.974486],[119.965972,25.975045],[119.966152,25.974877],[119.966674,25.974674],[119.966592,25.974226],[119.966956,25.974589],[119.967271,25.974297],[119.966779,25.973834],[119.967448,25.972398],[119.967209,25.971686],[119.966887,25.971495],[119.965959,25.972148],[119.964384,25.971151],[119.964109,25.971612]],[[119.974103,25.973115],[119.974133,25.973156],[119.974251,25.973115],[119.974103,25.973115]],[[119.97736,25.974034],[119.97744,25.974086],[119.977438,25.974018],[119.97736,25.974034]],[[119.97757,25.974184],[119.977544,25.974172],[119.977569,25.974204],[119.97757,25.974184]],[[119.967473,25.97442],[119.96753,25.974369],[119.967288,25.974201],[119.967473,25.97442]],[[119.964858,25.974372],[119.964877,25.974521],[119.965246,25.974401],[119.964858,25.974372]],[[119.965312,25.97438],[119.965234,25.974703],[119.965432,25.974562],[119.965312,25.97438]],[[119.966206,25.974957],[119.966285,25.974931],[119.966176,25.974882],[119.966206,25.974957]],[[119.966316,25.974929],[119.966398,25.975017],[119.966444,25.975011],[119.966316,25.974929]],[[119.965981,25.97531],[119.966263,25.975177],[119.96594,25.975106],[119.965981,25.97531]],[[119.97643,25.975242],[119.976482,25.975248],[119.976428,25.975203],[119.97643,25.975242]],[[119.976641,25.975287],[119.976585,25.975189],[119.976528,25.975305],[119.976641,25.975287]],[[119.966331,25.975242],[119.966428,25.975298],[119.966423,25.97526],[119.966331,25.975242]],[[119.966578,25.975166],[119.966918,25.975451],[119.966983,25.975366],[119.966578,25.975166]],[[119.974959,25.975357],[119.975004,25.975376],[119.974976,25.975298],[119.974959,25.975357]],[[119.976721,25.975257],[119.976819,25.975449],[119.976953,25.975226],[119.976721,25.975257]],[[119.96578,25.975282],[119.965785,25.975403],[119.965913,25.97531],[119.96578,25.975282]],[[119.966504,25.975397],[119.966465,25.97534],[119.966409,25.975356],[119.966504,25.975397]],[[119.974999,25.975583],[119.975117,25.975576],[119.975026,25.975481],[119.974999,25.975583]],[[119.96638,25.975845],[119.966364,25.975439],[119.966648,25.975646],[119.966298,25.975246],[119.965942,25.975636],[119.96638,25.975845]],[[119.965836,25.975709],[119.965896,25.975702],[119.965818,25.9756],[119.965836,25.975709]],[[119.975154,25.975622],[119.975199,25.975772],[119.975288,25.975635],[119.975154,25.975622]],[[119.976,25.975908],[119.975761,25.975965],[119.975818,25.976067],[119.976,25.975908]],[[119.966101,25.976242],[119.96615,25.976107],[119.965927,25.976003],[119.966101,25.976242]],[[119.976705,25.976297],[119.97597,25.97611],[119.975745,25.976404],[119.976764,25.97655],[119.976705,25.976297]],[[119.975675,25.976506],[119.975613,25.976592],[119.975707,25.976524],[119.975675,25.976506]],[[119.961549,26.084998],[119.961751,26.085378],[119.961376,26.08602],[119.962752,26.086277],[119.962977,26.085713],[119.962743,26.085167],[119.961915,26.084828],[119.961549,26.084998]],[[119.964146,26.085758],[119.964143,26.085489],[119.963514,26.085351],[119.964146,26.085758]],[[119.964396,26.085747],[119.964403,26.085646],[119.964262,26.085694],[119.964396,26.085747]],[[119.962922,26.086308],[119.962988,26.086342],[119.962945,26.086292],[119.962922,26.086308]],[[119.965302,26.091175],[119.965264,26.091259],[119.965346,26.091313],[119.965302,26.091175]],[[119.965473,26.0914],[119.965511,26.0914],[119.965443,26.091305],[119.965473,26.0914]],[[119.965454,26.091675],[119.965227,26.091664],[119.965452,26.091707],[119.965454,26.091675]],[[119.965869,26.091664],[119.965252,26.091841],[119.965627,26.092069],[119.96593,26.091852],[119.965869,26.091664]],[[119.974248,26.115395],[119.973857,26.115721],[119.974025,26.115975],[119.97433,26.115821],[119.974248,26.115395]],[[119.973147,26.116596],[119.972954,26.11631],[119.972672,26.11676],[119.973147,26.116596]],[[119.96472,26.144044],[119.964373,26.144021],[119.964727,26.144169],[119.96472,26.144044]],[[119.965289,26.144394],[119.964613,26.144253],[119.964809,26.14457],[119.964555,26.144652],[119.964862,26.144897],[119.965289,26.144394]],[[119.965244,26.144748],[119.965322,26.144807],[119.965335,26.14473],[119.965244,26.144748]],[[119.965212,26.144952],[119.965065,26.144907],[119.965031,26.145061],[119.965212,26.144952]],[[119.971032,26.161144],[119.97111,26.161226],[119.971154,26.161168],[119.971032,26.161144]],[[119.970908,26.161278],[119.970955,26.161206],[119.970836,26.161189],[119.970908,26.161278]],[[119.97113,26.161379],[119.971195,26.16136],[119.971114,26.161314],[119.97113,26.161379]],[[119.970592,26.161554],[119.970521,26.161605],[119.970733,26.161716],[119.970592,26.161554]],[[119.970313,26.161615],[119.97043,26.161693],[119.970453,26.161614],[119.970313,26.161615]],[[119.970236,26.162605],[119.970189,26.162672],[119.970344,26.162666],[119.970236,26.162605]],[[119.963957,26.163686],[119.963633,26.163847],[119.964033,26.163761],[119.963957,26.163686]],[[119.973194,26.163712],[119.973287,26.163827],[119.973582,26.163755],[119.973194,26.163712]],[[119.972745,26.163796],[119.972688,26.16389],[119.972816,26.163903],[119.972745,26.163796]],[[119.973255,26.16501],[119.973263,26.164901],[119.973048,26.164916],[119.973255,26.16501]],[[119.972684,26.164173],[119.971622,26.162828],[119.970959,26.16264],[119.971249,26.161984],[119.97049,26.161744],[119.970351,26.162158],[119.970697,26.162489],[119.970207,26.162808],[119.970135,26.164076],[119.970728,26.167222],[119.971793,26.168361],[119.973026,26.168833],[119.972837,26.168422],[119.97312,26.167998],[119.972287,26.16778],[119.973089,26.166822],[119.972438,26.166613],[119.972331,26.165822],[119.97364,26.1664],[119.973915,26.166205],[119.972722,26.165876],[119.973556,26.165396],[119.972426,26.164998],[119.972684,26.164173]],[[119.973675,26.165923],[119.973648,26.165975],[119.973772,26.165988],[119.973675,26.165923]],[[119.967884,26.168734],[119.967863,26.167865],[119.966301,26.167382],[119.966337,26.167],[119.965792,26.1665],[119.965034,26.167002],[119.967884,26.168734]],[[119.971448,26.168649],[119.971387,26.168424],[119.97127,26.168418],[119.971448,26.168649]],[[119.971995,26.168784],[119.972328,26.16893],[119.972345,26.168804],[119.971995,26.168784]],[[119.973629,26.168996],[119.973652,26.169091],[119.973732,26.169028],[119.973629,26.168996]],[[119.980094,26.187337],[119.980511,26.187285],[119.980748,26.186705],[119.980123,26.18677],[119.980094,26.187337]],[[120.006376,26.234054],[120.00586,26.23323],[120.005678,26.231019],[120.005299,26.230248],[120.006525,26.229342],[120.006477,26.227855],[120.006121,26.227357],[120.00536,26.227147],[120.003353,26.223956],[120.003646,26.223649],[120.005748,26.223312],[120.005898,26.223927],[120.006524,26.224314],[120.006284,26.22545],[120.006564,26.226503],[120.007251,26.227218],[120.007745,26.226939],[120.010496,26.228459],[120.011461,26.228499],[120.011855,26.228056],[120.012595,26.227949],[120.014099,26.228463],[120.015386,26.227787],[120.015022,26.227185],[120.015403,26.226838],[120.013247,26.224525],[120.013652,26.22377],[120.01459,26.224102],[120.014484,26.223486],[120.012225,26.221684],[120.011773,26.22178],[120.011235,26.221229],[120.010565,26.221203],[120.009805,26.219668],[120.010395,26.218244],[120.011179,26.218543],[120.011518,26.218023],[120.011933,26.218221],[120.011606,26.217633],[120.012681,26.217848],[120.011585,26.217299],[120.011635,26.21438],[120.009639,26.214761],[120.00911,26.216725],[120.009227,26.218507],[120.007538,26.219414],[120.007048,26.220408],[120.007011,26.222266],[120.005693,26.222749],[120.003347,26.222923],[120.00268,26.222794],[120.000224,26.218721],[119.999157,26.219197],[119.99904,26.219534],[119.999307,26.22],[119.999652,26.219997],[120.000643,26.22196],[119.999353,26.222595],[119.99835,26.222623],[119.997728,26.221969],[119.997965,26.220386],[119.99691,26.21815],[119.996198,26.217906],[119.994898,26.218148],[119.994634,26.217818],[119.993832,26.21866],[119.993065,26.218628],[119.99203,26.217402],[119.991448,26.215677],[119.990233,26.214441],[119.989422,26.2145],[119.989035,26.215053],[119.989495,26.215893],[119.989372,26.217715],[119.987069,26.21868],[119.983859,26.218662],[119.982784,26.217358],[119.97866,26.215851],[119.977677,26.214825],[119.977238,26.214796],[119.976631,26.215334],[119.975851,26.215195],[119.972551,26.211863],[119.972457,26.209752],[119.972877,26.209256],[119.971471,26.207511],[119.972633,26.206173],[119.972898,26.201452],[119.972686,26.200793],[119.97138,26.199382],[119.971745,26.199462],[119.971981,26.198583],[119.972638,26.198626],[119.973578,26.197598],[119.973292,26.196754],[119.973598,26.195745],[119.972927,26.195262],[119.972886,26.194813],[119.973239,26.194588],[119.973947,26.195051],[119.975546,26.194818],[119.975993,26.193248],[119.974659,26.192328],[119.973542,26.192308],[119.972898,26.193793],[119.973203,26.194511],[119.971278,26.19524],[119.969377,26.194306],[119.969017,26.194367],[119.968998,26.194717],[119.96744,26.193697],[119.96653,26.193975],[119.966223,26.196485],[119.966761,26.198243],[119.965979,26.199266],[119.966192,26.201586],[119.965537,26.20255],[119.96671,26.203445],[119.965605,26.204891],[119.966354,26.206787],[119.967581,26.20711],[119.968292,26.209312],[119.969607,26.210974],[119.970603,26.211556],[119.971064,26.212432],[119.97022,26.213731],[119.969362,26.214063],[119.968596,26.215399],[119.968474,26.216267],[119.969092,26.218209],[119.967394,26.219093],[119.96744,26.221246],[119.968177,26.221277],[119.968565,26.220629],[119.96941,26.220775],[119.970033,26.2213],[119.971563,26.220913],[119.973252,26.222457],[119.974133,26.222639],[119.974957,26.223711],[119.974916,26.224197],[119.975963,26.223595],[119.978735,26.22601],[119.979763,26.226054],[119.980127,26.225096],[119.980533,26.224924],[119.982177,26.224701],[119.983253,26.22498],[119.984955,26.226498],[119.985395,26.227322],[119.985159,26.2277],[119.985947,26.227963],[119.986337,26.228659],[119.987899,26.229852],[119.988414,26.230789],[119.991514,26.232448],[119.991565,26.233445],[119.99191,26.233752],[119.99325,26.233971],[119.99332,26.234445],[119.992884,26.234888],[119.993572,26.235268],[119.993497,26.235659],[119.992725,26.235823],[119.993104,26.235927],[119.993172,26.236467],[119.995227,26.237846],[119.995276,26.238199],[120.000062,26.237986],[120.000938,26.235921],[120.001423,26.235616],[120.001152,26.235459],[120.001247,26.23409],[120.001909,26.233606],[120.003744,26.234344],[120.004005,26.234792],[120.004224,26.234288],[120.005272,26.234651],[120.006376,26.234054]],[[119.98318,26.22695],[119.983079,26.22636],[119.982682,26.226243],[119.982594,26.226571],[119.98318,26.22695]],[[119.976771,26.273414],[119.977086,26.27325],[119.97705,26.272342],[119.975772,26.272108],[119.975598,26.272243],[119.976378,26.272621],[119.976771,26.273414]],[[119.991445,26.278708],[119.99035,26.27801],[119.990611,26.277889],[119.990348,26.277414],[119.989417,26.27729],[119.989278,26.276937],[119.991354,26.277006],[119.992312,26.275688],[119.992055,26.274741],[119.990454,26.274066],[119.990424,26.273638],[119.989819,26.273198],[119.988659,26.272934],[119.98868,26.272455],[119.989227,26.271957],[119.988742,26.271054],[119.990234,26.270672],[119.990359,26.269693],[119.989327,26.268589],[119.987813,26.268169],[119.987921,26.267145],[119.986953,26.267461],[119.985888,26.26653],[119.985232,26.266662],[119.984879,26.267114],[119.983239,26.26638],[119.982492,26.266388],[119.982465,26.266644],[119.981262,26.266539],[119.980708,26.267101],[119.980778,26.268508],[119.980044,26.268556],[119.978818,26.269627],[119.979954,26.271455],[119.978861,26.271638],[119.978397,26.272056],[119.979132,26.272493],[119.980213,26.272452],[119.981191,26.27335],[119.982062,26.273569],[119.982748,26.273352],[119.984059,26.274823],[119.983806,26.275436],[119.984448,26.275824],[119.984099,26.276246],[119.984385,26.276566],[119.984133,26.276997],[119.982966,26.277184],[119.981534,26.277966],[119.981587,26.278321],[119.983892,26.279374],[119.983021,26.280154],[119.983201,26.280469],[119.984356,26.280377],[119.984691,26.279539],[119.985387,26.280191],[119.98544,26.279935],[119.985916,26.280136],[119.986325,26.279818],[119.986777,26.280089],[119.986182,26.282336],[119.986832,26.283009],[119.988825,26.283705],[119.989589,26.283089],[119.989615,26.28187],[119.990579,26.2819],[119.990356,26.281135],[119.989874,26.28084],[119.989811,26.281066],[119.989238,26.280042],[119.988645,26.27985],[119.988793,26.278159],[119.989027,26.278006],[119.990333,26.278916],[119.991181,26.278994],[119.991445,26.278708]],[[119.9917,26.279468],[119.992022,26.279526],[119.991813,26.279308],[119.9917,26.279468]],[[119.990921,26.283488],[119.991151,26.282951],[119.990894,26.282337],[119.989895,26.282108],[119.990921,26.283488]],[[119.992292,26.283056],[119.991333,26.282289],[119.991483,26.283116],[119.992072,26.283391],[119.992292,26.283056]],[[119.986854,26.283703],[119.986688,26.28331],[119.986523,26.283753],[119.986628,26.283867],[119.986854,26.283703]],[[119.990317,26.284477],[119.990684,26.284255],[119.990357,26.283446],[119.98988,26.284031],[119.990317,26.284477]],[[119.986966,26.285164],[119.986688,26.284741],[119.986362,26.284446],[119.986336,26.285017],[119.986966,26.285164]],[[120.375514,22.333584],[120.371497,22.331126],[120.367368,22.326306],[120.363124,22.323579],[120.361505,22.322716],[120.358938,22.322202],[120.357375,22.32222],[120.354653,22.323256],[120.353186,22.324996],[120.353617,22.329414],[120.35487,22.330858],[120.358244,22.332765],[120.360344,22.334706],[120.361281,22.338002],[120.36324,22.340023],[120.363361,22.340501],[120.362594,22.342826],[120.362922,22.34408],[120.361751,22.344527],[120.361105,22.345352],[120.361409,22.345635],[120.36093,22.34595],[120.361114,22.346517],[120.363711,22.348193],[120.365635,22.350932],[120.367423,22.352114],[120.372062,22.353194],[120.376963,22.355718],[120.379642,22.355982],[120.381718,22.354936],[120.382363,22.353706],[120.384245,22.35237],[120.388486,22.350676],[120.388974,22.349445],[120.388887,22.347405],[120.388012,22.342733],[120.387031,22.341759],[120.376752,22.335728],[120.375514,22.333584]],[[120.17685,22.912639],[120.174881,22.914162],[120.174049,22.914416],[120.172998,22.919285],[120.174129,22.922636],[120.174915,22.926795],[120.175176,22.932981],[120.173711,22.943264],[120.172009,22.949695],[120.169688,22.954445],[120.169433,22.955695],[120.169298,22.955528],[120.168525,22.957134],[120.164572,22.961709],[120.162815,22.964985],[120.159672,22.96355],[120.155362,22.964738],[120.155415,22.967463],[120.159787,22.971223],[120.159501,22.973142],[120.158678,22.974883],[120.153241,22.981367],[120.150013,22.984202],[120.149596,22.985199],[120.148838,22.985725],[120.147491,22.987783],[120.146346,22.988427],[120.143567,22.991178],[120.140346,22.993341],[120.140963,22.994501],[120.141088,22.995981],[120.139097,22.997712],[120.138195,22.996831],[120.137571,22.99692],[120.137286,22.997954],[120.134745,22.999432],[120.111123,23.01818],[120.103966,23.022776],[120.097232,23.026598],[120.094141,23.028821],[120.086111,23.033282],[120.080583,23.035624],[120.075832,23.038271],[120.073019,23.039446],[120.067706,23.040969],[120.067292,23.041536],[120.065094,23.042785],[120.065175,23.043253],[120.06189,23.044252],[120.060905,23.043428],[120.057956,23.043098],[120.054195,23.046944],[120.049834,23.052207],[120.047158,23.055959],[120.044001,23.061668],[120.041752,23.064892],[120.039974,23.06664],[120.040151,23.067027],[120.038979,23.068045],[120.038184,23.067285],[120.032869,23.067329],[120.03099,23.067122],[120.029416,23.066413],[120.028555,23.066528],[120.026912,23.067925],[120.027852,23.071348],[120.028522,23.072379],[120.027975,23.072946],[120.027898,23.075171],[120.031831,23.087709],[120.033172,23.094972],[120.034249,23.097888],[120.034718,23.100809],[120.037897,23.108467],[120.041723,23.114543],[120.043941,23.119194],[120.047151,23.122319],[120.048887,23.123198],[120.051451,23.125582],[120.052572,23.126025],[120.054221,23.125721],[120.05092,23.122386],[120.055038,23.125696],[120.055029,23.126282],[120.05427,23.127432],[120.052851,23.128722],[120.052843,23.130641],[120.053685,23.133427],[120.055578,23.136235],[120.05583,23.137145],[120.0583,23.154993],[120.060473,23.163444],[120.063504,23.170945],[120.067206,23.177915],[120.06764,23.17949],[120.06942,23.182173],[120.069781,23.18423],[120.069594,23.184964],[120.070259,23.185938],[120.071579,23.189734],[120.077507,23.200473],[120.08005,23.209012],[120.081863,23.222285],[120.081825,23.225624],[120.080663,23.229116],[120.080698,23.230255],[120.080863,23.230513],[120.080939,23.230156],[120.081095,23.230808],[120.080205,23.235092],[120.080618,23.23757],[120.083875,23.242045],[120.087014,23.245366],[120.087732,23.246558],[120.088028,23.248725],[120.089351,23.249633],[120.092177,23.259611],[120.094341,23.271713],[120.09503,23.281225],[120.095067,23.28807],[120.094557,23.290209],[120.094329,23.295003],[120.096317,23.299087],[120.101868,23.302284],[120.103115,23.304519],[120.106841,23.305279],[120.108427,23.306806],[120.110808,23.3104],[120.112549,23.315584],[120.113453,23.321597],[120.113233,23.322024],[120.113613,23.322264],[120.113504,23.322745],[120.113091,23.322609],[120.112932,23.323035],[120.1128,23.322582],[120.112559,23.323855],[120.112848,23.325365],[120.11111,23.330433],[120.111018,23.33183],[120.114011,23.336247],[120.115765,23.337275],[120.117275,23.338687],[120.118078,23.340162],[120.118069,23.340168],[120.119061,23.343131],[120.118569,23.342841],[120.118378,23.343661],[120.11934,23.34693],[120.121941,23.351559],[120.122967,23.354803],[120.125449,23.359273],[120.126652,23.360703],[120.12803,23.363568],[120.129447,23.368777],[120.130898,23.370443],[120.131934,23.376256],[120.13166,23.384779],[120.137597,23.384684],[120.139533,23.385292],[120.148077,23.385529],[120.149506,23.386739],[120.150701,23.388354],[120.152055,23.3886],[120.151841,23.387505],[120.152275,23.387997],[120.153025,23.387616],[120.155208,23.384715],[120.155915,23.384704],[120.156456,23.379781],[120.157219,23.379824],[120.157337,23.380437],[120.15753,23.379842],[120.15798,23.379806],[120.15761,23.380268],[120.158406,23.381536],[120.157243,23.380823],[120.157099,23.38152],[120.158341,23.381775],[120.15788,23.383192],[120.157361,23.382993],[120.15704,23.381783],[120.157301,23.383035],[120.15804,23.383312],[120.15793,23.383608],[120.157255,23.383313],[120.157069,23.383876],[120.157305,23.383437],[120.158011,23.383759],[120.158191,23.384783],[120.157453,23.384926],[120.156897,23.384268],[120.157344,23.38495],[120.154004,23.388115],[120.154572,23.388262],[120.155144,23.387902],[120.155504,23.388182],[120.155042,23.387585],[120.156716,23.386506],[120.157301,23.387234],[120.156799,23.38641],[120.157784,23.38579],[120.159265,23.387689],[120.157352,23.389052],[120.156725,23.388263],[120.156154,23.388643],[120.156718,23.389362],[120.155689,23.390074],[120.15498,23.38919],[120.154584,23.389468],[120.154214,23.38901],[120.153648,23.388959],[120.155504,23.39094],[120.157056,23.389912],[120.160729,23.388792],[120.163705,23.393041],[120.163707,23.393411],[120.161674,23.39466],[120.161612,23.397917],[120.160522,23.40157],[120.159977,23.406125],[120.154143,23.404263],[120.153835,23.399152],[120.153005,23.398611],[120.152438,23.399777],[120.151639,23.398527],[120.151148,23.399151],[120.15008,23.404832],[120.149411,23.406147],[120.149595,23.410182],[120.149283,23.413119],[120.148876,23.413288],[120.148204,23.414858],[120.148546,23.415605],[120.14924,23.415652],[120.150908,23.41751],[120.151266,23.418286],[120.15054,23.41949],[120.149545,23.419805],[120.149532,23.42303],[120.151611,23.4245],[120.151129,23.423965],[120.151629,23.423893],[120.152511,23.424577],[120.152231,23.42484],[120.151796,23.424627],[120.152209,23.424932],[120.152757,23.42477],[120.156002,23.427302],[120.155737,23.428565],[120.153616,23.4284],[120.151258,23.426146],[120.149004,23.425529],[120.148458,23.426052],[120.148856,23.427433],[120.150469,23.427713],[120.148218,23.427804],[120.148179,23.427217],[120.14796,23.427916],[120.145893,23.428214],[120.145512,23.428596],[120.145789,23.433277],[120.147277,23.436332],[120.146695,23.436776],[120.146519,23.437468],[120.146892,23.438366],[120.147546,23.439029],[120.148326,23.438724],[120.1484,23.439496],[120.149793,23.441852],[120.154678,23.447804],[120.155603,23.448263],[120.150966,23.448978],[120.151701,23.451969],[120.151938,23.452279],[120.152783,23.452153],[120.152241,23.452619],[120.15259,23.453928],[120.152246,23.454852],[120.151146,23.455679],[120.14968,23.454269],[120.14832,23.454],[120.147818,23.453478],[120.147644,23.453732],[120.142577,23.451451],[120.139081,23.449707],[120.138689,23.44894],[120.13879,23.449731],[120.139918,23.450675],[120.138768,23.452663],[120.135394,23.451125],[120.136426,23.448487],[120.138027,23.449282],[120.138188,23.449037],[120.135395,23.447703],[120.133253,23.451583],[120.13437,23.454065],[120.13905,23.458048],[120.144817,23.459825],[120.144669,23.460357],[120.145275,23.462214],[120.146394,23.463967],[120.146018,23.464272],[120.146436,23.464119],[120.14695,23.46518],[120.146123,23.465769],[120.145349,23.464973],[120.145862,23.464431],[120.14557,23.464238],[120.145728,23.464485],[120.14524,23.464936],[120.146084,23.466112],[120.144864,23.467065],[120.14432,23.468046],[120.144092,23.470108],[120.14501,23.471906],[120.145579,23.472238],[120.144867,23.473404],[120.145847,23.474091],[120.144978,23.473337],[120.145902,23.472281],[120.146791,23.472929],[120.146296,23.47377],[120.146933,23.473063],[120.147841,23.473718],[120.14704,23.474756],[120.146032,23.474223],[120.146892,23.474999],[120.147778,23.475442],[120.14754,23.475141],[120.148125,23.474435],[120.149016,23.474758],[120.148665,23.475826],[120.148095,23.475667],[120.148625,23.475973],[120.149277,23.475746],[120.149616,23.476032],[120.149263,23.476211],[120.149474,23.477312],[120.149047,23.47814],[120.149805,23.478438],[120.151528,23.480697],[120.154108,23.482253],[120.154719,23.484049],[120.155792,23.484071],[120.156647,23.487536],[120.155643,23.489442],[120.155872,23.489527],[120.15523,23.491079],[120.160098,23.49185],[120.167623,23.490726],[120.168858,23.489928],[120.169361,23.489888],[120.169619,23.490468],[120.16845,23.490552],[120.168509,23.490755],[120.169669,23.490511],[120.169679,23.491699],[120.168657,23.491652],[120.16865,23.491747],[120.169679,23.491766],[120.169683,23.492189],[120.162523,23.49315],[120.162253,23.492828],[120.160737,23.492926],[120.158711,23.493583],[120.158966,23.494551],[120.157857,23.495039],[120.133565,23.488154],[120.133066,23.488366],[120.127371,23.487941],[120.12467,23.488727],[120.123427,23.489644],[120.120423,23.492972],[120.119344,23.496244],[120.118951,23.515657],[120.119902,23.517947],[120.121527,23.519495],[120.124029,23.520417],[120.125399,23.52047],[120.142455,23.517434],[120.142638,23.518498],[120.145848,23.518482],[120.145846,23.520823],[120.146425,23.523776],[120.145134,23.525625],[120.145738,23.526138],[120.145383,23.526463],[120.148368,23.52976],[120.148544,23.530463],[120.150276,23.531935],[120.149132,23.533617],[120.148632,23.53689],[120.145469,23.538999],[120.141138,23.545388],[120.140481,23.549136],[120.139417,23.549514],[120.140393,23.554328],[120.140055,23.558809],[120.139052,23.559546],[120.138811,23.560416],[120.137803,23.561273],[120.137671,23.561976],[120.137809,23.562339],[120.140801,23.562305],[120.141497,23.563015],[120.143114,23.567647],[120.143028,23.570616],[120.143453,23.571993],[120.141676,23.572207],[120.141374,23.571985],[120.140568,23.573576],[120.140952,23.58034],[120.140758,23.58388],[120.141515,23.591907],[120.141936,23.592582],[120.144359,23.594136],[120.144811,23.597289],[120.14459,23.598172],[120.142757,23.597916],[120.141874,23.598182],[120.141481,23.601516],[120.140436,23.597476],[120.140069,23.597217],[120.139641,23.59849],[120.139447,23.599575],[120.140303,23.608675],[120.139959,23.614073],[120.139186,23.614708],[120.136556,23.614713],[120.135814,23.615698],[120.133018,23.615692],[120.133466,23.619499],[120.13483,23.619903],[120.134901,23.620327],[120.137167,23.620388],[120.13725,23.624566],[120.138325,23.631784],[120.137911,23.634634],[120.137519,23.635837],[120.137087,23.636165],[120.135382,23.635901],[120.134453,23.63421],[120.13252,23.627212],[120.131208,23.624363],[120.128541,23.621936],[120.12523,23.621372],[120.123538,23.621845],[120.118318,23.626628],[120.115125,23.631429],[120.114486,23.632855],[120.114438,23.63441],[120.114957,23.636234],[120.116332,23.637677],[120.118112,23.639379],[120.122152,23.641671],[120.123966,23.6432],[120.125472,23.645724],[120.128598,23.654465],[120.132321,23.660905],[120.135228,23.667138],[120.139222,23.684233],[120.141042,23.687569],[120.146031,23.692712],[120.146367,23.696264],[120.145688,23.698219],[120.145591,23.699877],[120.145913,23.700379],[120.146781,23.700735],[120.147213,23.701869],[120.146385,23.703112],[120.146923,23.706746],[120.148962,23.708175],[120.152713,23.713129],[120.155728,23.715429],[120.156186,23.715461],[120.155825,23.719442],[120.165812,23.7419],[120.16681,23.755586],[120.169188,23.758933],[120.162924,23.772471],[120.162886,23.779714],[120.161911,23.779706],[120.156758,23.78455],[120.160156,23.786702],[120.165072,23.794434],[120.175461,23.803146],[120.175075,23.803564],[120.175662,23.804434],[120.170242,23.805486],[120.170433,23.806659],[120.174988,23.805823],[120.176885,23.807191],[120.178023,23.809067],[120.181087,23.809794],[120.181425,23.810439],[120.182061,23.815686],[120.182549,23.816192],[120.186777,23.816402],[120.191692,23.818247],[120.192943,23.819203],[120.195606,23.823082],[120.19817,23.825431],[120.200084,23.826674],[120.201509,23.828413],[120.206048,23.834283],[120.207674,23.837218],[120.208348,23.840221],[120.208398,23.841924],[120.206358,23.844108],[120.204519,23.8449],[120.204181,23.845602],[120.204631,23.847661],[120.205206,23.848375],[120.210973,23.849184],[120.213399,23.84998],[120.214325,23.850717],[120.215362,23.85288],[120.219251,23.858473],[120.220362,23.866219],[120.220537,23.866698],[120.223639,23.869345],[120.225502,23.87251],[120.226202,23.874143],[120.226277,23.875098],[120.225926,23.875799],[120.226151,23.87688],[120.226876,23.877801],[120.230741,23.880576],[120.23533,23.88526],[120.239545,23.887689],[120.247151,23.888443],[120.252216,23.891667],[120.25523,23.894187],[120.257655,23.898593],[120.257743,23.899329],[120.256729,23.901364],[120.255828,23.902283],[120.255615,23.903375],[120.256239,23.907894],[120.258715,23.911104],[120.260891,23.915038],[120.260577,23.918118],[120.261052,23.919728],[120.263753,23.921823],[120.265179,23.923744],[120.267192,23.928183],[120.269142,23.930587],[120.273971,23.932039],[120.275472,23.932075],[120.278811,23.933595],[120.279549,23.934894],[120.281623,23.943448],[120.280572,23.94601],[120.280333,23.948401],[120.281633,23.952459],[120.282833,23.954506],[120.284021,23.955782],[120.286148,23.957106],[120.288824,23.957591],[120.290263,23.958224],[120.291851,23.960466],[120.294627,23.963215],[120.306921,23.972223],[120.307709,23.973142],[120.308384,23.975257],[120.308294,23.98345],[120.308743,23.987104],[120.310932,23.988347],[120.31187,23.989772],[120.316458,23.999232],[120.320022,24.003336],[120.32994,24.011466],[120.332442,24.012593],[120.334142,24.013939],[120.335293,24.015743],[120.336068,24.017892],[120.337803,24.031287],[120.340366,24.035113],[120.340916,24.036423],[120.341416,24.039617],[120.342412,24.05472],[120.341221,24.057441],[120.340673,24.057647],[120.339572,24.059368],[120.339734,24.059724],[120.342086,24.060128],[120.345261,24.066779],[120.347775,24.069617],[120.351314,24.071871],[120.354854,24.072505],[120.359194,24.074277],[120.36117,24.076288],[120.36337,24.080848],[120.365584,24.081492],[120.370825,24.081691],[120.375453,24.083015],[120.382382,24.086477],[120.384171,24.087672],[120.384808,24.089165],[120.38492,24.091897],[120.385821,24.092874],[120.385996,24.09362],[120.386346,24.097043],[120.381818,24.096854],[120.380025,24.094491],[120.380202,24.092692],[120.379695,24.093155],[120.37955,24.09429],[120.38828,24.10601],[120.387899,24.106446],[120.388423,24.106187],[120.389413,24.107517],[120.38899,24.107943],[120.389529,24.107674],[120.390524,24.109011],[120.390153,24.109349],[120.390638,24.109165],[120.391892,24.11085],[120.391592,24.111241],[120.392073,24.111094],[120.393283,24.112721],[120.392934,24.113046],[120.393445,24.112938],[120.39466,24.114572],[120.394441,24.114939],[120.394853,24.114832],[120.396039,24.116425],[120.395842,24.116735],[120.396235,24.116689],[120.396833,24.117493],[120.397673,24.122212],[120.399287,24.124777],[120.400183,24.127877],[120.401144,24.128969],[120.401193,24.129932],[120.399977,24.131734],[120.399704,24.133055],[120.399991,24.135289],[120.40186,24.138288],[120.404805,24.139235],[120.407119,24.139557],[120.409014,24.142658],[120.410243,24.147601],[120.412705,24.15111],[120.412792,24.152233],[120.41173,24.15331],[120.40889,24.153888],[120.408208,24.154296],[120.408053,24.154951],[120.408348,24.155705],[120.409142,24.156294],[120.415,24.157557],[120.415271,24.158368],[120.414874,24.160803],[120.415246,24.163999],[120.416031,24.166045],[120.416082,24.16953],[120.418326,24.173671],[120.42117,24.175628],[120.423373,24.176134],[120.425762,24.178657],[120.42616,24.179685],[120.424386,24.181858],[120.424715,24.1833],[120.429735,24.184513],[120.431092,24.185199],[120.432706,24.186651],[120.434765,24.186574],[120.439164,24.18573],[120.440194,24.186293],[120.442354,24.188485],[120.443957,24.18894],[120.446356,24.192483],[120.447114,24.194322],[120.450662,24.197876],[120.453168,24.202037],[120.453511,24.203639],[120.456469,24.206901],[120.456552,24.206476],[120.45656,24.207183],[120.457919,24.209271],[120.46033,24.211644],[120.463819,24.213261],[120.464915,24.214275],[120.460786,24.2156],[120.461287,24.216753],[120.465705,24.215006],[120.466002,24.215281],[120.467792,24.214519],[120.468822,24.214465],[120.471306,24.220595],[120.472336,24.222328],[120.476329,24.22433],[120.479726,24.232195],[120.480975,24.233352],[120.490491,24.255279],[120.486188,24.257068],[120.486212,24.257316],[120.48901,24.256378],[120.493108,24.266141],[120.498195,24.263928],[120.499861,24.267411],[120.499044,24.267857],[120.500065,24.267636],[120.508263,24.283904],[120.510579,24.291393],[120.510333,24.291472],[120.510836,24.292224],[120.508091,24.293413],[120.510545,24.292573],[120.511131,24.29273],[120.514051,24.294809],[120.516814,24.298455],[120.51756,24.30035],[120.518951,24.306431],[120.521678,24.311856],[120.519486,24.312957],[120.521759,24.312132],[120.523751,24.315778],[120.52602,24.317715],[120.528191,24.318668],[120.529855,24.318927],[120.531336,24.319612],[120.53232,24.320507],[120.533086,24.323146],[120.538543,24.33095],[120.539128,24.332088],[120.539397,24.334482],[120.539889,24.33512],[120.542764,24.335478],[120.545794,24.334873],[120.550405,24.341532],[120.55585,24.347739],[120.557144,24.348715],[120.558533,24.349106],[120.559208,24.349796],[120.559276,24.354123],[120.562245,24.358926],[120.56122,24.358846],[120.56138,24.3595],[120.56268,24.361602],[120.565481,24.3641],[120.566246,24.36532],[120.565036,24.363243],[120.56901,24.366667],[120.56866,24.366923],[120.56817,24.366125],[120.567703,24.366191],[120.566702,24.365562],[120.567809,24.367676],[120.568534,24.367228],[120.570214,24.369166],[120.571147,24.374236],[120.573069,24.377235],[120.575081,24.378997],[120.583633,24.389843],[120.586712,24.392319],[120.588131,24.394772],[120.589877,24.399296],[120.591412,24.40066],[120.594023,24.40394],[120.598849,24.407847],[120.599706,24.410406],[120.601774,24.414515],[120.602619,24.415574],[120.607571,24.419525],[120.610198,24.423298],[120.610269,24.425863],[120.612066,24.427316],[120.613431,24.42781],[120.614662,24.428741],[120.615189,24.432104],[120.615858,24.433072],[120.616825,24.433695],[120.618564,24.434153],[120.619294,24.434892],[120.621318,24.439676],[120.621861,24.440287],[120.625441,24.443025],[120.627897,24.445699],[120.631359,24.447633],[120.632587,24.449765],[120.634195,24.450945],[120.635244,24.452506],[120.637767,24.454183],[120.639623,24.456666],[120.639612,24.460009],[120.640317,24.460714],[120.643766,24.462602],[120.648501,24.467492],[120.65266,24.470737],[120.658494,24.477302],[120.659492,24.478737],[120.660119,24.480633],[120.66183,24.48378],[120.665401,24.483607],[120.664807,24.484379],[120.665306,24.486756],[120.665041,24.48723],[120.665926,24.487544],[120.666402,24.48802],[120.665577,24.487545],[120.666102,24.488847],[120.6653,24.489765],[120.667764,24.493399],[120.667639,24.496524],[120.668439,24.499815],[120.670484,24.501002],[120.67128,24.502107],[120.674274,24.509548],[120.677635,24.514525],[120.679393,24.515771],[120.684682,24.521387],[120.688089,24.530472],[120.688304,24.535562],[120.688688,24.536669],[120.691054,24.539044],[120.693368,24.548867],[120.69419,24.55012],[120.695847,24.551173],[120.695446,24.552663],[120.695612,24.553108],[120.696651,24.553398],[120.696882,24.555764],[120.69824,24.558478],[120.701187,24.561534],[120.702033,24.568998],[120.704549,24.572835],[120.704657,24.573852],[120.703918,24.575161],[120.70501,24.575874],[120.705336,24.577588],[120.707219,24.580388],[120.708085,24.582452],[120.70911,24.588861],[120.709765,24.591018],[120.711328,24.59294],[120.712656,24.59348],[120.715813,24.600971],[120.720259,24.604153],[120.721673,24.606144],[120.723775,24.608222],[120.725995,24.60943],[120.729965,24.610844],[120.731172,24.611864],[120.732682,24.613295],[120.734975,24.617395],[120.738199,24.62086],[120.745835,24.621733],[120.748929,24.625953],[120.752374,24.627404],[120.753895,24.630252],[120.754015,24.6312],[120.755953,24.631472],[120.756374,24.632544],[120.757084,24.640141],[120.757695,24.64152],[120.760854,24.643122],[120.763586,24.64907],[120.764227,24.649522],[120.766476,24.649735],[120.767781,24.650446],[120.768929,24.651977],[120.769338,24.653864],[120.768429,24.654467],[120.768519,24.654691],[120.769433,24.653944],[120.776443,24.660891],[120.778713,24.662565],[120.782238,24.664494],[120.78641,24.666211],[120.791593,24.667814],[120.793378,24.667659],[120.802806,24.669092],[120.806525,24.670573],[120.809383,24.671229],[120.820838,24.672847],[120.82306,24.672675],[120.824094,24.673373],[120.827566,24.676846],[120.829945,24.67993],[120.832591,24.682406],[120.837931,24.686419],[120.8404,24.687857],[120.847572,24.695931],[120.851569,24.699444],[120.855079,24.701432],[120.854531,24.701834],[120.855317,24.701584],[120.856172,24.702504],[120.857729,24.706671],[120.857943,24.711331],[120.85925,24.714643],[120.859719,24.7169],[120.861563,24.721086],[120.861333,24.721648],[120.864796,24.727223],[120.873106,24.736357],[120.874537,24.73832],[120.877765,24.742592],[120.879421,24.743923],[120.880894,24.745701],[120.88263,24.746471],[120.885123,24.750592],[120.888408,24.754156],[120.889908,24.756916],[120.891907,24.758712],[120.893193,24.76136],[120.895405,24.763176],[120.897076,24.763867],[120.897778,24.764682],[120.89676,24.768063],[120.896208,24.767799],[120.895147,24.765576],[120.895311,24.766662],[120.894985,24.766723],[120.894805,24.767717],[120.89275,24.769317],[120.892676,24.773185],[120.891754,24.773259],[120.891368,24.774781],[120.891433,24.776097],[120.89286,24.778796],[120.893207,24.780782],[120.892856,24.78194],[120.892266,24.793018],[120.893328,24.795747],[120.896147,24.800822],[120.896846,24.805325],[120.896636,24.80736],[120.896949,24.809218],[120.899264,24.814012],[120.899611,24.816521],[120.901786,24.822058],[120.904716,24.827051],[120.908327,24.831592],[120.909313,24.83423],[120.910771,24.835756],[120.912233,24.835763],[120.913131,24.836553],[120.914839,24.838978],[120.915756,24.841126],[120.915532,24.845809],[120.91676,24.848746],[120.913242,24.851922],[120.912969,24.854078],[120.914193,24.854046],[120.916392,24.852796],[120.918182,24.852985],[120.918422,24.853768],[120.918377,24.853008],[120.919607,24.853175],[120.925229,24.854811],[120.926948,24.855404],[120.927517,24.856802],[120.927372,24.858983],[120.927817,24.859538],[120.930913,24.860236],[120.93352,24.86166],[120.933977,24.862508],[120.939256,24.86718],[120.942601,24.871528],[120.94382,24.874745],[120.946548,24.878653],[120.947356,24.883826],[120.951736,24.890661],[120.952005,24.893921],[120.952613,24.895376],[120.95793,24.901288],[120.958888,24.902863],[120.964501,24.915777],[120.966271,24.921839],[120.969034,24.927365],[120.969673,24.928465],[120.97331,24.9321],[120.98046,24.938321],[120.981074,24.939349],[120.982033,24.939974],[120.984776,24.943615],[120.986465,24.948274],[120.993624,24.955487],[120.997048,24.957344],[120.998427,24.958573],[121.003499,24.96761],[121.007697,24.972093],[121.009899,24.975047],[121.011007,24.978354],[121.01112,24.980211],[121.010902,24.982528],[121.011209,24.984105],[121.010443,24.987292],[121.011697,24.987936],[121.012251,24.988759],[121.010448,24.988829],[121.009372,24.990273],[121.010458,24.990812],[121.011909,24.990811],[121.013468,24.992245],[121.014341,24.992605],[121.016219,24.995356],[121.017154,24.998346],[121.017965,25.003673],[121.019271,25.006863],[121.020051,25.0082],[121.024558,25.013375],[121.028631,25.020582],[121.038536,25.030885],[121.043781,25.034651],[121.046584,25.03845],[121.048752,25.040763],[121.051964,25.043522],[121.056062,25.046169],[121.059971,25.047803],[121.064297,25.048898],[121.065989,25.049245],[121.068162,25.049143],[121.07036,25.049951],[121.0721,25.049871],[121.082215,25.054881],[121.084727,25.056009],[121.08665,25.056442],[121.086523,25.056929],[121.08749,25.057701],[121.087881,25.059628],[121.090016,25.062992],[121.093948,25.062844],[121.093758,25.063396],[121.094496,25.063095],[121.094942,25.063383],[121.09476,25.063712],[121.095852,25.06397],[121.100232,25.067625],[121.105256,25.069243],[121.109263,25.071209],[121.125014,25.076803],[121.144077,25.080623],[121.145875,25.081092],[121.147207,25.082013],[121.147303,25.081818],[121.15112,25.08256],[121.160588,25.085649],[121.162562,25.086774],[121.164613,25.087376],[121.168065,25.089818],[121.170087,25.090238],[121.172158,25.091795],[121.172954,25.092793],[121.174736,25.093683],[121.184309,25.095849],[121.185515,25.097284],[121.187128,25.097256],[121.188643,25.097957],[121.189291,25.099026],[121.193026,25.101782],[121.194423,25.102213],[121.197251,25.102334],[121.197751,25.104076],[121.199467,25.104797],[121.201187,25.10454],[121.204035,25.106173],[121.20626,25.106692],[121.20825,25.107965],[121.209992,25.108139],[121.211406,25.108763],[121.212845,25.11058],[121.214372,25.110633],[121.216707,25.111639],[121.220113,25.111886],[121.225119,25.113835],[121.227791,25.114198],[121.2294,25.115193],[121.236433,25.116037],[121.239617,25.115653],[121.239184,25.120742],[121.239767,25.123177],[121.241447,25.122038],[121.24197,25.119507],[121.243738,25.118564],[121.246441,25.118819],[121.247388,25.119542],[121.24835,25.119503],[121.249597,25.120224],[121.249816,25.121421],[121.253092,25.120785],[121.257621,25.122082],[121.25978,25.123613],[121.26163,25.122398],[121.263822,25.121974],[121.269018,25.119917],[121.276283,25.118722],[121.279778,25.117808],[121.283387,25.117809],[121.287671,25.117899],[121.291349,25.118574],[121.292598,25.119098],[121.294911,25.12082],[121.295075,25.121641],[121.294705,25.122117],[121.295446,25.12205],[121.296179,25.122834],[121.296847,25.122643],[121.296467,25.123104],[121.296759,25.123107],[121.296437,25.124598],[121.296713,25.126168],[121.297873,25.125608],[121.298772,25.124195],[121.300632,25.125212],[121.304152,25.124159],[121.30439,25.125771],[121.304945,25.126108],[121.309648,25.125857],[121.309982,25.125535],[121.310229,25.123745],[121.313463,25.123455],[121.317642,25.124122],[121.32014,25.123419],[121.323547,25.124258],[121.324692,25.123999],[121.326861,25.124223],[121.330677,25.125476],[121.331711,25.125322],[121.335529,25.126086],[121.338625,25.126965],[121.341713,25.128707],[121.345034,25.128423],[121.346891,25.12988],[121.348645,25.130054],[121.35138,25.131064],[121.352596,25.131179],[121.35607,25.133442],[121.359937,25.134747],[121.363991,25.137178],[121.365267,25.140168],[121.366274,25.139275],[121.367333,25.13912],[121.369119,25.139589],[121.371662,25.141],[121.371996,25.141983],[121.375359,25.141959],[121.377429,25.142866],[121.379474,25.143001],[121.381189,25.143743],[121.380945,25.143913],[121.381433,25.143868],[121.384425,25.14522],[121.384375,25.14575],[121.384631,25.145302],[121.38581,25.14572],[121.385722,25.146319],[121.386043,25.1458],[121.386384,25.145916],[121.387331,25.146421],[121.387126,25.146877],[121.387499,25.146512],[121.388671,25.147109],[121.388711,25.147527],[121.388913,25.147251],[121.389769,25.147738],[121.387826,25.151922],[121.391572,25.16798],[121.400289,25.160396],[121.402574,25.158832],[121.405532,25.160425],[121.408872,25.164899],[121.405515,25.167994],[121.408939,25.164973],[121.412532,25.168485],[121.413362,25.170482],[121.418848,25.177409],[121.41774,25.179417],[121.416366,25.180657],[121.40759,25.182491],[121.405703,25.18256],[121.404301,25.183094],[121.403969,25.183918],[121.404602,25.186077],[121.404455,25.186807],[121.403908,25.186976],[121.404433,25.188705],[121.404903,25.189061],[121.404857,25.189834],[121.410902,25.190706],[121.411839,25.190667],[121.41227,25.190352],[121.412236,25.189944],[121.414216,25.190114],[121.415929,25.190709],[121.416734,25.191547],[121.418751,25.191545],[121.419006,25.191847],[121.419402,25.192552],[121.418684,25.192769],[121.418617,25.193378],[121.41776,25.194261],[121.41869,25.195061],[121.418172,25.19626],[121.418272,25.197417],[121.418936,25.199269],[121.424671,25.207917],[121.428678,25.212267],[121.430049,25.215015],[121.430868,25.215887],[121.43516,25.217221],[121.435921,25.217105],[121.437104,25.217494],[121.437641,25.218018],[121.437313,25.219671],[121.439676,25.225505],[121.440285,25.226265],[121.440888,25.228424],[121.442265,25.229603],[121.443526,25.232525],[121.443221,25.233439],[121.443413,25.234231],[121.444404,25.235542],[121.44429,25.236101],[121.445368,25.237968],[121.446119,25.240363],[121.445816,25.24256],[121.448483,25.247977],[121.452687,25.25281],[121.456183,25.253158],[121.460913,25.252088],[121.462512,25.252049],[121.467353,25.253305],[121.471575,25.255991],[121.474416,25.259644],[121.475334,25.26282],[121.475933,25.263343],[121.477034,25.266265],[121.480946,25.270876],[121.48555,25.272738],[121.486649,25.272732],[121.49098,25.274703],[121.49202,25.275856],[121.493676,25.276315],[121.495129,25.277764],[121.497348,25.278851],[121.498665,25.278657],[121.498959,25.279175],[121.500322,25.279666],[121.501261,25.280463],[121.501256,25.279864],[121.50261,25.279705],[121.502931,25.280753],[121.503647,25.281309],[121.504021,25.281094],[121.504255,25.281437],[121.505038,25.281526],[121.505066,25.281255],[121.505766,25.281074],[121.506499,25.281578],[121.505999,25.282224],[121.506516,25.282545],[121.506978,25.282356],[121.507899,25.282861],[121.508995,25.282925],[121.509375,25.28344],[121.509147,25.28359],[121.509367,25.285475],[121.508449,25.286927],[121.508319,25.289083],[121.508606,25.289576],[121.508322,25.289796],[121.508639,25.289686],[121.509303,25.291309],[121.510715,25.292],[121.511856,25.291802],[121.513412,25.289948],[121.514018,25.286668],[121.514775,25.285935],[121.51691,25.284899],[121.519813,25.285022],[121.520826,25.285513],[121.520829,25.28652],[121.521696,25.286865],[121.524267,25.286793],[121.525942,25.286014],[121.528516,25.287054],[121.530461,25.288338],[121.531634,25.289635],[121.533341,25.289872],[121.534504,25.291106],[121.534844,25.29249],[121.533599,25.294988],[121.533426,25.296043],[121.533765,25.297064],[121.535606,25.298742],[121.536237,25.299756],[121.537139,25.300303],[121.537893,25.300172],[121.539362,25.29921],[121.540721,25.297847],[121.541217,25.294587],[121.545344,25.292499],[121.54694,25.292315],[121.547483,25.291732],[121.547896,25.291981],[121.550394,25.291631],[121.551822,25.291953],[121.553554,25.293033],[121.556961,25.292293],[121.560311,25.291979],[121.561679,25.292627],[121.561966,25.293135],[121.563921,25.293508],[121.564836,25.29313],[121.565671,25.293261],[121.565979,25.29385],[121.565433,25.294034],[121.566853,25.295047],[121.566081,25.295947],[121.566752,25.295685],[121.567399,25.297051],[121.569311,25.298455],[121.572238,25.298412],[121.574928,25.29913],[121.577552,25.298951],[121.582614,25.296306],[121.586665,25.293422],[121.58869,25.292624],[121.590649,25.292072],[121.593755,25.292071],[121.595375,25.291396],[121.598041,25.291432],[121.597334,25.291337],[121.597611,25.289951],[121.602397,25.287714],[121.60395,25.286487],[121.607934,25.281455],[121.615699,25.279245],[121.617859,25.27814],[121.623126,25.273905],[121.629743,25.266786],[121.634131,25.260035],[121.635076,25.256659],[121.635886,25.250091],[121.635143,25.245181],[121.633887,25.240632],[121.635036,25.238137],[121.63661,25.236292],[121.637342,25.236126],[121.637973,25.236823],[121.638189,25.236027],[121.637602,25.235537],[121.63827,25.234561],[121.640981,25.232122],[121.643433,25.230638],[121.645603,25.230286],[121.646397,25.231482],[121.647326,25.231111],[121.646259,25.230809],[121.645947,25.23012],[121.648689,25.230107],[121.647769,25.230939],[121.647737,25.231963],[121.64707,25.232353],[121.646937,25.233028],[121.647864,25.232237],[121.649727,25.233025],[121.652158,25.233271],[121.652563,25.232473],[121.652361,25.23192],[121.65155,25.231491],[121.651348,25.230508],[121.653036,25.230017],[121.653744,25.229158],[121.651673,25.225945],[121.65219,25.225194],[121.651195,25.224922],[121.650807,25.223387],[121.650251,25.222883],[121.650017,25.222999],[121.653466,25.21628],[121.655905,25.213244],[121.657712,25.211559],[121.66081,25.208835],[121.66214,25.208463],[121.660837,25.208179],[121.66192,25.208089],[121.662817,25.209215],[121.663734,25.209673],[121.662232,25.207741],[121.662844,25.207481],[121.664301,25.209236],[121.664281,25.207036],[121.664886,25.206664],[121.666108,25.20798],[121.665051,25.206597],[121.668789,25.204003],[121.669597,25.204078],[121.669637,25.203331],[121.670061,25.202965],[121.672706,25.202123],[121.673103,25.202204],[121.673454,25.203645],[121.673475,25.202945],[121.674045,25.203415],[121.674032,25.202643],[121.674443,25.202359],[121.675319,25.203185],[121.673961,25.203889],[121.674087,25.204208],[121.674895,25.204004],[121.678086,25.205948],[121.678153,25.20515],[121.677796,25.204634],[121.678221,25.204229],[121.677951,25.203922],[121.678491,25.202632],[121.679301,25.202816],[121.681462,25.20429],[121.681395,25.205641],[121.682475,25.205579],[121.684163,25.207175],[121.685998,25.208189],[121.686054,25.207789],[121.68726,25.207834],[121.687325,25.205077],[121.688276,25.205441],[121.6889,25.20523],[121.689317,25.205837],[121.688264,25.2065],[121.689383,25.207365],[121.688487,25.208319],[121.688748,25.208428],[121.68965,25.207555],[121.690375,25.208218],[121.692401,25.208587],[121.692671,25.208157],[121.692941,25.209385],[121.694022,25.209876],[121.694562,25.211226],[121.694359,25.211779],[121.695372,25.212147],[121.696115,25.213007],[121.696183,25.214296],[121.69652,25.214664],[121.701315,25.217488],[121.701652,25.217365],[121.701491,25.21703],[121.702381,25.217141],[121.701706,25.216513],[121.70253,25.21626],[121.700946,25.215344],[121.701358,25.214736],[121.701021,25.214219],[121.699159,25.213093],[121.699081,25.212512],[121.693376,25.207656],[121.693762,25.207695],[121.693783,25.207439],[121.692773,25.206679],[121.692407,25.205105],[121.692798,25.204704],[121.692208,25.205054],[121.691846,25.204706],[121.691911,25.20435],[121.693216,25.204432],[121.693231,25.204171],[121.692116,25.204076],[121.692727,25.203306],[121.693953,25.204439],[121.693753,25.203766],[121.694227,25.203393],[121.696005,25.203917],[121.694832,25.202139],[121.694021,25.201771],[121.694697,25.20042],[121.694494,25.19999],[121.693346,25.199868],[121.692333,25.197841],[121.689799,25.196581],[121.689515,25.194644],[121.689203,25.194716],[121.689189,25.19547],[121.688831,25.195533],[121.687539,25.193973],[121.687606,25.193482],[121.686728,25.192561],[121.685936,25.192395],[121.68582,25.192038],[121.686427,25.191433],[121.686468,25.190844],[121.685716,25.190095],[121.687702,25.185624],[121.688686,25.184646],[121.690145,25.182282],[121.692669,25.180132],[121.693634,25.180287],[121.693711,25.180727],[121.694736,25.181261],[121.694663,25.181639],[121.695174,25.181422],[121.696136,25.181762],[121.696575,25.181214],[121.697242,25.181455],[121.696376,25.18254],[121.696689,25.182785],[121.69786,25.181368],[121.698883,25.18097],[121.702731,25.180584],[121.703474,25.17997],[121.703541,25.178742],[121.704622,25.176838],[121.70523,25.176654],[121.70658,25.176961],[121.70712,25.176654],[121.707188,25.176039],[121.708268,25.176039],[121.709281,25.176715],[121.709658,25.176562],[121.710159,25.176039],[121.709956,25.174135],[121.709619,25.173767],[121.708822,25.173792],[121.708473,25.17268],[121.709889,25.171003],[121.710091,25.17002],[121.709243,25.169815],[121.708202,25.168876],[121.708045,25.168552],[121.708673,25.167564],[121.707255,25.166028],[121.708605,25.165168],[121.711171,25.164922],[121.712552,25.1654],[121.712724,25.166028],[121.713737,25.166335],[121.713872,25.165966],[121.715763,25.166089],[121.716371,25.167133],[121.716978,25.167317],[121.717451,25.166949],[121.717383,25.165966],[121.723663,25.165167],[121.724676,25.165781],[121.726836,25.164246],[121.728322,25.164123],[121.729478,25.163592],[121.73028,25.164],[121.731266,25.162693],[121.732122,25.162704],[121.732734,25.16165],[121.732976,25.161876],[121.733936,25.161455],[121.735098,25.160167],[121.734556,25.160228],[121.734615,25.159849],[121.734067,25.159454],[121.733884,25.159015],[121.734246,25.158633],[121.733603,25.159029],[121.733603,25.158572],[121.733815,25.158752],[121.734172,25.158181],[121.735533,25.159434],[121.736641,25.15928],[121.737338,25.160308],[121.738517,25.161008],[121.739936,25.16033],[121.739671,25.159521],[121.742629,25.157267],[121.743977,25.156865],[121.743522,25.156476],[121.744311,25.156995],[121.743989,25.157487],[121.745297,25.156809],[121.747069,25.157259],[121.747406,25.156661],[121.748502,25.15625],[121.752991,25.158512],[121.754974,25.162435],[121.755571,25.162176],[121.756164,25.159518],[121.757658,25.159792],[121.757972,25.16091],[121.759957,25.161257],[121.760319,25.160398],[121.762141,25.160308],[121.762558,25.161587],[121.762344,25.161967],[121.762146,25.161556],[121.761649,25.162232],[121.76244,25.162738],[121.763632,25.162554],[121.76232,25.163236],[121.763385,25.164083],[121.763576,25.163734],[121.765447,25.16349],[121.765671,25.163032],[121.766726,25.162972],[121.767423,25.162252],[121.766661,25.161888],[121.768522,25.162234],[121.769796,25.161693],[121.770182,25.161284],[121.77015,25.160377],[121.77065,25.160148],[121.772892,25.160884],[121.774822,25.160472],[121.776803,25.159518],[121.780362,25.158782],[121.776823,25.158905],[121.776671,25.157977],[121.774175,25.156808],[121.774042,25.156372],[121.773829,25.156697],[121.772699,25.155587],[121.773803,25.155356],[121.774552,25.156263],[121.776887,25.152],[121.777694,25.151468],[121.779859,25.153207],[121.781979,25.152741],[121.783952,25.151643],[121.785066,25.149554],[121.789155,25.148158],[121.791426,25.148384],[121.7932,25.146873],[121.794907,25.146839],[121.794829,25.147535],[121.795344,25.148059],[121.797212,25.148181],[121.798146,25.147618],[121.799401,25.147423],[121.800545,25.147533],[121.801883,25.148377],[121.80295,25.148108],[121.804311,25.148279],[121.807034,25.149136],[121.808155,25.147741],[121.807861,25.146492],[121.806556,25.146068],[121.806088,25.145358],[121.806205,25.144933],[121.804372,25.144294],[121.803867,25.143121],[121.804606,25.142592],[121.803085,25.141953],[121.803685,25.141139],[121.803163,25.141244],[121.802442,25.140642],[121.803201,25.140533],[121.804079,25.139243],[121.803876,25.138935],[121.804311,25.13789],[121.803317,25.136441],[121.803509,25.136203],[121.804618,25.136232],[121.804889,25.135864],[121.806847,25.135618],[121.807387,25.134697],[121.810426,25.1331],[121.815423,25.134758],[121.817458,25.134121],[121.818077,25.134252],[121.819211,25.135103],[121.819176,25.13476],[121.821152,25.13522],[121.821873,25.136033],[121.822695,25.136269],[121.823709,25.135978],[121.826611,25.13599],[121.826634,25.135641],[121.825924,25.135322],[121.825826,25.134695],[121.823396,25.132763],[121.824126,25.131977],[121.823785,25.131897],[121.82307,25.132511],[121.821939,25.132589],[121.821714,25.13054],[121.819765,25.12936],[121.819887,25.128973],[121.819422,25.128634],[121.819242,25.127206],[121.819551,25.126822],[121.81914,25.127043],[121.819099,25.126813],[121.819437,25.126531],[121.81955,25.125121],[121.820452,25.125347],[121.819697,25.124866],[121.819754,25.124434],[121.820367,25.124364],[121.819878,25.124222],[121.821068,25.1224],[121.822538,25.12144],[121.825401,25.121731],[121.825281,25.122354],[121.825649,25.122545],[121.827304,25.122633],[121.827975,25.122195],[121.827351,25.12439],[121.826933,25.124031],[121.826392,25.124169],[121.827728,25.125218],[121.82738,25.124422],[121.82801,25.122735],[121.829572,25.124374],[121.828511,25.127121],[121.828813,25.127651],[121.830281,25.127793],[121.83151,25.127029],[121.831924,25.127384],[121.831775,25.127724],[121.832119,25.127779],[121.832829,25.126998],[121.833752,25.127009],[121.834287,25.127537],[121.834094,25.128425],[121.83508,25.128507],[121.836306,25.128001],[121.836612,25.128197],[121.836062,25.128264],[121.836698,25.128431],[121.836931,25.127916],[121.837393,25.128393],[121.837631,25.127994],[121.837694,25.128411],[121.838032,25.128148],[121.838095,25.128626],[121.838828,25.128122],[121.839023,25.128584],[121.839455,25.128064],[121.839882,25.128124],[121.839715,25.128476],[121.84032,25.128163],[121.840565,25.128358],[121.840341,25.128527],[121.840703,25.128598],[121.841475,25.128037],[121.8413,25.128655],[121.842063,25.12814],[121.841861,25.128856],[121.843009,25.12853],[121.84287,25.127821],[121.84472,25.127599],[121.844881,25.127274],[121.845711,25.127112],[121.848948,25.127251],[121.856084,25.124811],[121.859111,25.124878],[121.86064,25.124582],[121.860917,25.125556],[121.861324,25.125091],[121.862484,25.126329],[121.862417,25.125779],[121.862866,25.125243],[121.862682,25.124815],[121.862935,25.12475],[121.862632,25.124302],[121.864059,25.124209],[121.865043,25.123144],[121.868512,25.123142],[121.868618,25.123566],[121.868293,25.123721],[121.869144,25.124023],[121.869527,25.125224],[121.869879,25.125372],[121.870283,25.125309],[121.870941,25.123919],[121.871511,25.1238],[121.87204,25.124131],[121.872519,25.125383],[121.873642,25.124791],[121.87373,25.125389],[121.874559,25.125473],[121.874754,25.124854],[121.875992,25.125562],[121.877415,25.125044],[121.877892,25.123568],[121.87834,25.123983],[121.878383,25.123445],[121.879325,25.123079],[121.87998,25.123075],[121.88056,25.123949],[121.880696,25.123381],[121.881176,25.123736],[121.882585,25.12359],[121.883022,25.124044],[121.883424,25.123331],[121.884542,25.123967],[121.884365,25.123324],[121.885464,25.123297],[121.885518,25.122881],[121.885982,25.122968],[121.886297,25.122482],[121.888025,25.123246],[121.887284,25.122495],[121.88837,25.122547],[121.889712,25.12172],[121.889039,25.121134],[121.888982,25.1205],[121.889419,25.120085],[121.889617,25.120292],[121.889821,25.119863],[121.891033,25.120274],[121.890803,25.119969],[121.89126,25.12016],[121.89124,25.119616],[121.891645,25.119567],[121.892142,25.119738],[121.892351,25.120341],[121.892831,25.1203],[121.892842,25.119895],[121.893075,25.120628],[121.8934,25.120102],[121.894352,25.120387],[121.894618,25.120155],[121.895034,25.120373],[121.895041,25.120811],[121.895978,25.121007],[121.896042,25.120212],[121.897074,25.119694],[121.901756,25.121299],[121.903115,25.122756],[121.903404,25.122537],[121.904432,25.123289],[121.90453,25.124321],[121.906628,25.123868],[121.908129,25.123931],[121.910308,25.123358],[121.910581,25.123563],[121.910751,25.123326],[121.911862,25.1238],[121.911774,25.124167],[121.913163,25.124488],[121.913568,25.124924],[121.913388,25.124494],[121.91378,25.124155],[121.914364,25.124414],[121.914755,25.12424],[121.915249,25.12482],[121.914841,25.125111],[121.915253,25.125321],[121.915592,25.126539],[121.916477,25.127263],[121.9197,25.127852],[121.921201,25.128489],[121.922255,25.129543],[121.924021,25.130117],[121.926044,25.129665],[121.926791,25.128842],[121.924145,25.124037],[121.922938,25.122574],[121.921208,25.121317],[121.920816,25.117459],[121.916947,25.116177],[121.916079,25.114916],[121.916037,25.113858],[121.916934,25.113069],[121.918606,25.112512],[121.921168,25.1136],[121.921177,25.114145],[121.923199,25.113283],[121.924467,25.11174],[121.924912,25.110475],[121.926552,25.108146],[121.925456,25.1061],[121.923225,25.105312],[121.923639,25.105026],[121.923297,25.104478],[121.924157,25.103673],[121.923272,25.103487],[121.923277,25.103781],[121.922962,25.10358],[121.921933,25.104059],[121.920631,25.103472],[121.920744,25.102906],[121.920215,25.103065],[121.920227,25.102762],[121.919761,25.102792],[121.91996,25.102555],[121.919451,25.102246],[121.919357,25.101213],[121.918972,25.1011],[121.919193,25.100248],[121.918666,25.100288],[121.918517,25.099968],[121.918721,25.099223],[121.919349,25.098917],[121.919719,25.097686],[121.919595,25.094851],[121.917371,25.094255],[121.914434,25.089748],[121.914532,25.088987],[121.915008,25.088827],[121.914505,25.088801],[121.914416,25.085477],[121.916874,25.081402],[121.916183,25.079687],[121.91663,25.079097],[121.916274,25.079362],[121.915447,25.078707],[121.915544,25.07664],[121.916663,25.07597],[121.919853,25.076299],[121.924488,25.072658],[121.928456,25.070866],[121.928147,25.068817],[121.930162,25.06628],[121.931717,25.063121],[121.931256,25.062862],[121.931686,25.062055],[121.93127,25.061559],[121.931787,25.061069],[121.931336,25.060784],[121.930704,25.06106],[121.930878,25.060326],[121.931343,25.060097],[121.930659,25.059908],[121.931332,25.056169],[121.930671,25.056013],[121.931573,25.054108],[121.930405,25.052815],[121.929761,25.051348],[121.928954,25.046235],[121.929327,25.045772],[121.930305,25.04553],[121.930108,25.044462],[121.930404,25.04415],[121.929496,25.043511],[121.930008,25.043143],[121.92888,25.043029],[121.928995,25.042174],[121.930333,25.042068],[121.929408,25.041965],[121.930367,25.041766],[121.929528,25.041613],[121.930269,25.041507],[121.929166,25.041369],[121.928963,25.040995],[121.929536,25.039813],[121.930757,25.038595],[121.932058,25.035855],[121.934556,25.032359],[121.942249,25.024637],[121.94711,25.021062],[121.949966,25.020459],[121.94967,25.021612],[121.950652,25.021682],[121.950603,25.021965],[121.949943,25.022113],[121.95001,25.022385],[121.950721,25.02223],[121.950854,25.021883],[121.954836,25.022339],[121.955453,25.022718],[121.956005,25.02236],[121.958708,25.022964],[121.960883,25.022989],[121.964866,25.024683],[121.966926,25.023922],[121.967596,25.023985],[121.968903,25.024456],[121.969933,25.025483],[121.973651,25.026562],[121.97789,25.026613],[121.983021,25.024917],[121.990168,25.02106],[121.992286,25.016471],[121.991455,25.01497],[121.991183,25.012954],[121.991563,25.012794],[121.991833,25.013623],[121.992662,25.013753],[121.99318,25.014248],[121.993935,25.01602],[121.996344,25.018785],[121.997633,25.019487],[121.997768,25.020758],[121.99802,25.019426],[121.998258,25.019792],[121.999115,25.019613],[121.999199,25.018953],[121.999909,25.018423],[122.001446,25.01523],[122.002059,25.015422],[122.001596,25.015102],[122.001819,25.014806],[122.002816,25.014431],[122.002747,25.014946],[122.003106,25.014438],[122.004137,25.015494],[122.005003,25.015665],[122.005236,25.014756],[122.006339,25.015386],[122.005312,25.014309],[122.005591,25.014239],[122.005083,25.013378],[122.005515,25.012563],[122.006068,25.012403],[122.005919,25.011813],[122.006503,25.011028],[122.007501,25.011735],[122.005844,25.008638],[122.007062,25.008638],[122.006949,25.008022],[122.005827,25.008012],[122.005683,25.007762],[122.005315,25.004491],[122.005994,25.003322],[122.005161,25.001547],[122.003588,25.001998],[121.996681,25.000761],[121.995736,25.000015],[121.996063,24.9995],[121.99487,24.999485],[121.990658,24.995725],[121.989299,24.993747],[121.985992,24.992119],[121.983884,24.990555],[121.980924,24.99108],[121.977544,24.990068],[121.976075,24.988809],[121.974747,24.985292],[121.972216,24.985362],[121.971965,24.984593],[121.971725,24.985081],[121.97106,24.984611],[121.970413,24.985075],[121.967722,24.984817],[121.967596,24.983127],[121.966796,24.982456],[121.964061,24.985552],[121.965993,24.98303],[121.96431,24.982184],[121.963637,24.982356],[121.962242,24.981752],[121.960032,24.982581],[121.958307,24.982623],[121.954508,24.980005],[121.951671,24.97968],[121.951558,24.978898],[121.95122,24.979357],[121.949387,24.978756],[121.948555,24.978846],[121.944274,24.976831],[121.943688,24.975888],[121.943683,24.974993],[121.943444,24.974823],[121.942855,24.97536],[121.942271,24.975045],[121.941649,24.973727],[121.941966,24.973686],[121.941833,24.973386],[121.940913,24.97329],[121.940982,24.973894],[121.939897,24.97328],[121.939762,24.973591],[121.938554,24.973216],[121.937949,24.973723],[121.936382,24.973293],[121.936229,24.973852],[121.931518,24.971788],[121.928132,24.969442],[121.925592,24.96856],[121.924215,24.965764],[121.922387,24.963213],[121.923047,24.961831],[121.922186,24.962271],[121.92183,24.960859],[121.921272,24.960205],[121.921318,24.959609],[121.920411,24.95927],[121.920495,24.958968],[121.920152,24.959062],[121.920265,24.958616],[121.919983,24.958444],[121.92057,24.955759],[121.920076,24.955474],[121.920197,24.955193],[121.920004,24.955432],[121.920043,24.955064],[121.91973,24.955273],[121.9192,24.954844],[121.918704,24.953732],[121.917993,24.953765],[121.91797,24.953033],[121.917095,24.952626],[121.916922,24.952173],[121.915217,24.951679],[121.914724,24.951937],[121.914465,24.951556],[121.913055,24.951199],[121.912638,24.950641],[121.911356,24.950726],[121.91023,24.949872],[121.910696,24.949413],[121.91034,24.949041],[121.909611,24.9495],[121.908936,24.949053],[121.909251,24.948677],[121.908391,24.948696],[121.907955,24.947644],[121.907131,24.94698],[121.906654,24.947136],[121.905359,24.946598],[121.90457,24.945308],[121.904125,24.943649],[121.904475,24.942485],[121.905133,24.942414],[121.904266,24.941425],[121.904671,24.939816],[121.903996,24.939819],[121.903367,24.940599],[121.900915,24.939939],[121.89897,24.940022],[121.898052,24.940873],[121.895283,24.940727],[121.893883,24.94024],[121.892912,24.938861],[121.889112,24.936951],[121.887889,24.93509],[121.886875,24.929156],[121.887269,24.928702],[121.886959,24.928336],[121.887509,24.92801],[121.887175,24.927522],[121.887539,24.926742],[121.887145,24.926604],[121.887207,24.926112],[121.886927,24.925995],[121.886939,24.925043],[121.885431,24.923236],[121.88542,24.919434],[121.885043,24.917931],[121.883292,24.916402],[121.88236,24.914856],[121.882488,24.914534],[121.881969,24.914661],[121.879549,24.913562],[121.87803,24.911526],[121.87837,24.911017],[121.877911,24.911122],[121.877783,24.910386],[121.876787,24.91005],[121.876801,24.909712],[121.876238,24.909795],[121.874755,24.908112],[121.874784,24.907301],[121.873984,24.907162],[121.87251,24.906184],[121.871788,24.903645],[121.871877,24.904967],[121.870359,24.904082],[121.870572,24.903505],[121.869919,24.903889],[121.867375,24.902987],[121.865945,24.902001],[121.863941,24.898348],[121.860473,24.894461],[121.857433,24.893046],[121.857117,24.892588],[121.857116,24.892872],[121.855734,24.892414],[121.855744,24.892097],[121.855331,24.892257],[121.854036,24.891726],[121.851362,24.890114],[121.850906,24.88934],[121.850836,24.886459],[121.848324,24.884533],[121.84269,24.876157],[121.839614,24.869079],[121.83538,24.860605],[121.835732,24.860234],[121.835019,24.859833],[121.834363,24.858433],[121.834402,24.857624],[121.833835,24.857307],[121.833655,24.856339],[121.833294,24.856152],[121.830622,24.850446],[121.827954,24.842157],[121.827143,24.842359],[121.827417,24.839661],[121.825567,24.833978],[121.823108,24.823443],[121.820177,24.806951],[121.819019,24.797481],[121.817995,24.779333],[121.81842,24.764918],[121.819541,24.755394],[121.820986,24.747694],[121.823166,24.740298],[121.825879,24.733001],[121.828895,24.726705],[121.832785,24.719894],[121.833648,24.719031],[121.835023,24.718515],[121.838289,24.718065],[121.839139,24.717414],[121.839512,24.71585],[121.839247,24.714721],[121.83788,24.713195],[121.836598,24.710698],[121.836368,24.704666],[121.836808,24.698314],[121.8374,24.698286],[121.837257,24.696072],[121.837705,24.695198],[121.837613,24.693851],[121.837283,24.693486],[121.837684,24.692209],[121.83768,24.690047],[121.837288,24.689794],[121.837853,24.689292],[121.837596,24.687278],[121.837924,24.686717],[121.837838,24.683607],[121.838457,24.681684],[121.838193,24.672232],[121.840576,24.659869],[121.843819,24.648217],[121.85125,24.629901],[121.855416,24.621894],[121.858424,24.617823],[121.858766,24.616697],[121.866131,24.609921],[121.869523,24.60866],[121.871005,24.609174],[121.873403,24.608731],[121.874282,24.607905],[121.874641,24.606103],[121.875321,24.605639],[121.878078,24.605135],[121.880216,24.605743],[121.880867,24.605559],[121.881514,24.60404],[121.882175,24.603513],[121.88514,24.603715],[121.883743,24.602253],[121.883659,24.60138],[121.884655,24.600637],[121.885901,24.600493],[121.885787,24.599883],[121.886039,24.599813],[121.885688,24.599433],[121.884503,24.599606],[121.884013,24.59928],[121.882298,24.599214],[121.882138,24.598892],[121.882427,24.598759],[121.881637,24.598823],[121.881845,24.598631],[121.879229,24.599122],[121.873458,24.596611],[121.879242,24.591035],[121.876357,24.587405],[121.876214,24.58649],[121.875916,24.586628],[121.874482,24.58526],[121.873878,24.585619],[121.872652,24.585248],[121.872253,24.584049],[121.872882,24.583691],[121.874005,24.584565],[121.873832,24.583832],[121.874167,24.583264],[121.874823,24.582783],[121.875695,24.582823],[121.875097,24.582273],[121.875266,24.581386],[121.87661,24.581248],[121.877282,24.579758],[121.878289,24.580025],[121.879511,24.579947],[121.879792,24.579663],[121.878962,24.578617],[121.876983,24.57808],[121.876779,24.578848],[121.875705,24.579007],[121.875274,24.578284],[121.875563,24.577521],[121.875971,24.577458],[121.875531,24.577159],[121.875215,24.577574],[121.873381,24.577232],[121.872997,24.577915],[121.872077,24.578179],[121.869833,24.576082],[121.869493,24.574488],[121.869223,24.571275],[121.870306,24.569236],[121.87121,24.563431],[121.870702,24.560304],[121.871216,24.552374],[121.872075,24.551157],[121.872893,24.547156],[121.874107,24.545494],[121.872311,24.541484],[121.872407,24.539113],[121.87362,24.536048],[121.873753,24.534381],[121.873115,24.533219],[121.87285,24.533318],[121.87248,24.532815],[121.872574,24.531097],[121.870126,24.530007],[121.869498,24.529061],[121.869829,24.528253],[121.868575,24.527653],[121.867811,24.527563],[121.866861,24.527953],[121.86567,24.527361],[121.860926,24.527174],[121.856264,24.523937],[121.85113,24.522826],[121.849652,24.522063],[121.84497,24.521682],[121.84254,24.520806],[121.841913,24.520247],[121.83993,24.516527],[121.838777,24.511618],[121.83834,24.508465],[121.838338,24.503483],[121.838581,24.500759],[121.83971,24.498635],[121.841298,24.497578],[121.845024,24.497264],[121.846437,24.496581],[121.84767,24.497413],[121.847991,24.497094],[121.847757,24.496651],[121.848046,24.495809],[121.849005,24.495606],[121.850214,24.494719],[121.850736,24.495343],[121.850503,24.494673],[121.851028,24.494118],[121.850805,24.493385],[121.849757,24.492637],[121.849655,24.492202],[121.850291,24.490568],[121.850413,24.487803],[121.850914,24.487291],[121.850493,24.485742],[121.850933,24.484568],[121.851659,24.483895],[121.852539,24.483652],[121.856694,24.483372],[121.858581,24.483853],[121.860225,24.483641],[121.861953,24.481997],[121.862418,24.481196],[121.862133,24.480394],[121.85969,24.478557],[121.858653,24.478761],[121.85545,24.480585],[121.848586,24.479001],[121.846118,24.476934],[121.843921,24.476861],[121.841226,24.475583],[121.838511,24.473001],[121.838308,24.472258],[121.83698,24.471834],[121.836169,24.47074],[121.834237,24.469625],[121.833342,24.467951],[121.832657,24.467423],[121.829886,24.466672],[121.827616,24.465808],[121.826868,24.4652],[121.824671,24.464611],[121.823563,24.463337],[121.821202,24.462356],[121.820378,24.461421],[121.820227,24.459677],[121.819939,24.45948],[121.820064,24.45851],[121.821772,24.456382],[121.821807,24.455647],[121.821092,24.454071],[121.820184,24.453798],[121.817169,24.450211],[121.817149,24.448333],[121.816554,24.446739],[121.816255,24.446613],[121.815601,24.447893],[121.812357,24.443527],[121.812182,24.442687],[121.810836,24.441447],[121.807844,24.439745],[121.805015,24.437574],[121.801864,24.434337],[121.798673,24.427961],[121.793935,24.41629],[121.791148,24.40823],[121.790327,24.402787],[121.788782,24.396157],[121.788545,24.388049],[121.788017,24.384702],[121.787542,24.374871],[121.787028,24.372496],[121.785051,24.369352],[121.784674,24.367715],[121.783722,24.366507],[121.782275,24.36161],[121.778718,24.356201],[121.778136,24.354392],[121.777992,24.352329],[121.773582,24.343711],[121.772805,24.340259],[121.771639,24.337563],[121.770891,24.332587],[121.771413,24.328931],[121.772874,24.324854],[121.773963,24.319606],[121.774065,24.315271],[121.773833,24.312407],[121.773007,24.308759],[121.769539,24.302698],[121.761228,24.295754],[121.753568,24.288238],[121.750576,24.284411],[121.748555,24.280787],[121.747307,24.27754],[121.744307,24.262003],[121.743069,24.259634],[121.740565,24.258019],[121.738178,24.255879],[121.735004,24.252149],[121.732286,24.249748],[121.731078,24.248072],[121.73007,24.24776],[121.728302,24.245702],[121.726751,24.245368],[121.722844,24.243714],[121.721882,24.243631],[121.720744,24.244001],[121.719391,24.243807],[121.716966,24.242776],[121.715593,24.241669],[121.711252,24.235983],[121.706133,24.225608],[121.70127,24.222682],[121.6992,24.222128],[121.697241,24.220883],[121.69628,24.22072],[121.691719,24.21697],[121.690596,24.216901],[121.689895,24.216489],[121.686358,24.213192],[121.684888,24.212239],[121.68373,24.212091],[121.67784,24.20893],[121.673948,24.207556],[121.672174,24.205788],[121.669181,24.2002],[121.667425,24.19856],[121.666055,24.19783],[121.663317,24.194141],[121.661966,24.189662],[121.66028,24.185767],[121.659083,24.181038],[121.658698,24.178837],[121.658479,24.171878],[121.659129,24.166434],[121.659973,24.163662],[121.662196,24.158842],[121.664215,24.155433],[121.665141,24.140519],[121.663758,24.134515],[121.662363,24.131859],[121.65826,24.126976],[121.655464,24.122105],[121.653735,24.119997],[121.650869,24.117564],[121.645149,24.113752],[121.635549,24.108733],[121.631723,24.105993],[121.628822,24.103201],[121.626413,24.100301],[121.622179,24.093757],[121.621007,24.093275],[121.619127,24.089582],[121.619313,24.088012],[121.617417,24.083568],[121.615927,24.077245],[121.615669,24.070257],[121.616511,24.061308],[121.618376,24.055818],[121.619192,24.052225],[121.624227,24.040986],[121.629885,24.031132],[121.636107,24.024197],[121.643673,24.019392],[121.645813,24.015048],[121.647917,24.008949],[121.647469,24.007035],[121.644487,24.003061],[121.643149,23.999595],[121.641368,23.997334],[121.642523,23.999581],[121.642122,23.999775],[121.641409,23.998972],[121.639561,23.995407],[121.634834,23.984635],[121.635003,23.979816],[121.628284,23.969473],[121.626605,23.97377],[121.624551,23.976236],[121.622191,23.977873],[121.619117,23.97624],[121.61584,23.973207],[121.613175,23.968088],[121.608961,23.962214],[121.607823,23.959899],[121.606908,23.952771],[121.607807,23.949317],[121.60981,23.948088],[121.60907,23.946959],[121.609062,23.946299],[121.610459,23.942038],[121.611872,23.933328],[121.611524,23.931798],[121.610804,23.931436],[121.609961,23.930367],[121.609504,23.928517],[121.609141,23.923615],[121.60787,23.920604],[121.606957,23.919399],[121.606022,23.915911],[121.604934,23.90817],[121.604893,23.904127],[121.605687,23.899408],[121.60497,23.893664],[121.602601,23.879886],[121.602546,23.877975],[121.600412,23.868643],[121.599808,23.867576],[121.599612,23.863725],[121.598237,23.857019],[121.597094,23.854874],[121.596592,23.852178],[121.594904,23.848545],[121.593918,23.844592],[121.591869,23.840578],[121.589591,23.837358],[121.587385,23.831137],[121.585433,23.828499],[121.585206,23.825907],[121.583402,23.819832],[121.581265,23.816001],[121.576528,23.810906],[121.573876,23.80424],[121.572852,23.800424],[121.572399,23.797934],[121.5721,23.791195],[121.571423,23.788463],[121.570809,23.782379],[121.57126,23.766134],[121.572083,23.762579],[121.573142,23.762353],[121.572452,23.756613],[121.571591,23.755838],[121.57177,23.754871],[121.570516,23.75232],[121.569811,23.749458],[121.568295,23.746867],[121.567469,23.746601],[121.567887,23.744783],[121.567016,23.742617],[121.565656,23.740437],[121.56385,23.739026],[121.563168,23.735777],[121.562401,23.735249],[121.561142,23.733344],[121.56118,23.732748],[121.560094,23.730791],[121.5602,23.729534],[121.559238,23.728617],[121.558923,23.728791],[121.556549,23.724799],[121.556102,23.725053],[121.553675,23.724405],[121.552241,23.722745],[121.551634,23.72021],[121.54989,23.716556],[121.549288,23.711776],[121.549858,23.702952],[121.550659,23.70045],[121.551295,23.699794],[121.552937,23.699388],[121.553364,23.698348],[121.552752,23.696798],[121.552957,23.696371],[121.5521,23.695781],[121.55166,23.693899],[121.550687,23.692445],[121.550472,23.689753],[121.549042,23.684046],[121.54725,23.679642],[121.546184,23.67524],[121.545881,23.675038],[121.54669,23.673099],[121.545324,23.668546],[121.545358,23.664572],[121.54351,23.66254],[121.54275,23.662511],[121.541743,23.6619],[121.540999,23.66053],[121.541983,23.658051],[121.543764,23.65601],[121.543395,23.653336],[121.542771,23.652563],[121.539893,23.651577],[121.537309,23.648552],[121.536586,23.647191],[121.535268,23.643663],[121.533525,23.634419],[121.531228,23.626475],[121.531047,23.618386],[121.529805,23.609072],[121.529982,23.60308],[121.530486,23.601814],[121.529469,23.597789],[121.530072,23.597168],[121.526114,23.582417],[121.525953,23.581368],[121.526649,23.578326],[121.526291,23.576389],[121.523085,23.571586],[121.522007,23.567065],[121.52007,23.565458],[121.518585,23.56346],[121.516891,23.560135],[121.513584,23.555481],[121.51134,23.551487],[121.509457,23.543412],[121.508599,23.541127],[121.508069,23.537151],[121.507254,23.535981],[121.506966,23.534657],[121.507905,23.533117],[121.508031,23.531504],[121.50537,23.529405],[121.504485,23.522482],[121.503465,23.520186],[121.503728,23.51989],[121.50347,23.519035],[121.50395,23.517912],[121.503566,23.517446],[121.504521,23.51467],[121.50487,23.514423],[121.504684,23.514127],[121.505027,23.514029],[121.50502,23.511836],[121.505713,23.511305],[121.505275,23.511199],[121.504934,23.51021],[121.505415,23.509734],[121.50473,23.508926],[121.505084,23.50868],[121.504415,23.508429],[121.504416,23.507771],[121.504808,23.507552],[121.504404,23.507594],[121.504411,23.507363],[121.505013,23.506823],[121.504969,23.505475],[121.505831,23.505086],[121.505986,23.505495],[121.506203,23.505233],[121.50611,23.503374],[121.506493,23.501799],[121.506257,23.50025],[121.507718,23.491236],[121.508094,23.491179],[121.509006,23.491977],[121.510169,23.492372],[121.511722,23.492249],[121.512449,23.491801],[121.513103,23.490568],[121.51395,23.487156],[121.513137,23.486761],[121.512851,23.486242],[121.512584,23.482446],[121.512236,23.481661],[121.509712,23.47944],[121.508094,23.471718],[121.506685,23.471173],[121.505454,23.470166],[121.503745,23.467612],[121.501714,23.45998],[121.499825,23.456157],[121.499382,23.452376],[121.497879,23.446769],[121.496092,23.434826],[121.495479,23.432741],[121.492492,23.426841],[121.489706,23.424273],[121.489233,23.423325],[121.487865,23.418468],[121.488041,23.417823],[121.487343,23.417078],[121.486198,23.41384],[121.486237,23.412893],[121.485099,23.412485],[121.484083,23.410739],[121.483391,23.405524],[121.483535,23.404646],[121.484016,23.404129],[121.482812,23.403665],[121.481807,23.402117],[121.481704,23.400639],[121.482204,23.400133],[121.481727,23.399629],[121.481633,23.398433],[121.482072,23.397928],[121.482036,23.397281],[121.480811,23.39647],[121.479109,23.396154],[121.477991,23.395286],[121.477092,23.393273],[121.476653,23.389093],[121.475296,23.387626],[121.474856,23.386625],[121.474932,23.384996],[121.474004,23.380414],[121.473887,23.378079],[121.472209,23.371538],[121.472205,23.369671],[121.473426,23.36575],[121.473581,23.363298],[121.473161,23.36148],[121.47168,23.359628],[121.470804,23.35668],[121.47186,23.355754],[121.471908,23.352957],[121.472205,23.352431],[121.468585,23.348493],[121.46764,23.345618],[121.467714,23.337417],[121.468068,23.334429],[121.46775,23.331941],[121.466203,23.32872],[121.46574,23.325478],[121.46573,23.322006],[121.462914,23.317794],[121.462389,23.31281],[121.462026,23.312539],[121.461566,23.312974],[121.460689,23.312905],[121.460342,23.312614],[121.460749,23.312058],[121.460493,23.311834],[121.458521,23.31356],[121.457659,23.313759],[121.454045,23.313508],[121.447454,23.309318],[121.44701,23.308887],[121.447739,23.306691],[121.447096,23.30532],[121.445265,23.304137],[121.443464,23.303923],[121.44242,23.302495],[121.441484,23.299866],[121.442015,23.298272],[121.441673,23.297165],[121.4406,23.297745],[121.439183,23.296861],[121.438247,23.29414],[121.436189,23.292461],[121.434274,23.288877],[121.434321,23.288231],[121.43407,23.287897],[121.433472,23.288476],[121.43287,23.288131],[121.431921,23.285283],[121.43132,23.285065],[121.429742,23.281434],[121.427442,23.27266],[121.427075,23.269126],[121.427773,23.268049],[121.427717,23.266687],[121.426072,23.264776],[121.424056,23.264251],[121.423664,23.263017],[121.422709,23.261877],[121.421933,23.258623],[121.420816,23.257622],[121.421124,23.253453],[121.42081,23.250048],[121.419026,23.247987],[121.418696,23.246925],[121.419002,23.245308],[121.417049,23.241577],[121.417219,23.240175],[121.416912,23.238617],[121.414897,23.234928],[121.415127,23.230204],[121.415731,23.227881],[121.416054,23.227465],[121.418712,23.228314],[121.420331,23.227706],[121.420666,23.227047],[121.420388,23.22632],[121.41707,23.222614],[121.417389,23.222602],[121.416949,23.222413],[121.417182,23.22207],[121.416746,23.221416],[121.416585,23.221238],[121.416585,23.221748],[121.415169,23.220503],[121.415045,23.219934],[121.41444,23.219715],[121.41266,23.216873],[121.411167,23.215615],[121.411171,23.215113],[121.410152,23.214877],[121.410287,23.214398],[121.409675,23.214395],[121.410111,23.214163],[121.410037,23.213542],[121.409318,23.214025],[121.408701,23.213036],[121.408046,23.213398],[121.407899,23.212853],[121.406771,23.213263],[121.404923,23.213104],[121.402819,23.212248],[121.400182,23.208722],[121.398133,23.207966],[121.397021,23.205116],[121.396109,23.199205],[121.396458,23.195878],[121.397484,23.19286],[121.397803,23.188423],[121.398367,23.185707],[121.399953,23.182179],[121.402682,23.179999],[121.403889,23.178087],[121.403943,23.176494],[121.402696,23.174222],[121.402936,23.171819],[121.403856,23.171068],[121.405034,23.171235],[121.406818,23.170282],[121.407754,23.166836],[121.407585,23.162285],[121.406584,23.158856],[121.405198,23.156096],[121.405001,23.154112],[121.403077,23.151299],[121.402525,23.15085],[121.401641,23.151091],[121.400377,23.150686],[121.399443,23.148976],[121.399344,23.148434],[121.399971,23.146986],[121.400795,23.146857],[121.401092,23.146047],[121.400975,23.142015],[121.39987,23.137881],[121.399797,23.135119],[121.402615,23.13035],[121.402958,23.128742],[121.404182,23.127219],[121.406482,23.12565],[121.409783,23.124513],[121.41,23.12477],[121.409898,23.124474],[121.411153,23.123979],[121.413679,23.124087],[121.416353,23.126772],[121.418204,23.127032],[121.420892,23.12685],[121.423146,23.127757],[121.42402,23.127453],[121.424536,23.12629],[121.424729,23.126446],[121.424588,23.12566],[121.424147,23.12491],[121.421607,23.124456],[121.418486,23.122685],[121.415445,23.123379],[121.414086,23.122745],[121.413102,23.123673],[121.411674,23.123288],[121.412006,23.123057],[121.411523,23.122811],[121.412471,23.122357],[121.408039,23.117724],[121.407621,23.116477],[121.407018,23.11589],[121.402909,23.113775],[121.40182,23.113513],[121.399245,23.113798],[121.397523,23.114566],[121.395155,23.113429],[121.391608,23.108285],[121.388615,23.105716],[121.38839,23.105896],[121.387921,23.105319],[121.387408,23.105603],[121.387751,23.104455],[121.387263,23.104161],[121.387927,23.104019],[121.387485,23.102899],[121.38762,23.102309],[121.387068,23.101733],[121.386457,23.102151],[121.385308,23.100868],[121.384292,23.098521],[121.385025,23.097613],[121.384647,23.096782],[121.382941,23.095492],[121.375951,23.095939],[121.375068,23.096522],[121.37173,23.096301],[121.371035,23.095778],[121.369743,23.09583],[121.367304,23.096534],[121.366136,23.096167],[121.363363,23.093892],[121.359525,23.088918],[121.357844,23.085407],[121.358016,23.082551],[121.356634,23.081562],[121.355082,23.079658],[121.355092,23.078849],[121.356797,23.074418],[121.356644,23.073639],[121.355169,23.07267],[121.354148,23.071429],[121.352835,23.071341],[121.352681,23.070243],[121.349328,23.066704],[121.348132,23.064626],[121.346509,23.058931],[121.346122,23.05611],[121.346272,23.052942],[121.345746,23.0519],[121.34588,23.051109],[121.344554,23.050028],[121.343711,23.048328],[121.343658,23.046613],[121.344119,23.04638],[121.343296,23.043653],[121.341636,23.042443],[121.339519,23.037048],[121.339485,23.03498],[121.338527,23.033297],[121.338236,23.029259],[121.339248,23.029128],[121.339509,23.028723],[121.33916,23.025913],[121.336607,23.025216],[121.335977,23.024049],[121.335376,23.023912],[121.335097,23.023158],[121.335154,23.02182],[121.336889,23.020889],[121.337186,23.020113],[121.334557,23.018357],[121.330366,23.016994],[121.329444,23.016204],[121.328727,23.0152],[121.328211,23.011245],[121.32743,23.009663],[121.328341,23.009244],[121.327319,23.007107],[121.325322,23.004683],[121.324346,23.004594],[121.323798,23.005024],[121.323231,23.004854],[121.322795,23.003063],[121.322032,23.002081],[121.321586,23.00008],[121.321611,22.997155],[121.323765,22.993895],[121.323462,22.993282],[121.320672,22.989693],[121.316487,22.981237],[121.313681,22.976802],[121.311398,22.974888],[121.310785,22.973942],[121.311109,22.97375],[121.310808,22.972909],[121.309347,22.97125],[121.308454,22.970933],[121.299655,22.959742],[121.29597,22.956744],[121.295176,22.954519],[121.293347,22.953639],[121.293687,22.954394],[121.293096,22.95514],[121.29285,22.954995],[121.29203,22.955635],[121.29141,22.955467],[121.289469,22.953639],[121.28744,22.952847],[121.286656,22.95184],[121.286654,22.950352],[121.287242,22.949852],[121.287629,22.950522],[121.28798,22.950444],[121.288159,22.949954],[121.287836,22.949416],[121.286607,22.948842],[121.286522,22.949175],[121.287104,22.949599],[121.285863,22.950155],[121.285248,22.949579],[121.284273,22.949585],[121.283034,22.947877],[121.281727,22.945234],[121.279861,22.939377],[121.278743,22.934255],[121.278646,22.930829],[121.275731,22.926783],[121.274861,22.924945],[121.272832,22.917832],[121.269419,22.911869],[121.265819,22.908986],[121.26374,22.908055],[121.262195,22.90645],[121.261687,22.904541],[121.260386,22.902634],[121.260394,22.901404],[121.259607,22.901047],[121.259728,22.900033],[121.259145,22.89828],[121.25558,22.895165],[121.250956,22.886076],[121.247306,22.88146],[121.245535,22.880656],[121.241196,22.880159],[121.239793,22.879525],[121.238908,22.87848],[121.237495,22.876326],[121.236971,22.874377],[121.236153,22.873638],[121.235235,22.870971],[121.235097,22.869604],[121.236001,22.868705],[121.236168,22.867994],[121.233352,22.864489],[121.232089,22.86413],[121.2297,22.864965],[121.225587,22.86711],[121.224686,22.867168],[121.223586,22.866936],[121.219979,22.864921],[121.217445,22.864865],[121.214631,22.863916],[121.210942,22.863152],[121.209041,22.863095],[121.206415,22.860987],[121.204464,22.860223],[121.204726,22.859899],[121.201387,22.857096],[121.200136,22.85734],[121.19879,22.85672],[121.197322,22.854086],[121.196096,22.853437],[121.192756,22.8506],[121.192197,22.850572],[121.191485,22.849685],[121.191143,22.848445],[121.189579,22.84694],[121.189265,22.845515],[121.190055,22.844233],[121.189989,22.843034],[121.188814,22.839112],[121.188839,22.83788],[121.187962,22.836007],[121.188024,22.83532],[121.186944,22.834836],[121.186277,22.834112],[121.186147,22.833604],[121.186705,22.833703],[121.186255,22.832898],[121.186718,22.832628],[121.186533,22.832358],[121.187101,22.831071],[121.186839,22.830814],[121.188242,22.828265],[121.19055,22.827275],[121.192402,22.82557],[121.191984,22.824891],[121.192212,22.823557],[121.191824,22.822918],[121.192402,22.822021],[121.193572,22.8213],[121.193623,22.81845],[121.194014,22.818368],[121.194112,22.817666],[121.19516,22.816717],[121.195755,22.816725],[121.19575,22.816363],[121.196525,22.816246],[121.196736,22.815659],[121.197699,22.81566],[121.197165,22.814663],[121.19813,22.814806],[121.196944,22.813986],[121.197356,22.812818],[121.196531,22.813208],[121.196462,22.812691],[121.197534,22.812234],[121.196836,22.811503],[121.196871,22.810976],[121.197443,22.808952],[121.198157,22.8086],[121.197975,22.808116],[121.199629,22.804392],[121.199389,22.803676],[121.199939,22.802834],[121.199868,22.800621],[121.200891,22.798767],[121.201029,22.795854],[121.200537,22.795789],[121.199994,22.794575],[121.198696,22.794959],[121.198189,22.794738],[121.198142,22.794228],[121.198631,22.793844],[121.198342,22.79373],[121.198456,22.793413],[121.197919,22.792971],[121.197356,22.793112],[121.197141,22.792614],[121.196758,22.792583],[121.197169,22.791931],[121.196717,22.792047],[121.196337,22.792714],[121.196003,22.792628],[121.196136,22.792313],[121.195185,22.791788],[121.195294,22.790889],[121.194898,22.790293],[121.193079,22.789878],[121.191592,22.790771],[121.187415,22.790413],[121.185851,22.788895],[121.181398,22.782904],[121.180309,22.778267],[121.180246,22.771311],[121.17987,22.769259],[121.178669,22.764564],[121.176992,22.7601],[121.176191,22.758802],[121.172487,22.755167],[121.165986,22.751175],[121.160909,22.749681],[121.156785,22.747323],[121.151941,22.741971],[121.150177,22.74065],[121.147926,22.73825],[121.147113,22.736766],[121.145086,22.734447],[121.14186,22.73185],[121.139592,22.731323],[121.137262,22.729406],[121.132031,22.723881],[121.131528,22.722971],[121.129245,22.72102],[121.128108,22.719362],[121.123692,22.716247],[121.120588,22.714758],[121.117621,22.714131],[121.109669,22.709407],[121.101516,22.705313],[121.097034,22.70481],[121.093182,22.703711],[121.081356,22.698198],[121.077562,22.695679],[121.073105,22.691755],[121.070818,22.688612],[121.068258,22.686521],[121.06567,22.683635],[121.064912,22.683422],[121.064244,22.682006],[121.059573,22.679353],[121.055359,22.6761],[121.048047,22.673214],[121.045646,22.672857],[121.042881,22.671916],[121.039334,22.670336],[121.035533,22.667681],[121.029428,22.661161],[121.025736,22.655844],[121.022283,22.64923],[121.021727,22.647017],[121.017192,22.635684],[121.013893,22.623026],[121.012595,22.61951],[121.011781,22.613765],[121.011254,22.604995],[121.010297,22.599442],[121.010263,22.595792],[121.00916,22.58896],[121.007203,22.586181],[121.003951,22.583701],[120.998332,22.578391],[120.990033,22.573258],[120.985507,22.569344],[120.981683,22.563695],[120.977296,22.55449],[120.968216,22.526448],[120.959526,22.505286],[120.958822,22.501011],[120.955505,22.491646],[120.954431,22.485028],[120.950594,22.473333],[120.946402,22.45688],[120.941153,22.445145],[120.934409,22.427524],[120.933104,22.423209],[120.931604,22.420438],[120.928845,22.417181],[120.925199,22.408967],[120.922766,22.401643],[120.922105,22.398416],[120.921125,22.396137],[120.920516,22.394812],[120.918916,22.392992],[120.91487,22.384924],[120.91197,22.374609],[120.908826,22.359196],[120.907814,22.357766],[120.904285,22.354996],[120.902614,22.352546],[120.900317,22.346766],[120.898655,22.343723],[120.896603,22.33733],[120.895847,22.33692],[120.89524,22.335716],[120.893671,22.327784],[120.892435,22.318091],[120.892304,22.315802],[120.892595,22.314629],[120.892188,22.314008],[120.891674,22.303751],[120.891929,22.289653],[120.891661,22.282957],[120.891868,22.27749],[120.893079,22.266553],[120.893314,22.265856],[120.894772,22.264814],[120.894694,22.26378],[120.895022,22.26373],[120.894883,22.26308],[120.895272,22.262507],[120.895254,22.261863],[120.894471,22.26076],[120.895997,22.252678],[120.896295,22.24643],[120.897028,22.2416],[120.899271,22.234043],[120.898876,22.233675],[120.898478,22.2317],[120.899132,22.230367],[120.898924,22.229836],[120.896487,22.228478],[120.896488,22.227801],[120.89591,22.227219],[120.894702,22.2237],[120.894747,22.221747],[120.894319,22.221401],[120.894168,22.220601],[120.894423,22.217051],[120.894201,22.216456],[120.895753,22.208867],[120.895964,22.205926],[120.896189,22.205578],[120.896613,22.20561],[120.896564,22.204971],[120.896079,22.20462],[120.896442,22.20424],[120.896411,22.203485],[120.895646,22.202379],[120.895013,22.200328],[120.893556,22.198448],[120.893641,22.197955],[120.891854,22.196985],[120.890697,22.195329],[120.891115,22.190341],[120.891577,22.189162],[120.891645,22.187237],[120.892366,22.185417],[120.891944,22.184083],[120.892279,22.181482],[120.892972,22.179169],[120.893954,22.17771],[120.893552,22.176906],[120.893567,22.175419],[120.894231,22.172555],[120.89408,22.170787],[120.893574,22.169961],[120.893801,22.168463],[120.89209,22.162444],[120.893418,22.160414],[120.893975,22.155778],[120.892555,22.15032],[120.895074,22.146225],[120.896666,22.144531],[120.896708,22.144024],[120.896838,22.144269],[120.897037,22.144046],[120.897076,22.143435],[120.896761,22.143169],[120.896564,22.14077],[120.895786,22.139782],[120.891486,22.13551],[120.891058,22.134637],[120.889243,22.133618],[120.887856,22.133296],[120.886669,22.129734],[120.886983,22.12968],[120.886736,22.129547],[120.887182,22.128745],[120.886626,22.12859],[120.886624,22.128047],[120.887499,22.122679],[120.888452,22.122064],[120.88813,22.12076],[120.888301,22.119811],[120.888619,22.119053],[120.889111,22.118876],[120.889152,22.118003],[120.890707,22.114894],[120.890405,22.114642],[120.890863,22.114358],[120.890523,22.114116],[120.890661,22.113509],[120.89125,22.113911],[120.89171,22.113216],[120.891474,22.112742],[120.891711,22.111518],[120.892634,22.110244],[120.892464,22.109743],[120.893458,22.109575],[120.896448,22.107609],[120.900666,22.105901],[120.900841,22.104971],[120.901301,22.105532],[120.901897,22.105598],[120.902036,22.105305],[120.901847,22.104282],[120.900424,22.103979],[120.900501,22.103411],[120.90005,22.103457],[120.898804,22.100989],[120.898223,22.098097],[120.898476,22.094614],[120.899143,22.094428],[120.894079,22.088608],[120.893737,22.083362],[120.894039,22.080875],[120.893558,22.079744],[120.892965,22.067979],[120.893869,22.061488],[120.894183,22.055977],[120.893604,22.052315],[120.893925,22.048356],[120.895296,22.04651],[120.898248,22.039145],[120.89911,22.038948],[120.899347,22.039447],[120.899691,22.039214],[120.899379,22.038797],[120.898476,22.038691],[120.89859,22.038193],[120.899314,22.036922],[120.90018,22.036788],[120.899696,22.036424],[120.901254,22.034138],[120.901056,22.033242],[120.90015,22.032603],[120.895225,22.030068],[120.889227,22.025762],[120.888411,22.022578],[120.887147,22.020377],[120.887352,22.017594],[120.887081,22.016454],[120.883733,22.013246],[120.87881,22.011282],[120.878231,22.010712],[120.879288,22.005733],[120.878235,22.002853],[120.875786,21.998847],[120.867282,21.99496],[120.861586,21.990815],[120.859566,21.990473],[120.858811,21.989881],[120.856628,21.989458],[120.855799,21.98896],[120.851587,21.989048],[120.850193,21.988423],[120.848512,21.988174],[120.84669,21.987154],[120.846071,21.98621],[120.844317,21.980865],[120.844222,21.978802],[120.845229,21.978028],[120.845484,21.97636],[120.844518,21.973801],[120.844849,21.970319],[120.844502,21.968265],[120.841632,21.959878],[120.841383,21.95738],[120.841405,21.95648],[120.842949,21.954242],[120.842335,21.951324],[120.842759,21.947717],[120.844834,21.943708],[120.845488,21.941299],[120.846398,21.940192],[120.846347,21.939776],[120.84757,21.938614],[120.848737,21.936027],[120.848916,21.933807],[120.85425,21.929449],[120.857777,21.924666],[120.85847,21.92263],[120.859554,21.921095],[120.861126,21.919289],[120.862015,21.918899],[120.862585,21.917565],[120.86292,21.913765],[120.861925,21.90968],[120.862022,21.908955],[120.863336,21.905595],[120.864072,21.904727],[120.865411,21.904207],[120.867135,21.902728],[120.866887,21.900555],[120.865651,21.898737],[120.863929,21.897704],[120.858604,21.895601],[120.853251,21.895624],[120.851136,21.896357],[120.850212,21.89732],[120.847904,21.899936],[120.846613,21.90291],[120.846422,21.905166],[120.845962,21.906033],[120.846134,21.913686],[120.845632,21.914417],[120.84513,21.91476],[120.8434,21.914613],[120.840492,21.915082],[120.836255,21.916522],[120.834484,21.918699],[120.83323,21.922454],[120.831918,21.924096],[120.831841,21.924805],[120.831288,21.924693],[120.830223,21.925319],[120.828787,21.926934],[120.824176,21.930982],[120.82373,21.931047],[120.823273,21.932844],[120.822223,21.934364],[120.819561,21.934997],[120.816748,21.933912],[120.812627,21.933543],[120.810317,21.934267],[120.808219,21.935595],[120.806613,21.936979],[120.806108,21.938345],[120.804224,21.93962],[120.802934,21.939838],[120.802674,21.938031],[120.801789,21.937233],[120.799154,21.937414],[120.798361,21.937928],[120.798008,21.940494],[120.796626,21.942176],[120.794311,21.943156],[120.785789,21.943672],[120.784725,21.944027],[120.783983,21.943598],[120.783018,21.943544],[120.778979,21.947193],[120.777602,21.94928],[120.774207,21.949891],[120.771068,21.951528],[120.765969,21.958209],[120.766448,21.958674],[120.764564,21.959143],[120.761624,21.958935],[120.760624,21.957227],[120.759845,21.956798],[120.757988,21.956362],[120.757553,21.957392],[120.75597,21.956687],[120.755828,21.955683],[120.755427,21.955673],[120.755092,21.956433],[120.753156,21.955227],[120.753299,21.953672],[120.754755,21.954075],[120.754905,21.953817],[120.754339,21.953516],[120.752672,21.950754],[120.751131,21.950855],[120.748442,21.949464],[120.74828,21.946988],[120.749024,21.944999],[120.748471,21.941812],[120.747167,21.941888],[120.74602,21.943376],[120.745167,21.942732],[120.745436,21.938343],[120.746847,21.934267],[120.746123,21.932747],[120.74709,21.931813],[120.745714,21.931162],[120.745284,21.932428],[120.744049,21.932207],[120.744252,21.930692],[120.743383,21.928924],[120.741808,21.927356],[120.739959,21.926638],[120.739618,21.919427],[120.738755,21.919744],[120.738544,21.919274],[120.737612,21.919384],[120.734222,21.918821],[120.734006,21.918532],[120.732505,21.919103],[120.728719,21.918308],[120.726807,21.918771],[120.72335,21.921467],[120.719034,21.927261],[120.718607,21.928613],[120.718894,21.92843],[120.719282,21.932675],[120.719065,21.933139],[120.716326,21.934866],[120.712654,21.933309],[120.711275,21.933455],[120.710576,21.934113],[120.709931,21.941476],[120.71143,21.951657],[120.711749,21.961515],[120.711522,21.963923],[120.715026,21.971138],[120.715147,21.97289],[120.714145,21.978757],[120.713551,21.980605],[120.710064,21.985643],[120.707949,21.986528],[120.706938,21.987502],[120.706023,21.990414],[120.705585,21.993545],[120.704688,21.994694],[120.700695,21.995996],[120.694826,22.001253],[120.693829,22.002589],[120.693186,22.00759],[120.690915,22.012948],[120.688934,22.015642],[120.685854,22.022392],[120.684778,22.02562],[120.685115,22.025408],[120.686265,22.030459],[120.687145,22.032767],[120.689985,22.036543],[120.69177,22.037787],[120.693476,22.039826],[120.693847,22.041529],[120.694541,22.041192],[120.695395,22.041879],[120.696158,22.040612],[120.696888,22.040942],[120.697022,22.042274],[120.696436,22.04307],[120.694881,22.042879],[120.694682,22.043335],[120.695503,22.044519],[120.695433,22.045925],[120.694726,22.046975],[120.694415,22.048262],[120.695232,22.050568],[120.697573,22.05499],[120.699252,22.05607],[120.702225,22.055515],[120.702205,22.055801],[120.702894,22.055607],[120.704476,22.056044],[120.705273,22.057508],[120.705214,22.058418],[120.705935,22.059944],[120.705964,22.060902],[120.704828,22.067852],[120.705731,22.070742],[120.705183,22.071725],[120.703334,22.078333],[120.700643,22.080114],[120.699298,22.082779],[120.699795,22.084126],[120.701312,22.086144],[120.702367,22.086656],[120.705066,22.08691],[120.707671,22.087931],[120.71272,22.090835],[120.714516,22.090779],[120.715329,22.091556],[120.714319,22.091964],[120.715383,22.091631],[120.716847,22.093252],[120.715629,22.096879],[120.715612,22.098871],[120.716141,22.100433],[120.715636,22.100636],[120.715936,22.101834],[120.715793,22.102225],[120.715434,22.102195],[120.715864,22.104827],[120.715163,22.106502],[120.712498,22.10834],[120.712472,22.109399],[120.713101,22.111467],[120.711785,22.114615],[120.711513,22.114336],[120.710849,22.114721],[120.709646,22.116032],[120.709829,22.11686],[120.710548,22.116681],[120.710579,22.117258],[120.709466,22.119465],[120.709507,22.121481],[120.70905,22.122755],[120.706588,22.126001],[120.704423,22.127303],[120.702321,22.129839],[120.701895,22.132084],[120.702057,22.133283],[120.698491,22.136818],[120.698028,22.138168],[120.697577,22.140471],[120.698049,22.142094],[120.698,22.143775],[120.699745,22.146897],[120.699938,22.148323],[120.699475,22.150068],[120.698161,22.152359],[120.696084,22.154196],[120.695721,22.155569],[120.694594,22.157394],[120.694732,22.158523],[120.69602,22.159674],[120.695467,22.166455],[120.693954,22.16742],[120.693703,22.167931],[120.693653,22.168641],[120.694153,22.169327],[120.693815,22.172479],[120.693214,22.173549],[120.691087,22.175095],[120.691036,22.176548],[120.691574,22.17763],[120.691047,22.181409],[120.689983,22.183607],[120.68967,22.186584],[120.688981,22.188014],[120.685539,22.192513],[120.68402,22.196973],[120.68384,22.198388],[120.684241,22.200385],[120.68578,22.203213],[120.685686,22.206327],[120.684777,22.210459],[120.682171,22.214388],[120.680368,22.215243],[120.680396,22.216824],[120.678328,22.218653],[120.676861,22.221608],[120.676751,22.222738],[120.675552,22.223204],[120.673995,22.223201],[120.67315,22.224752],[120.672764,22.224824],[120.672285,22.226209],[120.672316,22.227534],[120.673795,22.229393],[120.672906,22.230325],[120.671879,22.23342],[120.670478,22.234434],[120.67037,22.23519],[120.667706,22.236481],[120.666004,22.239328],[120.665553,22.239533],[120.664031,22.239282],[120.661056,22.241333],[120.65792,22.242862],[120.65791,22.247096],[120.652814,22.251003],[120.65095,22.251258],[120.650161,22.252374],[120.649285,22.255745],[120.65056,22.262329],[120.652087,22.265669],[120.652096,22.268239],[120.651889,22.268745],[120.651501,22.268761],[120.651759,22.269064],[120.65098,22.270516],[120.650451,22.270489],[120.650866,22.27079],[120.650669,22.271667],[120.648941,22.275478],[120.648002,22.280068],[120.644121,22.287561],[120.643886,22.29],[120.642707,22.29107],[120.643118,22.294196],[120.64274,22.30162],[120.642065,22.303049],[120.6404,22.305779],[120.637547,22.309008],[120.636175,22.31278],[120.630504,22.319225],[120.620288,22.328513],[120.610433,22.336056],[120.607269,22.339359],[120.606566,22.339362],[120.605645,22.34021],[120.605162,22.341146],[120.605123,22.34265],[120.601953,22.34961],[120.599773,22.353233],[120.598936,22.355746],[120.594681,22.359942],[120.594308,22.35982],[120.592249,22.3621],[120.591188,22.36247],[120.590159,22.363316],[120.591306,22.364298],[120.589361,22.366366],[120.585574,22.369387],[120.58006,22.372292],[120.579239,22.373218],[120.576422,22.375177],[120.574175,22.375997],[120.571233,22.378046],[120.570752,22.379399],[120.568471,22.380973],[120.549593,22.392442],[120.524232,22.405264],[120.517523,22.408982],[120.518114,22.411006],[120.51755,22.411488],[120.515821,22.411104],[120.508536,22.412148],[120.505447,22.414354],[120.495573,22.419818],[120.476401,22.428932],[120.47593,22.429598],[120.458544,22.439358],[120.447076,22.449339],[120.444627,22.45215],[120.439735,22.456804],[120.43851,22.459362],[120.436008,22.459475],[120.434705,22.463776],[120.435059,22.464482],[120.433103,22.468359],[120.424434,22.468713],[120.420831,22.46847],[120.413861,22.470458],[120.410922,22.47073],[120.401856,22.473885],[120.40091,22.474935],[120.398412,22.475576],[120.395654,22.477027],[120.393726,22.479037],[120.389711,22.481675],[120.386916,22.483047],[120.384887,22.484878],[120.379484,22.487544],[120.373248,22.491225],[120.364265,22.498213],[120.359877,22.501065],[120.358724,22.500677],[120.35892,22.502182],[120.355928,22.504275],[120.354899,22.505977],[120.350965,22.509535],[120.343475,22.514739],[120.341938,22.515184],[120.333748,22.521405],[120.337,22.524847],[120.333353,22.528779],[120.325324,22.523482],[120.326131,22.529402],[120.325363,22.529453],[120.329901,22.532991],[120.331434,22.532856],[120.329578,22.533759],[120.325242,22.530086],[120.324246,22.522762],[120.312444,22.514867],[120.288642,22.543841],[120.286279,22.543558],[120.286247,22.543791],[120.288609,22.544074],[120.288899,22.54472],[120.289132,22.544629],[120.288842,22.543984],[120.293409,22.538426],[120.296964,22.540947],[120.303747,22.53269],[120.307611,22.53543],[120.31681,22.52423],[120.321833,22.527791],[120.307493,22.545251],[120.302008,22.545753],[120.301702,22.544933],[120.301464,22.54501],[120.301763,22.545813],[120.298541,22.547504],[120.300656,22.551279],[120.30342,22.554335],[120.302838,22.55777],[120.285771,22.577855],[120.284497,22.578074],[120.282385,22.580757],[120.278363,22.584359],[120.271291,22.592781],[120.269818,22.595652],[120.26763,22.598088],[120.26679,22.59999],[120.263773,22.601902],[120.263032,22.601388],[120.263703,22.605126],[120.26525,22.606601],[120.265987,22.608799],[120.265802,22.610529],[120.264187,22.611395],[120.263531,22.610331],[120.263185,22.610349],[120.263249,22.612849],[120.262264,22.613983],[120.256134,22.617698],[120.256697,22.620911],[120.263296,22.624014],[120.263411,22.626589],[120.263115,22.627713],[120.262458,22.628255],[120.261021,22.631537],[120.260513,22.631335],[120.26014,22.631702],[120.260638,22.631743],[120.260049,22.632016],[120.259335,22.633911],[120.256132,22.636248],[120.255074,22.639646],[120.254006,22.640462],[120.253755,22.641568],[120.252245,22.64356],[120.252467,22.644009],[120.252102,22.643867],[120.252202,22.644427],[120.251475,22.645279],[120.251468,22.648019],[120.251106,22.649273],[120.249947,22.650727],[120.249863,22.65146],[120.250564,22.652569],[120.250689,22.653474],[120.250743,22.654925],[120.250302,22.656629],[120.251415,22.660558],[120.251154,22.661932],[120.252635,22.664032],[120.252956,22.665038],[120.255345,22.666902],[120.256356,22.668604],[120.257709,22.668833],[120.258058,22.668481],[120.258338,22.668991],[120.259257,22.66904],[120.262455,22.67265],[120.263644,22.673236],[120.264456,22.67521],[120.264407,22.680854],[120.264105,22.682529],[120.263118,22.684002],[120.263462,22.686248],[120.262823,22.689035],[120.258052,22.689319],[120.258052,22.695557],[120.260059,22.696485],[120.261187,22.696346],[120.262144,22.697506],[120.261604,22.701397],[120.258052,22.710304],[120.256831,22.712428],[120.256978,22.713442],[120.257297,22.713602],[120.257089,22.714325],[120.255785,22.714184],[120.256822,22.71487],[120.256273,22.717294],[120.256321,22.717561],[120.256646,22.717284],[120.256487,22.718388],[120.255743,22.718968],[120.255443,22.718874],[120.254952,22.719559],[120.25303,22.723904],[120.252762,22.724128],[120.251364,22.723705],[120.24985,22.724206],[120.24933,22.725676],[120.250357,22.726839],[120.250337,22.727878],[120.249747,22.728482],[120.245329,22.737659],[120.245426,22.738813],[120.243647,22.743142],[120.242188,22.745452],[120.239308,22.751464],[120.238155,22.752826],[120.237728,22.753676],[120.237941,22.754003],[120.237382,22.754287],[120.234612,22.759866],[120.234041,22.760367],[120.232916,22.759979],[120.23124,22.760726],[120.230935,22.761926],[120.233049,22.762742],[120.232405,22.762525],[120.232718,22.764584],[120.23236,22.766068],[120.230618,22.768969],[120.229053,22.773291],[120.227745,22.775398],[120.220603,22.790536],[120.220118,22.792456],[120.219255,22.793778],[120.219185,22.794724],[120.21574,22.802222],[120.215384,22.804163],[120.214228,22.804854],[120.21233,22.807611],[120.197907,22.805246],[120.193319,22.80744],[120.190156,22.813586],[120.190284,22.815384],[120.205983,22.820154],[120.206168,22.820757],[120.207204,22.821067],[120.207302,22.822609],[120.206229,22.825432],[120.205157,22.825226],[120.200452,22.838463],[120.201314,22.8387],[120.199033,22.843519],[120.198146,22.843562],[120.198535,22.844074],[120.198393,22.844451],[120.189807,22.841746],[120.189739,22.841966],[120.198084,22.844607],[120.197687,22.844932],[120.196517,22.844746],[120.192921,22.848361],[120.195341,22.850162],[120.192955,22.856284],[120.19111,22.855381],[120.192914,22.856373],[120.192778,22.85714],[120.191588,22.858329],[120.189396,22.857975],[120.189199,22.858382],[120.193327,22.859358],[120.193115,22.859966],[120.191349,22.859845],[120.189701,22.860691],[120.19021,22.863904],[120.192858,22.864775],[120.192783,22.86522],[120.192492,22.865733],[120.192103,22.865726],[120.192452,22.865846],[120.192212,22.867177],[120.191969,22.867851],[120.191473,22.867921],[120.191902,22.868075],[120.191233,22.870008],[120.19095,22.87],[120.191193,22.870123],[120.190083,22.873379],[120.189081,22.875583],[120.188683,22.875602],[120.188964,22.875959],[120.184415,22.886123],[120.184036,22.887755],[120.180203,22.895355],[120.17903,22.899384],[120.174747,22.910016],[120.174749,22.911704],[120.174664,22.91204],[120.175078,22.912245],[120.17685,22.912639]],[[120.228467,23.856115],[120.228984,23.855564],[120.220362,23.866219],[120.228467,23.856115]],[[120.530878,23.251071],[120.530026,23.24814],[120.530319,23.248526],[120.530878,23.251071]],[[120.527909,23.24536],[120.529737,23.247761],[120.52912,23.247263],[120.527677,23.245152],[120.527909,23.24536]],[[120.524164,23.241998],[120.519105,23.239328],[120.519117,23.239298],[120.524164,23.241998]],[[120.524125,23.233373],[120.524607,23.232628],[120.525391,23.231933],[120.524125,23.233373]],[[120.526013,23.231382],[120.526295,23.231132],[120.526549,23.231084],[120.526013,23.231382]],[[120.526893,23.231019],[120.527022,23.230994],[120.527545,23.231789],[120.526893,23.231019]],[[120.648233,23.225544],[120.651383,23.224086],[120.651633,23.224142],[120.648233,23.225544]],[[120.653406,23.224573],[120.653441,23.224542],[120.653454,23.224544],[120.654351,23.22431],[120.653406,23.224573]],[[120.655818,23.221828],[120.656229,23.217843],[120.656267,23.217898],[120.655818,23.221828]],[[120.637652,23.192056],[120.637605,23.192032],[120.637567,23.191967],[120.637652,23.192056]],[[120.636661,23.190421],[120.63656,23.190248],[120.636586,23.190185],[120.636661,23.190421]],[[120.418062,22.92071],[120.417225,22.917431],[120.41729,22.917514],[120.418062,22.92071]],[[120.416673,22.916733],[120.416041,22.916055],[120.416168,22.916095],[120.416673,22.916733]],[[120.17868,23.291727],[120.180114,23.291095],[120.180184,23.29108],[120.17868,23.291727]],[[120.183838,23.290321],[120.187142,23.29005],[120.187233,23.290056],[120.183838,23.290321]],[[120.18833,23.290128],[120.188867,23.290163],[120.188916,23.2902],[120.18833,23.290128]],[[120.189137,23.29037],[120.189272,23.290473],[120.189407,23.290831],[120.189137,23.29037]],[[120.189553,23.291214],[120.1896,23.291339],[120.189355,23.292349],[120.189553,23.291214]],[[120.319422,23.387343],[120.319781,23.386911],[120.319786,23.386925],[120.319422,23.387343]],[[120.319652,23.386574],[120.319371,23.386341],[120.319447,23.386037],[120.319652,23.386574]],[[120.321738,23.383592],[120.321793,23.383533],[120.323048,23.383611],[120.321738,23.383592]],[[120.323523,23.38364],[120.323577,23.383643],[120.324263,23.384376],[120.323523,23.38364]],[[120.328529,23.386055],[120.328444,23.386064],[120.324263,23.384376],[120.328529,23.386055]],[[120.328703,23.386036],[120.328935,23.384879],[120.328757,23.386031],[120.328703,23.386036]],[[120.329958,23.3854],[120.333185,23.385806],[120.333497,23.386035],[120.329958,23.3854]],[[120.334291,23.386618],[120.334732,23.386942],[120.339894,23.393372],[120.334291,23.386618]],[[120.346329,23.40038],[120.349176,23.40122],[120.34902,23.401218],[120.346329,23.40038]],[[120.419282,23.404174],[120.420004,23.403457],[120.420023,23.4035],[120.419282,23.404174]],[[120.420813,23.405305],[120.421089,23.405937],[120.42105,23.405887],[120.420813,23.405305]],[[120.434451,23.411912],[120.43448,23.412148],[120.434399,23.412145],[120.434451,23.411912]],[[120.436948,23.412353],[120.437021,23.412307],[120.437384,23.413026],[120.436948,23.412353]],[[120.462307,23.501384],[120.462325,23.501241],[120.463095,23.500446],[120.462307,23.501384]],[[120.464359,23.499142],[120.464426,23.499072],[120.4655,23.49874],[120.464359,23.499142]],[[120.483681,23.498239],[120.483644,23.496558],[120.483758,23.496323],[120.483681,23.498239]],[[120.484013,23.495796],[120.484337,23.495128],[120.486108,23.493338],[120.484013,23.495796]],[[120.493323,23.491143],[120.494074,23.490365],[120.493615,23.491126],[120.493323,23.491143]],[[120.494144,23.490293],[120.494249,23.490184],[120.494546,23.490148],[120.494144,23.490293]],[[120.494759,23.490122],[120.494985,23.490095],[120.496294,23.49013],[120.494759,23.490122]],[[120.509012,23.475159],[120.509351,23.472954],[120.509376,23.474254],[120.509012,23.475159]],[[120.509348,23.472794],[120.508616,23.471371],[120.509345,23.472672],[120.509348,23.472794]],[[120.389372,23.498618],[120.391517,23.500267],[120.389345,23.49865],[120.389372,23.498618]],[[120.407851,23.502604],[120.408318,23.498704],[120.408384,23.49858],[120.407851,23.502604]],[[120.409483,23.498453],[120.408411,23.498527],[120.408458,23.498438],[120.409288,23.498413],[120.409483,23.498453]],[[120.410562,23.498673],[120.411617,23.498889],[120.411691,23.498943],[120.410562,23.498673]],[[120.412294,23.499389],[120.412483,23.499529],[120.412527,23.499675],[120.412294,23.499389]],[[120.694681,23.620295],[120.696505,23.62005],[120.696447,23.620094],[120.694681,23.620295]],[[120.70218,23.617441],[120.702274,23.617392],[120.705029,23.617268],[120.70218,23.617441]],[[120.706883,23.618688],[120.708065,23.618509],[120.708267,23.618569],[120.706883,23.618688]],[[120.708995,23.618783],[120.710287,23.619163],[120.710708,23.619369],[120.708995,23.618783]],[[120.713104,23.627911],[120.715707,23.629388],[120.715591,23.629363],[120.713104,23.627911]],[[120.716448,23.629546],[120.718445,23.629868],[120.718371,23.629956],[120.716448,23.629546]],[[120.719408,23.628727],[120.719623,23.628413],[120.719584,23.628519],[120.719408,23.628727]],[[120.728436,23.619652],[120.73067,23.618146],[120.730676,23.618274],[120.728436,23.619652]],[[120.731296,23.614366],[120.731037,23.611391],[120.731248,23.612106],[120.731296,23.614366]],[[120.730935,23.611045],[120.730311,23.610669],[120.730865,23.610807],[120.730935,23.611045]],[[120.729903,23.610422],[120.729564,23.610217],[120.728956,23.608775],[120.729903,23.610422]],[[120.65535,23.572199],[120.650769,23.572444],[120.650823,23.572423],[120.65535,23.572199]],[[120.648533,23.58201],[120.648929,23.582515],[120.649138,23.583246],[120.648533,23.58201]],[[120.649171,23.583361],[120.649197,23.583452],[120.649264,23.585698],[120.649171,23.583361]],[[120.647457,23.593215],[120.645621,23.593533],[120.645519,23.593494],[120.647457,23.593215]],[[120.580262,23.582295],[120.578497,23.583359],[120.580232,23.582299],[120.580262,23.582295]],[[120.557291,23.589866],[120.557075,23.592223],[120.557053,23.59225],[120.557291,23.589866]],[[120.556873,23.592477],[120.556576,23.592849],[120.556359,23.5929],[120.556873,23.592477]],[[120.543202,23.594407],[120.537739,23.594526],[120.539715,23.594282],[120.543202,23.594407]],[[120.537464,23.59456],[120.533045,23.59701],[120.537317,23.594578],[120.537464,23.59456]],[[120.532136,23.598835],[120.532051,23.598865],[120.533045,23.59701],[120.532136,23.598835]],[[120.529861,23.599729],[120.529399,23.600078],[120.529517,23.599859],[120.529861,23.599729]],[[120.519452,23.609217],[120.519289,23.609367],[120.519414,23.60924],[120.519452,23.609217]],[[120.517869,23.610809],[120.515038,23.615188],[120.517606,23.611076],[120.517869,23.610809]],[[120.507647,23.630235],[120.507495,23.631178],[120.507227,23.631659],[120.507647,23.630235]],[[120.506645,23.632702],[120.506132,23.633621],[120.505949,23.633784],[120.506645,23.632702]],[[120.505656,23.634044],[120.504683,23.634908],[120.503829,23.635232],[120.505656,23.634044]],[[120.5017,23.634795],[120.500074,23.635091],[120.499713,23.635037],[120.5017,23.634795]],[[120.498323,23.634828],[120.497625,23.634723],[120.497401,23.634642],[120.498323,23.634828]],[[120.493109,23.633212],[120.491097,23.634832],[120.492979,23.633165],[120.493109,23.633212]],[[120.379924,23.610011],[120.37114,23.609485],[120.379905,23.609968],[120.379924,23.610011]],[[120.243635,23.510687],[120.242361,23.509635],[120.243087,23.510116],[120.243635,23.510687]],[[120.241534,23.509086],[120.239924,23.508161],[120.240522,23.508415],[120.241534,23.509086]],[[120.238285,23.507465],[120.230884,23.505438],[120.237076,23.506952],[120.238285,23.507465]],[[120.616908,24.07978],[120.617004,24.079422],[120.617362,24.078563],[120.616908,24.07978]],[[120.61919,24.074183],[120.619666,24.073044],[120.619991,24.072814],[120.61919,24.074183]],[[120.620563,24.07241],[120.620685,24.072324],[120.620776,24.072339],[120.620563,24.07241]],[[120.623798,24.071606],[120.624108,24.071261],[120.62399,24.071481],[120.623798,24.071606]],[[120.625174,24.069273],[120.625351,24.068818],[120.625347,24.068949],[120.625174,24.069273]],[[120.624179,24.031608],[120.624469,24.030989],[120.624873,24.030601],[120.624179,24.031608]],[[120.625335,24.030158],[120.625481,24.030019],[120.628658,24.02962],[120.625335,24.030158]],[[120.678545,24.014099],[120.678644,24.014033],[120.678722,24.014157],[120.678545,24.014099]],[[120.635572,23.825848],[120.634963,23.825896],[120.633864,23.825841],[120.635572,23.825848]],[[120.671848,23.819353],[120.672589,23.81918],[120.671889,23.819407],[120.671848,23.819353]],[[120.6744,23.820061],[120.674305,23.820015],[120.676582,23.819011],[120.676355,23.819287],[120.6744,23.820061]],[[120.683899,23.801945],[120.683897,23.80148],[120.683953,23.801563],[120.683899,23.801945]],[[120.683801,23.80134],[120.683814,23.801359],[120.680132,23.801664],[120.679998,23.801614],[120.683801,23.80134]],[[120.663995,23.792251],[120.658137,23.791041],[120.66378,23.792142],[120.663995,23.792251]],[[120.64575,23.786995],[120.646791,23.787184],[120.658137,23.791041],[120.64575,23.786995]],[[120.643628,23.786301],[120.641548,23.785622],[120.642342,23.785692],[120.643628,23.786301]],[[120.507156,23.800931],[120.50874,23.800447],[120.509483,23.800333],[120.507156,23.800931]],[[120.511054,23.800092],[120.521292,23.799771],[120.521225,23.799779],[120.510468,23.800182],[120.511054,23.800092]],[[120.522909,23.799598],[120.527818,23.799059],[120.527885,23.799066],[120.522909,23.799598]],[[120.63502,23.78677],[120.640276,23.786062],[120.640234,23.786076],[120.63502,23.78677]],[[120.231668,23.852708],[120.235955,23.848146],[120.236945,23.847286],[120.231668,23.852708]],[[120.240394,23.844289],[120.24377,23.841355],[120.245133,23.840438],[120.240394,23.844289]],[[120.251462,23.836182],[120.251858,23.835915],[120.252733,23.835492],[120.251462,23.836182]],[[120.255628,23.834092],[120.256376,23.83373],[120.308126,23.820302],[120.255628,23.834092]],[[120.659591,22.861672],[120.659336,22.864169],[120.65948,22.861918],[120.659591,22.861672]],[[120.660174,22.860515],[120.659927,22.860931],[120.66005,22.860659],[120.660174,22.860515]],[[120.664294,22.858806],[120.660671,22.859941],[120.660905,22.85967],[120.664294,22.858806]],[[120.840943,22.860382],[120.840484,22.860874],[120.84131,22.859434],[120.840943,22.860382]],[[120.841654,22.858547],[120.841579,22.858741],[120.84122,22.856991],[120.841654,22.858547]],[[120.862589,22.828843],[120.864552,22.832169],[120.862951,22.829664],[120.862589,22.828843]],[[120.861728,22.826495],[120.861688,22.826797],[120.861628,22.826661],[120.861728,22.826495]],[[120.8649,22.825073],[120.861873,22.826254],[120.861968,22.826096],[120.8649,22.825073]],[[120.87171,22.814792],[120.868493,22.817063],[120.868629,22.816851],[120.87171,22.814792]],[[120.872549,22.81478],[120.873365,22.815113],[120.87171,22.814792],[120.872549,22.81478]],[[120.874493,22.815332],[120.874448,22.815323],[120.874526,22.815305],[120.874493,22.815332]],[[120.877198,22.813105],[120.876313,22.813833],[120.877159,22.813072],[120.877198,22.813105]],[[120.881571,22.81445],[120.881486,22.814434],[120.883065,22.814077],[120.881571,22.81445]],[[120.9033,22.799807],[120.902782,22.800767],[120.903388,22.799402],[120.9033,22.799807]],[[120.903298,22.793386],[120.90297,22.796532],[120.90323,22.793225],[120.903298,22.793386]],[[120.883511,22.717067],[120.883598,22.71719],[120.883305,22.717017],[120.883511,22.717067]],[[120.837684,22.697818],[120.837681,22.698025],[120.837374,22.697562],[120.837684,22.697818]],[[120.83679,22.697078],[120.837026,22.697273],[120.834985,22.696564],[120.83679,22.697078]],[[120.831168,22.696836],[120.833303,22.696641],[120.834985,22.696564],[120.831168,22.696836]],[[120.791566,22.679183],[120.791529,22.679364],[120.790658,22.67776],[120.791566,22.679183]],[[120.786348,22.662982],[120.786224,22.672041],[120.786215,22.662596],[120.786348,22.662982]],[[120.785817,22.661434],[120.786028,22.662049],[120.785775,22.661385],[120.785817,22.661434]],[[120.782333,22.656085],[120.783713,22.658945],[120.781648,22.655134],[120.782333,22.656085]],[[120.741936,22.568976],[120.743284,22.569447],[120.742349,22.569285],[120.741936,22.568976]],[[120.741399,22.567929],[120.74168,22.568784],[120.741528,22.56867],[120.741399,22.567929]],[[120.739704,22.562767],[120.740099,22.56397],[120.739691,22.562982],[120.739704,22.562767]],[[120.740013,22.559242],[120.739809,22.560998],[120.739938,22.55881],[120.740013,22.559242]],[[120.739687,22.551147],[120.739453,22.551589],[120.739479,22.551453],[120.739687,22.551147]],[[120.743958,22.543104],[120.740948,22.548774],[120.741081,22.548299],[120.743958,22.543104]],[[120.780763,22.295047],[120.779735,22.296405],[120.780526,22.295183],[120.780763,22.295047]],[[120.78182,22.294583],[120.781105,22.294851],[120.781552,22.294596],[120.78182,22.294583]],[[120.788607,22.294002],[120.78825,22.29391],[120.789557,22.293491],[120.788607,22.294002]],[[120.789898,22.293308],[120.789801,22.29336],[120.791128,22.290647],[120.789898,22.293308]],[[120.858668,22.240819],[120.855462,22.241495],[120.858719,22.240736],[120.858668,22.240819]],[[120.858659,22.239311],[120.858697,22.239236],[120.858976,22.240317],[120.858816,22.240578],[120.858659,22.239311]],[[120.86386,22.231139],[120.862203,22.230722],[120.862194,22.230676],[120.86386,22.231139]],[[120.867453,22.230011],[120.866555,22.229847],[120.866677,22.229809],[120.867453,22.230011]],[[120.88056,22.234718],[120.879093,22.235217],[120.880508,22.234646],[120.88056,22.234718]],[[120.447283,22.68812],[120.446286,22.687357],[120.447166,22.687889],[120.447283,22.68812]],[[120.450218,22.695209],[120.448024,22.68959],[120.448829,22.691184],[120.450218,22.695209]],[[120.45127,22.700072],[120.450655,22.696477],[120.45096,22.697361],[120.45127,22.700072]],[[120.455471,22.717317],[120.453001,22.706575],[120.455396,22.71666],[120.455471,22.717317]],[[120.454842,22.740331],[120.454856,22.74021],[120.454184,22.753559],[120.454842,22.740331]],[[120.455987,22.780171],[120.455983,22.780113],[120.456793,22.783064],[120.455987,22.780171]],[[120.457471,22.785495],[120.457457,22.785447],[120.464034,22.800288],[120.457471,22.785495]],[[120.60541,22.87297],[120.604862,22.872518],[120.605577,22.873035],[120.60541,22.87297]],[[120.615087,22.876742],[120.614502,22.876514],[120.615356,22.876754],[120.615087,22.876742]],[[120.616749,22.876814],[120.615983,22.876781],[120.617433,22.876586],[120.616749,22.876814]],[[120.648542,22.877134],[120.647933,22.877876],[120.648436,22.87713],[120.648542,22.877134]],[[120.653976,22.880983],[120.652502,22.879689],[120.654631,22.881291],[120.653976,22.880983]],[[120.65532,22.881615],[120.655082,22.881503],[120.655526,22.881567],[120.65532,22.881615]],[[120.656483,22.881345],[120.656257,22.881397],[120.656638,22.881183],[120.656483,22.881345]],[[121.009747,24.944196],[121.0071,24.946219],[121.007085,24.946203],[121.009747,24.944196]],[[121.025884,24.940522],[121.026395,24.942176],[121.025817,24.940536],[121.025884,24.940522]],[[121.029051,24.94513],[121.028846,24.945151],[121.026395,24.942176],[121.029051,24.94513]],[[121.03803,24.946352],[121.037941,24.94638],[121.037683,24.946268],[121.03803,24.946352]],[[121.038563,24.94607],[121.038527,24.946196],[121.038288,24.946271],[121.038563,24.94607]],[[121.038998,24.944699],[121.039499,24.944257],[121.038989,24.944734],[121.038998,24.944699]],[[121.040631,24.943257],[121.042395,24.944162],[121.040593,24.943291],[121.040631,24.943257]],[[121.299556,24.696589],[121.299486,24.695566],[121.299649,24.696771],[121.299556,24.696589]],[[121.299841,24.694959],[121.300507,24.694336],[121.299486,24.695566],[121.299841,24.694959]],[[121.30106,24.693819],[121.303904,24.692917],[121.300961,24.693912],[121.30106,24.693819]],[[121.391332,24.586458],[121.391536,24.586513],[121.387208,24.586562],[121.391332,24.586458]],[[121.393716,24.587104],[121.394282,24.587341],[121.392428,24.586755],[121.393716,24.587104]],[[121.394762,24.587542],[121.395742,24.588933],[121.394646,24.587494],[121.394762,24.587542]],[[121.40316,24.590592],[121.403093,24.591793],[121.403046,24.591707],[121.40316,24.590592]],[[121.404057,24.593316],[121.403744,24.593001],[121.403314,24.592204],[121.404057,24.593316]],[[121.427689,24.605849],[121.429788,24.611273],[121.427632,24.605817],[121.427689,24.605849]],[[121.474214,24.673161],[121.472382,24.673147],[121.472319,24.67312],[121.474214,24.673161]],[[121.478139,24.673651],[121.477018,24.673823],[121.47669,24.673746],[121.478139,24.673651]],[[121.478557,24.673623],[121.478856,24.673689],[121.478442,24.673631],[121.478557,24.673623]],[[121.487279,24.675176],[121.486859,24.675166],[121.484735,24.673827],[121.487279,24.675176]],[[121.488483,24.675134],[121.487916,24.675192],[121.487722,24.675187],[121.488483,24.675134]],[[121.492447,24.673223],[121.492854,24.673284],[121.489289,24.674227],[121.492447,24.673223]],[[121.493478,24.673378],[121.495292,24.674532],[121.493164,24.673331],[121.493478,24.673378]],[[121.496845,24.67552],[121.497379,24.67662],[121.49645,24.675268],[121.496845,24.67552]],[[121.535709,24.688231],[121.536182,24.688338],[121.533315,24.688416],[121.535709,24.688231]],[[121.536873,24.688495],[121.53716,24.689393],[121.536625,24.688439],[121.536873,24.688495]],[[121.537777,24.691329],[121.537559,24.694015],[121.537621,24.69084],[121.537777,24.691329]],[[121.543374,24.70567],[121.543207,24.705644],[121.542933,24.704668],[121.543374,24.70567]],[[121.578917,24.722343],[121.578307,24.72236],[121.578233,24.7222],[121.578917,24.722343]],[[121.583814,24.720457],[121.579654,24.722324],[121.57955,24.722326],[121.583814,24.720457]],[[121.597926,24.728797],[121.597839,24.72928],[121.597549,24.727674],[121.597926,24.728797]],[[121.593002,24.787438],[121.592084,24.787734],[121.592138,24.787621],[121.593002,24.787438]],[[121.593661,24.787297],[121.598891,24.787699],[121.593609,24.787309],[121.593661,24.787297]],[[121.775427,24.865083],[121.77544,24.865122],[121.771152,24.864869],[121.775427,24.865083]],[[121.793029,24.897055],[121.792767,24.897208],[121.793026,24.897019],[121.793029,24.897055]],[[121.792027,24.897748],[121.792056,24.897727],[121.791918,24.899759],[121.791759,24.899532],[121.792027,24.897748]],[[121.795184,24.899753],[121.791995,24.899869],[121.791954,24.89981],[121.795184,24.899753]],[[121.834575,24.906911],[121.835197,24.907402],[121.834505,24.906896],[121.834575,24.906911]],[[121.8364,24.90835],[121.838029,24.910056],[121.836159,24.908161],[121.8364,24.90835]],[[121.841571,24.914206],[121.839655,24.912763],[121.839625,24.912712],[121.841571,24.914206]],[[121.84252,24.915244],[121.842359,24.915212],[121.842323,24.915166],[121.84252,24.915244]],[[121.843738,24.915723],[121.843827,24.915853],[121.84364,24.915684],[121.843738,24.915723]],[[121.852061,24.92369],[121.852105,24.923731],[121.850848,24.923423],[121.852061,24.92369]],[[121.853706,24.925215],[121.853831,24.925529],[121.852227,24.923844],[121.853706,24.925215]],[[121.853984,24.925916],[121.853868,24.927879],[121.853933,24.925788],[121.853984,24.925916]],[[121.916251,24.979473],[121.914869,24.979349],[121.914853,24.979335],[121.916251,24.979473]],[[121.962906,24.987704],[121.961075,24.988293],[121.959865,24.988409],[121.962906,24.987704]],[[120.678833,24.014194],[120.678824,24.014191],[120.685996,24.010472],[120.678833,24.014194]],[[121.181298,24.212146],[121.178879,24.213615],[121.180739,24.21228],[121.181298,24.212146]],[[121.18178,24.212091],[121.181614,24.212069],[121.181714,24.212045],[121.18178,24.212091]],[[121.251226,24.237993],[121.250635,24.236582],[121.251653,24.238597],[121.251226,24.237993]],[[121.254653,24.242838],[121.253328,24.240965],[121.254938,24.243045],[121.254653,24.242838]],[[121.264658,24.245874],[121.261495,24.245707],[121.265419,24.245668],[121.264658,24.245874]],[[121.266387,24.242419],[121.266388,24.242424],[121.265419,24.245668],[121.266387,24.242419]],[[121.271916,24.236527],[121.27085,24.236624],[121.27087,24.23661],[121.271916,24.236527]],[[121.276778,24.235531],[121.274082,24.235602],[121.276792,24.235472],[121.276778,24.235531]],[[121.277608,24.232086],[121.277251,24.233565],[121.277546,24.23213],[121.277608,24.232086]],[[121.279049,24.231076],[121.278762,24.231257],[121.27909,24.231021],[121.279049,24.231076]],[[121.280014,24.229793],[121.279616,24.230323],[121.279997,24.229777],[121.280014,24.229793]],[[121.282835,24.231038],[121.280827,24.230608],[121.282886,24.231015],[121.282835,24.231038]],[[121.284254,24.229589],[121.283679,24.230651],[121.284206,24.229593],[121.284254,24.229589]],[[121.294035,24.229648],[121.293135,24.229164],[121.294011,24.22959],[121.294035,24.229648]],[[121.295458,24.232498],[121.295401,24.23238],[121.29611,24.232747],[121.295458,24.232498]],[[121.296557,24.232917],[121.298687,24.233135],[121.298716,24.233195],[121.296706,24.232973],[121.296557,24.232917]],[[121.298028,24.233995],[121.298738,24.233243],[121.298817,24.233408],[121.298028,24.233995]],[[121.308567,24.234904],[121.306201,24.233771],[121.308759,24.234908],[121.308567,24.234904]],[[121.313521,24.235028],[121.31078,24.234959],[121.313686,24.234992],[121.313521,24.235028]],[[121.326498,24.232528],[121.324444,24.233007],[121.330226,24.231155],[121.326498,24.232528]],[[121.335686,24.228589],[121.333171,24.229826],[121.339751,24.226318],[121.335686,24.228589]],[[121.352606,24.243855],[121.352615,24.243783],[121.355991,24.244627],[121.352606,24.243855]],[[121.366892,24.2521],[121.364423,24.247273],[121.366993,24.252115],[121.366892,24.2521]],[[121.372679,24.25412],[121.371559,24.253159],[121.372768,24.254099],[121.372679,24.25412]],[[121.416781,24.309176],[121.415578,24.308491],[121.416829,24.309144],[121.416781,24.309176]],[[121.419654,24.307814],[121.418935,24.308048],[121.419281,24.307858],[121.419654,24.307814]],[[121.433826,24.321091],[121.431643,24.320483],[121.433749,24.321023],[121.433826,24.321091]],[[121.434713,24.322023],[121.434258,24.32147],[121.434605,24.321775],[121.434713,24.322023]],[[121.434492,24.325576],[121.434841,24.322317],[121.434948,24.322562],[121.434492,24.325576]],[[121.432519,24.330269],[121.432537,24.330199],[121.433467,24.335785],[121.432519,24.330269]],[[121.435618,24.347246],[121.436248,24.345212],[121.435691,24.34735],[121.435618,24.347246]],[[121.447795,24.361494],[121.44727,24.359545],[121.448017,24.361822],[121.447795,24.361494]],[[121.448665,24.362781],[121.448327,24.362281],[121.449458,24.363231],[121.448665,24.362781]],[[121.48119,24.349064],[121.48109,24.349138],[121.481113,24.349076],[121.48119,24.349064]],[[121.49498,24.34053],[121.492238,24.34209],[121.494258,24.340828],[121.49498,24.34053]],[[121.499511,24.339477],[121.499786,24.339525],[121.501226,24.341019],[121.501108,24.340962],[121.499511,24.339477]],[[121.503877,24.342781],[121.503429,24.342371],[121.5042,24.342826],[121.503877,24.342781]],[[121.507303,24.343258],[121.505675,24.343031],[121.507724,24.343185],[121.507303,24.343258]],[[121.508104,24.343119],[121.507965,24.343144],[121.508483,24.342322],[121.508104,24.343119]],[[121.50968,24.341201],[121.508754,24.341893],[121.508861,24.341723],[121.50968,24.341201]],[[121.621881,24.366759],[121.621862,24.366685],[121.623555,24.367347],[121.621881,24.366759]],[[121.631609,24.370312],[121.630952,24.370549],[121.631654,24.370218],[121.631609,24.370312]],[[121.631866,24.369769],[121.631735,24.370046],[121.631751,24.369567],[121.631866,24.369769]],[[121.695715,24.334706],[121.695442,24.334725],[121.697657,24.334111],[121.695715,24.334706]],[[121.769043,24.313218],[121.763537,24.313725],[121.765474,24.313356],[121.769043,24.313218]],[[121.772724,24.313629],[121.770388,24.313166],[121.770849,24.313148],[121.772724,24.313629]],[[121.032187,23.29835],[121.034531,23.299737],[121.03447,23.299734],[121.032187,23.29835]],[[121.052307,23.291639],[121.052392,23.291575],[121.052588,23.291522],[121.052307,23.291639]],[[121.053919,23.291167],[121.055439,23.290761],[121.054732,23.291134],[121.053919,23.291167]],[[121.056121,23.290401],[121.056407,23.290039],[121.056315,23.290299],[121.056121,23.290401]],[[121.077972,23.234366],[121.07795,23.234221],[121.078131,23.234004],[121.077972,23.234366]],[[121.079088,23.232859],[121.079239,23.232679],[121.079282,23.232706],[121.079088,23.232859]],[[121.092988,23.233722],[121.093485,23.233409],[121.09311,23.233726],[121.092988,23.233722]],[[121.093996,23.232978],[121.09638,23.229649],[121.094059,23.232924],[121.093996,23.232978]],[[121.104922,23.225378],[121.105647,23.22415],[121.105992,23.224069],[121.104922,23.225378]],[[121.107271,23.223768],[121.108454,23.22349],[121.108694,23.223547],[121.107271,23.223768]],[[121.189295,23.203758],[121.189675,23.203537],[121.189504,23.203717],[121.189295,23.203758]],[[121.270741,23.101189],[121.272352,23.097881],[121.272482,23.097915],[121.270741,23.101189]],[[121.274628,23.098473],[121.274686,23.09851],[121.273599,23.098393],[121.272974,23.098043],[121.274628,23.098473]],[[121.276691,23.099787],[121.278205,23.100751],[121.278221,23.10077],[121.276691,23.099787]],[[121.317344,23.165163],[121.318519,23.16808],[121.318516,23.168079],[121.317344,23.165163]],[[121.399982,23.385425],[121.400024,23.386269],[121.399922,23.385604],[121.399982,23.385425]],[[121.401253,23.388505],[121.401158,23.388468],[121.400087,23.386681],[121.40008,23.386635],[121.401253,23.388505]],[[121.406751,23.393598],[121.407842,23.395881],[121.407811,23.395853],[121.406751,23.393598]],[[121.408185,23.396192],[121.409181,23.396994],[121.409357,23.397256],[121.408185,23.396192]],[[121.409596,23.397613],[121.410493,23.398951],[121.411741,23.401698],[121.409596,23.397613]],[[121.412531,23.402528],[121.412591,23.402591],[121.412592,23.402773],[121.412531,23.402528]],[[121.4334,23.432866],[121.434505,23.433227],[121.43438,23.433248],[121.4334,23.432866]],[[121.438256,23.43327],[121.439108,23.4326],[121.439187,23.432639],[121.438256,23.43327]],[[121.439444,23.432767],[121.439771,23.432929],[121.440396,23.433487],[121.439444,23.432767]],[[121.440667,23.433728],[121.441064,23.434083],[121.441201,23.434899],[121.440667,23.433728]],[[121.441928,23.436492],[121.442136,23.436886],[121.442089,23.436846],[121.441928,23.436492]],[[121.444162,23.438639],[121.444344,23.440867],[121.444302,23.440799],[121.444162,23.438639]],[[121.445451,23.442692],[121.445643,23.442998],[121.445602,23.442941],[121.445451,23.442692]],[[121.447108,23.443787],[121.447094,23.443797],[121.446042,23.443549],[121.445908,23.443363],[121.447108,23.443787]],[[120.652781,23.225142],[120.649758,23.228221],[120.650294,23.227405],[120.652781,23.225142]],[[120.649526,23.228575],[120.64955,23.230651],[120.649484,23.228639],[120.649526,23.228575]],[[120.650278,23.234293],[120.651311,23.235819],[120.650353,23.23465],[120.650278,23.234293]],[[120.955999,23.467336],[120.957106,23.468398],[120.95726,23.468814],[120.955999,23.467336]],[[120.957456,23.469343],[120.957509,23.469487],[120.957483,23.469493],[120.957456,23.469343]],[[120.958875,23.469653],[120.961217,23.470692],[120.960986,23.470691],[120.958875,23.469653]],[[120.999693,23.462167],[121.004506,23.462961],[121.003815,23.462956],[120.999693,23.462167]],[[121.005384,23.462968],[121.006294,23.462924],[121.005896,23.462971],[121.005384,23.462968]],[[121.007247,23.462809],[121.008461,23.462086],[121.007447,23.462785],[121.007247,23.462809]],[[121.010534,23.446137],[121.010474,23.446067],[121.010581,23.441244],[121.010534,23.446137]],[[121.015268,23.43541],[121.015145,23.435346],[121.018514,23.435951],[121.015268,23.43541]],[[121.019576,23.436431],[121.020899,23.437498],[121.018514,23.435951],[121.019576,23.436431]],[[121.014783,23.435159],[121.014464,23.434993],[121.014437,23.434909],[121.014783,23.435159]],[[121.01399,23.43398],[121.012933,23.433241],[121.013916,23.433775],[121.01399,23.43398]],[[121.012949,23.432949],[121.014155,23.430934],[121.012933,23.433241],[121.012949,23.432949]],[[121.02253,23.424902],[121.025861,23.424178],[121.025801,23.424216],[121.02253,23.424902]],[[121.027409,23.423183],[121.029088,23.422889],[121.029031,23.422947],[121.027409,23.423183]],[[121.029213,23.422762],[121.029345,23.422481],[121.029342,23.422631],[121.029213,23.422762]],[[121.00084,23.382518],[121.000095,23.382372],[121.000024,23.382258],[121.00084,23.382518]],[[120.988066,23.370591],[120.987958,23.370573],[120.987873,23.370226],[120.988066,23.370591]],[[120.98764,23.369282],[120.986775,23.365765],[120.986565,23.363425],[120.98764,23.369282]],[[121.046311,23.308886],[121.046138,23.308588],[121.046282,23.308678],[121.046311,23.308886]],[[121.045004,23.307874],[121.044388,23.307568],[121.044559,23.307595],[121.045004,23.307874]],[[121.031896,23.303672],[121.031841,23.301575],[121.031914,23.301752],[121.032069,23.303711],[121.031896,23.303672]],[[121.031769,23.301403],[121.030159,23.298732],[121.031365,23.300433],[121.031769,23.301403]],[[121.028419,23.297201],[121.028426,23.297203],[121.0299,23.298366],[121.029992,23.298496],[121.028419,23.297201]],[[121.027222,23.296836],[121.026729,23.296708],[121.026655,23.296663],[121.027222,23.296836]],[[121.023746,23.293706],[121.023792,23.293742],[121.020005,23.29457],[121.023746,23.293706]],[[121.010551,23.292703],[121.010393,23.292699],[121.0103,23.29263],[121.010551,23.292703]],[[120.97263,23.282187],[120.971738,23.281709],[120.97028,23.280606],[120.97263,23.282187]],[[120.915788,23.237894],[120.915719,23.237873],[120.915696,23.237786],[120.915788,23.237894]],[[120.863787,22.866216],[120.863875,22.866389],[120.863609,22.866161],[120.863787,22.866216]],[[120.880026,23.467622],[120.880797,23.467642],[120.87653,23.467816],[120.880026,23.467622]],[[120.838973,23.471218],[120.839111,23.471309],[120.835999,23.472557],[120.838973,23.471218]],[[120.823933,23.503791],[120.82408,23.504485],[120.824036,23.504931],[120.823933,23.503791]],[[120.823979,23.505519],[120.823951,23.505804],[120.82283,23.508623],[120.823979,23.505519]],[[120.823178,23.510941],[120.823036,23.511247],[120.82283,23.508623],[120.823178,23.510941]],[[120.822933,23.511466],[120.822803,23.511745],[120.820134,23.514144],[120.822933,23.511466]],[[120.823208,23.587495],[120.823392,23.587405],[120.822629,23.588008],[120.823208,23.587495]],[[120.819885,23.590438],[120.820424,23.58996],[120.819546,23.591353],[120.819885,23.590438]],[[120.81687,23.595602],[120.817056,23.595302],[120.817096,23.595945],[120.81687,23.595602]],[[120.818084,23.599214],[120.818021,23.59933],[120.817769,23.599425],[120.818084,23.599214]],[[120.777739,23.602325],[120.777861,23.602289],[120.7777,23.602381],[120.777739,23.602325]],[[120.776534,23.604028],[120.774576,23.605205],[120.774445,23.60523],[120.776534,23.604028]],[[120.77022,23.605962],[120.771848,23.605717],[120.770172,23.606032],[120.77022,23.605962]],[[120.769719,23.60669],[120.769979,23.606312],[120.769413,23.608371],[120.769719,23.60669]],[[120.758081,23.612488],[120.755383,23.614169],[120.754684,23.614417],[120.758081,23.612488]],[[120.753973,23.61467],[120.753562,23.614816],[120.752779,23.614708],[120.753973,23.61467]],[[120.751303,23.614504],[120.750918,23.614451],[120.750842,23.61435],[120.751303,23.614504]],[[120.737721,23.609677],[120.739399,23.610355],[120.737451,23.609651],[120.737721,23.609677]],[[120.736061,23.609517],[120.737056,23.609613],[120.735926,23.60955],[120.736061,23.609517]],[[121.349216,24.20406],[121.349654,24.200589],[121.349701,24.200769],[121.34931,24.203726],[121.349216,24.20406]],[[121.349539,24.200156],[121.349072,24.199632],[121.349438,24.199775],[121.349539,24.200156]],[[121.34887,24.199553],[121.348393,24.199616],[121.348765,24.199512],[121.34887,24.199553]],[[121.345444,24.200004],[121.34535,24.199956],[121.345772,24.199961],[121.345444,24.200004]],[[121.286612,24.177634],[121.286204,24.177361],[121.286923,24.177613],[121.286612,24.177634]],[[121.286073,24.176651],[121.286214,24.176355],[121.286204,24.177361],[121.286073,24.176651]],[[121.287793,24.172552],[121.287863,24.172105],[121.287836,24.172458],[121.287793,24.172552]],[[121.287935,24.161658],[121.288325,24.157991],[121.288395,24.158095],[121.287935,24.161658]],[[121.2878,24.15721],[121.286382,24.157092],[121.286726,24.157076],[121.2878,24.15721]],[[121.286093,24.157106],[121.281978,24.158194],[121.285364,24.157141],[121.286093,24.157106]],[[121.328391,24.114435],[121.328246,24.112315],[121.328495,24.114409],[121.328391,24.114435]],[[121.328209,24.112005],[121.326931,24.110261],[121.328166,24.111645],[121.328209,24.112005]],[[121.265575,24.001248],[121.264445,23.998705],[121.264936,23.999357],[121.265575,24.001248]],[[121.261634,23.99501],[121.261542,23.994848],[121.261987,23.995439],[121.261634,23.99501]],[[121.260112,23.992324],[121.260102,23.992194],[121.260643,23.993262],[121.260112,23.992324]],[[121.277875,23.965674],[121.277815,23.965401],[121.277954,23.96558],[121.277875,23.965674]],[[121.263178,23.880771],[121.263145,23.880347],[121.263284,23.880883],[121.263178,23.880771]],[[121.263043,23.879005],[121.263102,23.878884],[121.263048,23.879074],[121.263043,23.879005]],[[121.265038,23.873419],[121.265175,23.872892],[121.265252,23.872905],[121.265038,23.873419]],[[121.253624,23.868396],[121.253291,23.868113],[121.255193,23.868571],[121.253624,23.868396]],[[121.253036,23.867895],[121.252665,23.865361],[121.25316,23.868001],[121.253036,23.867895]],[[121.22885,23.744516],[121.228845,23.744352],[121.230076,23.747184],[121.22885,23.744516]],[[121.228828,23.743751],[121.228658,23.737885],[121.228918,23.73988],[121.228828,23.743751]],[[121.22967,23.73008],[121.230993,23.730123],[121.229692,23.730188],[121.22967,23.73008]],[[121.238005,23.724157],[121.23936,23.724341],[121.239341,23.724375],[121.237439,23.724279],[121.238005,23.724157]],[[121.239387,23.724292],[121.239158,23.723687],[121.239463,23.724154],[121.239387,23.724292]],[[121.239323,23.70019],[121.239354,23.699781],[121.239832,23.70134],[121.239323,23.70019]],[[121.232447,23.677466],[121.232487,23.677214],[121.233021,23.67833],[121.232447,23.677466]],[[121.232635,23.676294],[121.232915,23.675941],[121.232574,23.676677],[121.232635,23.676294]],[[121.22491,23.629113],[121.224827,23.628059],[121.22499,23.628771],[121.22491,23.629113]],[[121.223978,23.624362],[121.223696,23.623439],[121.223799,23.623583],[121.223978,23.624362]],[[121.206648,23.59597],[121.206431,23.595876],[121.20658,23.595866],[121.206648,23.59597]],[[121.194561,23.600524],[121.194295,23.600513],[121.195683,23.599534],[121.194561,23.600524]],[[121.193962,23.600499],[121.190301,23.597189],[121.194064,23.600503],[121.193962,23.600499]],[[121.058374,23.460343],[121.058311,23.460259],[121.058351,23.460275],[121.058374,23.460343]],[[121.033649,23.445507],[121.033654,23.444027],[121.033762,23.444177],[121.033649,23.445507]],[[121.033478,23.443786],[121.032452,23.442877],[121.033142,23.443323],[121.033478,23.443786]],[[121.031895,23.442518],[121.02866,23.441608],[121.031422,23.442212],[121.031895,23.442518]],[[121.026632,23.439282],[121.026479,23.439152],[121.026519,23.439153],[121.026632,23.439282]],[[121.022034,23.438997],[121.021171,23.437717],[121.021298,23.43782],[121.022034,23.438997]],[[121.261903,24.428509],[121.265079,24.428648],[121.26172,24.428564],[121.261903,24.428509]],[[121.30285,24.433028],[121.305504,24.432581],[121.305642,24.432657],[121.30285,24.433028]],[[121.317529,24.441346],[121.317665,24.441489],[121.318742,24.444066],[121.317529,24.441346]],[[121.322028,24.451654],[121.323677,24.456382],[121.323342,24.45575],[121.322028,24.451654]],[[121.324036,24.457055],[121.326454,24.460425],[121.324338,24.457623],[121.324036,24.457055]],[[121.401424,24.528887],[121.4015,24.528986],[121.401509,24.530218],[121.401424,24.528887]],[[121.398319,24.549425],[121.395521,24.552927],[121.395561,24.552801],[121.398319,24.549425]],[[121.395302,24.553616],[121.394801,24.555735],[121.39468,24.555574],[121.395302,24.553616]],[[121.395514,24.556678],[121.396478,24.557659],[121.398365,24.560455],[121.395514,24.556678]],[[121.407555,24.570019],[121.407665,24.570032],[121.40906,24.571624],[121.407555,24.570019]],[[121.411808,24.572798],[121.412056,24.573131],[121.40906,24.571624],[121.411808,24.572798]],[[121.412241,24.573378],[121.41233,24.573499],[121.412133,24.574362],[121.412241,24.573378]],[[121.411946,24.575179],[121.411913,24.575324],[121.410213,24.579387],[121.411946,24.575179]],[[120.912006,24.732385],[120.912826,24.730404],[120.91207,24.732311],[120.912006,24.732385]],[[120.913797,24.724203],[120.916257,24.721428],[120.91628,24.721532],[120.913797,24.724203]],[[120.916139,24.7209],[120.916031,24.720582],[120.916077,24.720625],[120.916139,24.7209]],[[120.914457,24.719048],[120.914379,24.718974],[120.914347,24.718017],[120.914457,24.719048]],[[120.928839,24.715285],[120.930262,24.716574],[120.930242,24.716633],[120.928839,24.715285]],[[120.930578,24.715603],[120.930688,24.715188],[120.930726,24.715148],[120.930578,24.715603]],[[120.931273,24.714561],[120.931454,24.714367],[120.931528,24.714317],[120.931273,24.714561]],[[120.933044,24.713286],[120.935049,24.712985],[120.935027,24.713007],[120.933044,24.713286]],[[120.935427,24.712517],[120.936074,24.713844],[120.935428,24.712594],[120.935249,24.712778],[120.9363,24.711004],[120.93639,24.710987],[120.935427,24.712517]],[[120.940587,24.708341],[120.941826,24.707386],[120.942039,24.707418],[120.940587,24.708341]],[[121.073011,24.613499],[121.073987,24.61289],[121.073317,24.613415],[121.073011,24.613499]],[[121.075003,24.612095],[121.076083,24.609067],[121.075142,24.611986],[121.075003,24.612095]],[[121.075485,24.604174],[121.075497,24.604066],[121.076356,24.603064],[121.075485,24.604174]],[[121.172073,24.504431],[121.173718,24.504777],[121.172701,24.504711],[121.172073,24.504431]],[[121.174973,24.505041],[121.175099,24.505068],[121.175394,24.505338],[121.174973,24.505041]],[[121.176602,24.506445],[121.177803,24.507547],[121.177399,24.507437],[121.176602,24.506445]],[[121.178966,24.507862],[121.179566,24.507982],[121.179417,24.507984],[121.178966,24.507862]],[[121.191622,24.507469],[121.194436,24.507027],[121.195148,24.507109],[121.191622,24.507469]],[[121.195531,24.507152],[121.19569,24.507171],[121.19807,24.508837],[121.195531,24.507152]],[[121.200394,24.51132],[121.202409,24.511739],[121.200523,24.511458],[121.200394,24.51132]],[[121.205406,24.512772],[121.206577,24.512941],[121.206497,24.512957],[121.205406,24.512772]],[[121.206713,24.512915],[121.208178,24.511632],[121.206972,24.512863],[121.206713,24.512915]],[[121.209551,24.511486],[121.209622,24.511537],[121.208178,24.511632],[121.209551,24.511486]],[[121.211834,24.513134],[121.214395,24.514983],[121.214123,24.514879],[121.211834,24.513134]],[[121.215818,24.515522],[121.216883,24.514866],[121.216745,24.515046],[121.215818,24.515522]],[[121.21716,24.514503],[121.217612,24.513694],[121.217619,24.513902],[121.21716,24.514503]],[[121.260166,24.4291],[121.260218,24.429009],[121.260656,24.428879],[121.260166,24.4291]],[[121.249147,24.423793],[121.246113,24.422783],[121.246007,24.422654],[121.249147,24.423793]],[[121.245415,24.42193],[121.243897,24.420076],[121.243597,24.419411],[121.245415,24.42193]],[[121.243413,24.419004],[121.243301,24.418756],[121.243596,24.416607],[121.243413,24.419004]],[[121.231663,24.387658],[121.231618,24.387606],[121.232041,24.38413],[121.232151,24.384297],[121.231663,24.387658]],[[121.231861,24.383858],[121.231943,24.383982],[121.227107,24.38298],[121.231861,24.383858]],[[121.057427,24.311267],[121.055526,24.310594],[121.055498,24.310461],[121.057427,24.311267]],[[121.049305,24.296048],[121.05135,24.297821],[121.049206,24.296052],[121.049305,24.296048]],[[120.849903,24.288514],[120.850119,24.288531],[120.849377,24.288548],[120.849903,24.288514]],[[120.838149,24.289276],[120.840128,24.289148],[120.838015,24.289311],[120.838149,24.289276]],[[120.833565,24.290472],[120.836091,24.289813],[120.833455,24.290592],[120.833565,24.290472]],[[120.703414,24.361798],[120.707427,24.361726],[120.703224,24.361877],[120.703414,24.361798]],[[120.693042,24.366949],[120.693204,24.366884],[120.692824,24.367169],[120.693042,24.366949]],[[120.692098,24.367901],[120.692256,24.367741],[120.689945,24.374337],[120.692098,24.367901]],[[120.663867,24.402081],[120.663629,24.402312],[120.658004,24.406718],[120.663867,24.402081]],[[121.442641,24.37372],[121.440797,24.37781],[121.438302,24.382616],[121.442641,24.37372]],[[121.437787,24.382876],[121.43397,24.383233],[121.438302,24.382616],[121.437787,24.382876]],[[121.369293,24.372457],[121.369429,24.372322],[121.369252,24.374586],[121.369293,24.372457]],[[121.367107,24.378974],[121.367117,24.378953],[121.368092,24.38111],[121.367107,24.378974]],[[121.332335,24.397943],[121.331075,24.398487],[121.330885,24.398486],[121.332335,24.397943]],[[121.327858,24.39831],[121.330302,24.39848],[121.327731,24.398456],[121.327858,24.39831]],[[121.326495,24.399872],[121.327265,24.39899],[121.32617,24.400731],[121.326495,24.399872]],[[121.325925,24.401381],[121.325984,24.401224],[121.326048,24.40338],[121.325925,24.401381]],[[121.328449,24.431843],[121.328257,24.433453],[121.328087,24.433613],[121.328449,24.431843]],[[120.93359,24.852755],[120.931275,24.852618],[120.934335,24.852566],[120.93359,24.852755]],[[120.935665,24.852229],[120.934923,24.852417],[120.940449,24.849962],[120.935665,24.852229]],[[121.033506,24.76411],[121.033066,24.764889],[121.033496,24.763986],[121.033506,24.76411]],[[121.03345,24.76343],[121.033475,24.763738],[121.032809,24.762286],[121.03345,24.76343]],[[121.032548,24.761819],[121.032583,24.761882],[121.030524,24.761152],[121.032548,24.761819]],[[121.706508,25.173965],[121.706613,25.173961],[121.708688,25.175309],[121.708746,25.175384],[121.706508,25.173965]],[[121.638569,25.144204],[121.638245,25.144102],[121.638557,25.144188],[121.638569,25.144204]],[[121.636433,25.143599],[121.635472,25.143709],[121.636265,25.143553],[121.636433,25.143599]],[[121.63441,25.143829],[121.634331,25.143838],[121.632206,25.142671],[121.63441,25.143829]],[[121.628229,25.135475],[121.628385,25.135011],[121.629216,25.134235],[121.628229,25.135475]],[[121.629446,25.13402],[121.629569,25.133906],[121.630379,25.133761],[121.629446,25.13402]],[[121.76393,25.057409],[121.764033,25.057442],[121.764687,25.058508],[121.76393,25.057409]],[[121.787698,25.115234],[121.790156,25.112263],[121.790268,25.112293],[121.787698,25.115234]],[[121.794724,25.112621],[121.794774,25.112616],[121.795689,25.113743],[121.794724,25.112621]],[[121.798731,25.118426],[121.798881,25.119087],[121.798855,25.119125],[121.798731,25.118426]],[[121.798536,25.119589],[121.797673,25.119804],[121.797698,25.119741],[121.798735,25.1193],[121.798536,25.119589]],[[121.794252,25.125287],[121.794582,25.126293],[121.794535,25.126213],[121.794252,25.125287]],[[121.796095,25.12543],[121.796123,25.125428],[121.794655,25.126416],[121.794635,25.126382],[121.796095,25.12543]],[[121.802369,25.121766],[121.803133,25.122162],[121.803146,25.122208],[121.802309,25.121821],[121.802369,25.121766]],[[121.805058,25.12994],[121.80545,25.130286],[121.805441,25.130362],[121.805058,25.12994]],[[121.805387,25.130786],[121.805333,25.131205],[121.805315,25.131236],[121.805387,25.130786]],[[121.444064,24.780636],[121.445965,24.781722],[121.446062,24.781825],[121.444064,24.780636]],[[121.449484,24.786073],[121.449605,24.786189],[121.448843,24.788244],[121.449484,24.786073]],[[121.438267,24.795338],[121.438376,24.795274],[121.438174,24.795563],[121.438267,24.795338]],[[121.437573,24.797021],[121.437556,24.797398],[121.437095,24.79818],[121.437573,24.797021]],[[121.437985,24.803378],[121.43798,24.803737],[121.437773,24.804615],[121.437985,24.803378]],[[121.410161,24.838825],[121.408834,24.840601],[121.408798,24.840625],[121.410161,24.838825]],[[121.408321,24.840945],[121.408044,24.84113],[121.407859,24.841223],[121.408321,24.840945]],[[121.406605,24.841853],[121.405523,24.842396],[121.40456,24.842519],[121.406605,24.841853]],[[121.402845,24.84355],[121.402807,24.843514],[121.40456,24.842519],[121.402845,24.84355]],[[121.4009,24.841787],[121.40101,24.841896],[121.400618,24.841777],[121.4009,24.841787]],[[121.398243,24.841691],[121.39863,24.841705],[121.398171,24.841757],[121.398243,24.841691]],[[121.397053,24.842785],[121.397279,24.843711],[121.397217,24.843734],[121.397053,24.842785]],[[121.397043,24.843796],[121.393665,24.843977],[121.393602,24.843947],[121.397177,24.843748],[121.397043,24.843796]],[[121.385191,24.840887],[121.385041,24.840808],[121.384446,24.838822],[121.385191,24.840887]],[[121.340009,24.843388],[121.338266,24.843791],[121.33697,24.843797],[121.340009,24.843388]],[[121.335996,24.843928],[121.336074,24.843917],[121.335874,24.844268],[121.335996,24.843928]],[[121.335768,24.844563],[121.335779,24.844534],[121.336164,24.846876],[121.335768,24.844563]],[[121.331578,24.945595],[121.331629,24.945642],[121.331516,24.945714],[121.331578,24.945595]],[[121.323645,24.971988],[121.324041,24.971109],[121.323679,24.972819],[121.323645,24.971988]],[[121.32719,24.977593],[121.328609,24.976265],[121.327195,24.977625],[121.32719,24.977593]],[[121.327297,24.978372],[121.327225,24.977848],[121.327474,24.978443],[121.327297,24.978372]],[[121.327939,24.978628],[121.32758,24.978485],[121.328487,24.978414],[121.327939,24.978628]],[[121.339002,24.980699],[121.34006,24.980108],[121.340131,24.980118],[121.339002,24.980699]],[[121.340852,24.980217],[121.341029,24.980242],[121.341045,24.980252],[121.340852,24.980217]],[[121.344784,24.980277],[121.347147,24.978843],[121.347172,24.978861],[121.344784,24.980277]],[[121.365972,24.978563],[121.365943,24.978566],[121.368786,24.976809],[121.365972,24.978563]],[[121.369363,24.976899],[121.369492,24.976992],[121.368786,24.976809],[121.369363,24.976899]],[[121.40159,24.999165],[121.399983,24.998292],[121.40161,24.999161],[121.40159,24.999165]],[[121.402948,24.999058],[121.403037,24.999049],[121.403058,24.999161],[121.402948,24.999058]],[[121.401874,25.001238],[121.401911,25.001212],[121.402043,25.002532],[121.401874,25.001238]],[[121.400187,25.004315],[121.400238,25.004266],[121.400385,25.005471],[121.400187,25.004315]],[[121.391187,25.012028],[121.393654,25.009807],[121.391217,25.012044],[121.391187,25.012028]],[[121.392143,25.012637],[121.392169,25.012652],[121.392467,25.013395],[121.392143,25.012637]],[[121.392618,25.013772],[121.392665,25.013891],[121.392589,25.014155],[121.392618,25.013772]],[[121.39249,25.015484],[121.392503,25.015302],[121.392616,25.01551],[121.39249,25.015484]],[[121.392963,25.015581],[121.392747,25.015537],[121.39466,25.014644],[121.392963,25.015581]],[[121.40917,25.018386],[121.407549,25.017507],[121.409214,25.018379],[121.40917,25.018386]],[[121.409783,25.018288],[121.411222,25.017977],[121.411293,25.018044],[121.409783,25.018288]],[[121.411571,25.018311],[121.412126,25.018845],[121.412123,25.019254],[121.411571,25.018311]],[[121.412122,25.019346],[121.412121,25.019452],[121.411573,25.019388],[121.412122,25.019346]],[[121.410997,25.019432],[121.411157,25.019419],[121.411163,25.019688],[121.410997,25.019432]],[[121.411164,25.019738],[121.411164,25.019776],[121.410706,25.019811],[121.411164,25.019738]],[[121.404626,25.023753],[121.408683,25.020862],[121.404614,25.023774],[121.404626,25.023753]],[[121.401296,25.026425],[121.401318,25.026414],[121.401056,25.027003],[121.401296,25.026425]],[[121.401512,25.028155],[121.401079,25.028785],[121.401017,25.028813],[121.401512,25.028155]],[[121.399205,25.029484],[121.399963,25.029306],[121.39827,25.030096],[121.399205,25.029484]],[[121.385598,25.058111],[121.388589,25.056849],[121.388586,25.056898],[121.385598,25.058111]],[[121.350261,25.081238],[121.349496,25.082248],[121.349444,25.082252],[121.350261,25.081238]],[[121.301329,25.100441],[121.301537,25.100966],[121.301295,25.101513],[121.301329,25.100441]],[[121.301274,25.101559],[121.301223,25.101674],[121.300105,25.102194],[121.301274,25.101559]],[[121.29881,25.104168],[121.298306,25.104492],[121.298175,25.104424],[121.29881,25.104168]],[[121.282948,25.109363],[121.285204,25.108596],[121.282865,25.109585],[121.282948,25.109363]],[[121.282688,25.110063],[121.282788,25.109794],[121.28299,25.110698],[121.282688,25.110063]],[[121.283536,25.111849],[121.283906,25.112444],[121.283891,25.112596],[121.283536,25.111849]],[[121.283565,25.113798],[121.283869,25.112819],[121.283737,25.114191],[121.283565,25.113798]],[[121.548771,25.198113],[121.548627,25.198187],[121.54824,25.198018],[121.548771,25.198113]],[[121.548086,25.19795],[121.548055,25.197937],[121.547779,25.19754],[121.548086,25.19795]],[[121.54741,25.197048],[121.546319,25.19697],[121.547391,25.197023],[121.54741,25.197048]],[[121.545206,25.19586],[121.544698,25.19556],[121.543855,25.194513],[121.545206,25.19586]],[[121.543335,25.193867],[121.543267,25.193782],[121.542863,25.191822],[121.543335,25.193867]],[[121.542759,25.191314],[121.542746,25.191254],[121.542827,25.188952],[121.542759,25.191314]],[[121.541024,25.187368],[121.541095,25.187378],[121.542827,25.188952],[121.541024,25.187368]],[[121.531138,25.183619],[121.531059,25.183621],[121.529273,25.183016],[121.531138,25.183619]],[[121.527371,25.183195],[121.527165,25.183215],[121.52692,25.183123],[121.527371,25.183195]],[[121.525633,25.182641],[121.525481,25.182584],[121.521737,25.17913],[121.525633,25.182641]],[[121.458014,25.111051],[121.457195,25.108648],[121.457191,25.107819],[121.458014,25.111051]],[[121.457191,25.107697],[121.45719,25.10763],[121.457952,25.106426],[121.457191,25.107697]],[[121.62314,25.039645],[121.62168,25.040326],[121.621947,25.040054],[121.623261,25.039515],[121.62314,25.039645]],[[121.621342,25.040669],[121.619057,25.04354],[121.62114,25.040873],[121.621342,25.040669]],[[121.616623,25.047862],[121.616641,25.047798],[121.619057,25.04354],[121.616623,25.047862]],[[121.616444,25.04852],[121.61634,25.050636],[121.61624,25.049266],[121.616444,25.04852]],[[121.620538,25.053072],[121.620927,25.053505],[121.620937,25.053569],[121.620538,25.053072]],[[121.621042,25.054218],[121.620235,25.055748],[121.620228,25.055678],[121.620979,25.053827],[121.621042,25.054218]],[[121.620257,25.055978],[121.620454,25.056471],[121.620303,25.056451],[121.620257,25.055978]],[[121.621203,25.056566],[121.621567,25.056522],[121.621471,25.056601],[121.621203,25.056566]],[[121.623432,25.055002],[121.624129,25.055275],[121.624173,25.055429],[121.623432,25.055002]],[[121.624215,25.055574],[121.624264,25.055741],[121.623278,25.057327],[121.624215,25.055574]],[[121.623234,25.077107],[121.624808,25.077775],[121.624853,25.077949],[121.623234,25.077107]],[[121.625079,25.078835],[121.624322,25.078177],[121.624378,25.078168],[121.625079,25.078835]],[[121.624106,25.078212],[121.623908,25.078362],[121.623912,25.078244],[121.624106,25.078212]],[[121.623907,25.078427],[121.624521,25.079126],[121.6239,25.078684],[121.623907,25.078427]],[[121.624269,25.080311],[121.625228,25.081254],[121.624262,25.080344],[121.624269,25.080311]],[[121.625986,25.081968],[121.626329,25.082088],[121.62604,25.082019],[121.625986,25.081968]],[[121.627586,25.082527],[121.627666,25.082555],[121.627797,25.082918],[121.627586,25.082527]],[[121.628018,25.083529],[121.627613,25.084729],[121.627527,25.08458],[121.627948,25.083335],[121.628018,25.083529]],[[121.628135,25.088148],[121.628068,25.088385],[121.625985,25.090516],[121.628135,25.088148]],[[121.625367,25.095106],[121.626255,25.095877],[121.626163,25.096022],[121.625367,25.095106]],[[121.625754,25.096668],[121.625541,25.097004],[121.625483,25.097002],[121.625754,25.096668]],[[121.622122,25.097373],[121.621498,25.098312],[121.622035,25.097406],[121.622122,25.097373]],[[121.615413,25.10386],[121.615407,25.103868],[121.613536,25.104581],[121.615413,25.10386]],[[121.599103,25.108897],[121.598652,25.108905],[121.599599,25.108431],[121.599722,25.108428],[121.599103,25.108897]],[[121.59762,25.109422],[121.597508,25.109497],[121.597523,25.10947],[121.59762,25.109422]],[[121.597098,25.110229],[121.596502,25.111321],[121.596509,25.111278],[121.597098,25.110229]],[[121.607512,25.129163],[121.607838,25.130165],[121.607822,25.130169],[121.607512,25.129163]],[[121.580547,25.19535],[121.579743,25.194951],[121.579303,25.194308],[121.580547,25.19535]],[[121.579115,25.194151],[121.577245,25.195268],[121.579085,25.194126],[121.579115,25.194151]],[[121.57306,25.195013],[121.57175,25.195385],[121.572912,25.194982],[121.57306,25.195013]],[[121.570949,25.196187],[121.570948,25.196161],[121.57175,25.195385],[121.570949,25.196187]],[[121.570955,25.197285],[121.570223,25.198076],[121.570089,25.198128],[121.570949,25.197208],[121.570955,25.197285]],[[121.569535,25.198344],[121.568525,25.198736],[121.568893,25.198432],[121.569535,25.198344]],[[121.563488,25.205833],[121.562724,25.209357],[121.562692,25.209366],[121.563488,25.205833]],[[121.561753,25.209623],[121.55975,25.210173],[121.559444,25.210082],[121.561753,25.209623]],[[121.558772,25.209884],[121.558348,25.209758],[121.55689,25.208701],[121.558772,25.209884]],[[121.552628,25.198882],[121.551804,25.197715],[121.551862,25.197747],[121.552628,25.198882]],[[120.150197,23.389175],[120.1502,23.39016],[120.147712,23.398535],[120.143897,23.40288],[120.140945,23.411053],[120.140821,23.411743],[120.141175,23.412506],[120.14152,23.412375],[120.142832,23.40947],[120.144749,23.403774],[120.149807,23.398532],[120.152511,23.391644],[120.15217,23.391574],[120.152125,23.392091],[120.151532,23.392612],[120.151017,23.392171],[120.151093,23.391645],[120.151603,23.391151],[120.152442,23.391079],[120.152394,23.390447],[120.151593,23.38947],[120.150197,23.389175]],[[120.135111,23.424331],[120.135623,23.425482],[120.13594,23.425229],[120.135472,23.423759],[120.1369,23.421361],[120.136021,23.421643],[120.135298,23.422742],[120.135111,23.424331]],[[120.137149,23.435502],[120.137759,23.434734],[120.136123,23.435844],[120.135255,23.436907],[120.137149,23.435502]],[[120.14262,23.475425],[120.142844,23.475393],[120.142749,23.475191],[120.14262,23.475425]],[[120.141236,23.476499],[120.141948,23.476146],[120.141945,23.475938],[120.141441,23.476148],[120.141236,23.476499]],[[120.140464,23.477215],[120.14047,23.476996],[120.13987,23.477074],[120.139839,23.47718],[120.140464,23.477215]],[[120.148285,23.478145],[120.147973,23.477694],[120.147874,23.477946],[120.148348,23.478378],[120.148285,23.478145]],[[120.148348,23.478809],[120.148429,23.479078],[120.149005,23.478885],[120.148348,23.478809]],[[120.091586,23.519838],[120.092301,23.51912],[120.092303,23.518605],[120.093547,23.51789],[120.093861,23.516484],[120.095229,23.515453],[120.094736,23.514276],[120.095141,23.513421],[120.094958,23.512129],[120.096155,23.511603],[120.095986,23.51088],[120.095805,23.510554],[120.093564,23.51064],[120.091823,23.512101],[120.090149,23.511378],[120.089216,23.511526],[120.088843,23.512156],[120.087415,23.512211],[120.085491,23.511947],[120.084809,23.511519],[120.083505,23.5118],[120.082573,23.512571],[120.08214,23.511855],[120.083043,23.510795],[120.082392,23.510367],[120.082706,23.509168],[120.08249,23.50848],[120.081684,23.508394],[120.080813,23.509138],[120.079293,23.508958],[120.076599,23.507326],[120.077159,23.506697],[120.077036,23.505838],[120.076139,23.505346],[120.074872,23.50337],[120.07509,23.503001],[120.077573,23.502654],[120.077667,23.502059],[120.076489,23.502115],[120.075374,23.501368],[120.074101,23.501938],[120.072364,23.501964],[120.07171,23.502592],[120.071055,23.504259],[120.069908,23.503764],[120.071058,23.503193],[120.071093,23.50202],[120.070565,23.501963],[120.070097,23.502827],[120.069137,23.502622],[120.068611,23.502195],[120.068552,23.501246],[120.066972,23.500668],[120.06688,23.500297],[120.070975,23.499184],[120.074109,23.498787],[120.074045,23.49829],[120.072947,23.497417],[120.070961,23.497279],[120.069998,23.4987],[120.066402,23.498552],[120.066059,23.497258],[120.06519,23.496657],[120.065313,23.496369],[120.066677,23.496133],[120.06975,23.496648],[120.07006,23.496307],[120.069438,23.495816],[120.069375,23.49522],[120.072103,23.493954],[120.070334,23.493898],[120.069186,23.493295],[120.069275,23.491255],[120.069027,23.490883],[120.068374,23.490798],[120.068219,23.490138],[120.067846,23.490145],[120.066702,23.491836],[120.065584,23.491549],[120.065275,23.491926],[120.06562,23.494357],[120.065404,23.494645],[120.06441,23.494359],[120.064098,23.493183],[120.063694,23.492928],[120.06202,23.493162],[120.062793,23.492038],[120.06239,23.491728],[120.057272,23.491526],[120.055444,23.492508],[120.053861,23.492282],[120.054015,23.491786],[120.055814,23.491418],[120.055844,23.49047],[120.056153,23.490237],[120.058634,23.490008],[120.059843,23.489573],[120.061518,23.489692],[120.062914,23.489402],[120.06412,23.487621],[120.065143,23.487185],[120.065142,23.486761],[120.064615,23.486414],[120.063684,23.486562],[120.063218,23.486099],[120.063867,23.484839],[120.063277,23.484005],[120.063771,23.482771],[120.062406,23.48269],[120.061537,23.481863],[120.060606,23.481776],[120.060264,23.481431],[120.062589,23.480858],[120.062527,23.480479],[120.061472,23.480229],[120.060634,23.479591],[120.059641,23.479594],[120.058834,23.478912],[120.056943,23.478865],[120.055889,23.479689],[120.055455,23.479605],[120.054926,23.478826],[120.053686,23.478944],[120.052882,23.479635],[120.053534,23.480695],[120.054837,23.481155],[120.056419,23.481092],[120.056854,23.481691],[120.057877,23.481859],[120.058312,23.482693],[120.058034,23.483124],[120.056732,23.48336],[120.055803,23.484158],[120.056827,23.484905],[120.056921,23.485709],[120.05593,23.486082],[120.05432,23.488059],[120.052676,23.48795],[120.052055,23.487061],[120.053357,23.486834],[120.053542,23.486483],[120.052332,23.485573],[120.053541,23.485084],[120.05357,23.483359],[120.053352,23.483213],[120.05264,23.484022],[120.052299,23.483938],[120.052016,23.481327],[120.050588,23.480298],[120.050092,23.480295],[120.049501,23.479524],[120.048448,23.480294],[120.047984,23.48021],[120.048971,23.476794],[120.048475,23.476881],[120.047237,23.478688],[120.04671,23.477746],[120.045965,23.477976],[120.045159,23.477258],[120.043826,23.477431],[120.04308,23.476722],[120.042678,23.476837],[120.04203,23.47993],[120.042963,23.481362],[120.044235,23.482453],[120.044764,23.483567],[120.045602,23.484231],[120.045732,23.488214],[120.046849,23.489386],[120.046788,23.490081],[120.048154,23.491019],[120.048651,23.49197],[120.050667,23.491766],[120.051442,23.492511],[120.051258,23.492997],[120.050452,23.493083],[120.049615,23.493746],[120.04791,23.493573],[120.04726,23.495185],[120.046576,23.49398],[120.045025,23.493573],[120.045148,23.492111],[120.044651,23.491512],[120.045611,23.490823],[120.045734,23.490309],[120.045454,23.489675],[120.044678,23.489192],[120.044799,23.486926],[120.043959,23.484312],[120.041974,23.483803],[120.042376,23.482686],[120.041754,23.482221],[120.041381,23.48128],[120.040389,23.48094],[120.040017,23.48045],[120.040944,23.478523],[120.039394,23.478324],[120.038774,23.47879],[120.037751,23.478242],[120.037628,23.478819],[120.038497,23.480052],[120.038311,23.480394],[120.03763,23.48039],[120.037289,23.480794],[120.037012,23.482517],[120.034935,23.48301],[120.034904,23.482116],[120.036267,23.481366],[120.035894,23.480479],[120.036637,23.479734],[120.036512,23.479417],[120.035458,23.479049],[120.035798,23.477526],[120.03496,23.477358],[120.034342,23.478853],[120.033041,23.479621],[120.029787,23.479601],[120.028888,23.479252],[120.028514,23.478167],[120.027088,23.477851],[120.026964,23.476965],[120.027303,23.475992],[120.025567,23.475792],[120.024855,23.475245],[120.024822,23.47436],[120.025906,23.47304],[120.025161,23.471888],[120.024727,23.471606],[120.02386,23.471781],[120.023828,23.471067],[120.022929,23.47089],[120.022588,23.470464],[120.022556,23.469633],[120.02302,23.469284],[120.024848,23.469087],[120.025777,23.468597],[120.024103,23.467448],[120.023481,23.465729],[120.023729,23.465189],[120.025401,23.464838],[120.024564,23.463867],[120.024685,23.460743],[120.023878,23.459537],[120.022918,23.460199],[120.022112,23.46023],[120.020129,23.45871],[120.019169,23.459435],[120.01765,23.458686],[120.015389,23.458924],[120.013903,23.45998],[120.015236,23.461072],[120.01468,23.462306],[120.015488,23.4652],[120.01617,23.465683],[120.016419,23.467833],[120.018867,23.468029],[120.019642,23.468576],[120.01958,23.468829],[120.018465,23.468803],[120.018032,23.469523],[120.015925,23.469347],[120.0123,23.467834],[120.012113,23.46758],[120.012701,23.466916],[120.010501,23.465602],[120.008889,23.463858],[120.008857,23.46291],[120.007569,23.461777],[120.007574,23.461062],[120.01068,23.457955],[120.010803,23.457062],[120.01238,23.454192],[120.014454,23.452787],[120.014793,23.450496],[120.015784,23.44978],[120.016029,23.448093],[120.018814,23.444761],[120.020083,23.444073],[120.019897,23.443612],[120.018967,23.443534],[120.018471,23.442528],[120.020329,23.442034],[120.020916,23.441036],[120.020915,23.439203],[120.022246,23.438516],[120.021377,23.437165],[120.020664,23.436799],[120.020323,23.435705],[120.019178,23.436284],[120.0172,23.44141],[120.016674,23.441271],[120.01627,23.439923],[120.015867,23.439866],[120.014197,23.441815],[120.015499,23.443358],[120.015468,23.443819],[120.013859,23.445136],[120.013208,23.444626],[120.012806,23.444795],[120.012962,23.446656],[120.011972,23.447462],[120.012034,23.448348],[120.011324,23.449327],[120.010518,23.449611],[120.008105,23.451962],[120.004098,23.460943],[120.000307,23.463022],[119.998238,23.464835],[119.996958,23.465391],[119.996904,23.465768],[119.998491,23.468281],[120.00032,23.472943],[120.000875,23.473701],[120.00174,23.474036],[120.004191,23.474205],[120.008249,23.477696],[120.009117,23.477638],[120.009397,23.478561],[120.010821,23.478642],[120.010172,23.479505],[120.010915,23.480042],[120.011659,23.479758],[120.012496,23.480477],[120.0129,23.482141],[120.014326,23.481933],[120.014915,23.483083],[120.015876,23.483306],[120.016373,23.484429],[120.017303,23.484543],[120.019566,23.48612],[120.021519,23.48689],[120.02394,23.489208],[120.024993,23.48898],[120.025428,23.490156],[120.026451,23.490208],[120.027692,23.491588],[120.030173,23.492181],[120.031073,23.493415],[120.0325,23.493758],[120.035199,23.495626],[120.037743,23.496282],[120.037867,23.496852],[120.040296,23.498899],[120.049046,23.50437],[120.049818,23.505205],[120.052234,23.505663],[120.051983,23.506726],[120.052292,23.507099],[120.05415,23.507643],[120.055138,23.508786],[120.05644,23.508731],[120.057213,23.509539],[120.057987,23.509562],[120.058666,23.510686],[120.060029,23.511172],[120.060119,23.511805],[120.060553,23.512115],[120.062319,23.512378],[120.063398,23.514841],[120.066622,23.515158],[120.068136,23.516711],[120.068445,23.517507],[120.071017,23.518227],[120.073275,23.520697],[120.074856,23.521013],[120.075845,23.522193],[120.077645,23.522194],[120.078233,23.522739],[120.078884,23.522798],[120.07907,23.523142],[120.07854,23.523942],[120.078663,23.524313],[120.080028,23.524655],[120.080923,23.526295],[120.081419,23.526379],[120.081607,23.525893],[120.081084,23.52412],[120.081612,23.523662],[120.083103,23.523662],[120.083881,23.522917],[120.085898,23.522776],[120.086645,23.522058],[120.0877,23.521946],[120.08792,23.520828],[120.088573,23.520317],[120.090808,23.520258],[120.091586,23.519838]],[[120.107144,23.532922],[120.105495,23.534041],[120.104101,23.53229],[120.103078,23.531652],[120.103793,23.531367],[120.106897,23.532089],[120.108357,23.532035],[120.108762,23.531865],[120.108982,23.530575],[120.110505,23.530692],[120.110599,23.530088],[120.111408,23.530002],[120.111626,23.529606],[120.111222,23.529315],[120.109762,23.529433],[120.109327,23.529196],[120.10936,23.528708],[120.110293,23.528109],[120.109954,23.527222],[120.108896,23.527821],[120.107281,23.527451],[120.10554,23.52828],[120.104204,23.528273],[120.103611,23.52919],[120.10184,23.529622],[120.099884,23.529449],[120.09883,23.528386],[120.099423,23.527207],[120.098184,23.526089],[120.098868,23.525515],[120.098311,23.52497],[120.09825,23.524337],[120.098904,23.523772],[120.098967,23.523222],[120.098534,23.522651],[120.098068,23.522765],[120.097605,23.521417],[120.096549,23.52142],[120.095927,23.521841],[120.095925,23.52259],[120.094989,23.524481],[120.093527,23.525628],[120.092779,23.526996],[120.092995,23.527684],[120.092249,23.527833],[120.091661,23.527315],[120.091131,23.527772],[120.09091,23.529198],[120.091903,23.529348],[120.091154,23.531204],[120.092207,23.531815],[120.092637,23.534021],[120.094836,23.536029],[120.095578,23.537722],[120.096847,23.539273],[120.096376,23.541275],[120.096655,23.541448],[120.097775,23.540615],[120.098148,23.540852],[120.098115,23.541646],[120.098518,23.542055],[120.101875,23.540738],[120.102343,23.540226],[120.102812,23.538567],[120.103651,23.538617],[120.104245,23.537194],[120.10524,23.536757],[120.105273,23.536017],[120.106455,23.535301],[120.107047,23.534302],[120.108011,23.533983],[120.107144,23.532922]],[[120.135922,23.540651],[120.134284,23.539242],[120.134134,23.536939],[120.133848,23.536495],[120.132503,23.535909],[120.132009,23.534164],[120.130735,23.533245],[120.130112,23.533846],[120.129959,23.532897],[120.129244,23.532523],[120.128062,23.533212],[120.127502,23.532838],[120.127503,23.532378],[120.129028,23.531781],[120.129652,23.530945],[120.131207,23.530836],[120.132577,23.53032],[120.127103,23.530172],[120.126636,23.530946],[120.125641,23.531176],[120.125702,23.531546],[120.126665,23.53212],[120.12722,23.533929],[120.127001,23.534533],[120.126193,23.53461],[120.126099,23.534871],[120.126811,23.53585],[120.127806,23.535991],[120.127619,23.536505],[120.126747,23.536933],[120.127337,23.537542],[120.127211,23.537884],[120.128767,23.538001],[120.128983,23.538436],[120.128452,23.539345],[120.126649,23.539578],[120.126617,23.539949],[120.127113,23.540322],[120.126769,23.541412],[120.127575,23.542247],[120.128384,23.542414],[120.128694,23.542931],[120.128444,23.543218],[120.126423,23.543072],[120.12611,23.544162],[120.126358,23.544453],[120.127695,23.544424],[120.128474,23.54376],[120.1295,23.544109],[120.130089,23.545142],[120.130211,23.546434],[120.129214,23.547033],[120.13027,23.547608],[120.130456,23.548187],[120.13198,23.548186],[120.132418,23.546726],[120.132791,23.546728],[120.133125,23.547461],[120.133796,23.547609],[120.133861,23.546481],[120.134545,23.545907],[120.134737,23.543669],[120.135358,23.543356],[120.136752,23.543418],[120.136939,23.542923],[120.135982,23.541861],[120.135922,23.540651]],[[120.13168,23.557223],[120.129819,23.555036],[120.129883,23.554062],[120.13063,23.553687],[120.130135,23.552627],[120.130541,23.552052],[120.129858,23.551163],[120.129485,23.551134],[120.129266,23.551711],[120.12855,23.551941],[120.129295,23.552487],[120.129046,23.553028],[120.127832,23.55331],[120.128077,23.555325],[120.127668,23.557273],[120.126484,23.558648],[120.125518,23.558841],[120.12375,23.55698],[120.123657,23.556492],[120.122569,23.556287],[120.122728,23.555313],[120.123878,23.55503],[120.123382,23.554368],[120.122481,23.554309],[120.122514,23.553334],[120.123013,23.552678],[120.120589,23.552068],[120.119473,23.550771],[120.119847,23.550005],[120.119258,23.549],[120.118918,23.548853],[120.118232,23.549481],[120.117301,23.548934],[120.116522,23.549508],[120.115127,23.548046],[120.115036,23.546836],[120.115566,23.546378],[120.11538,23.546034],[120.114043,23.546433],[120.113547,23.54578],[120.113079,23.546436],[120.112488,23.546487],[120.11162,23.545769],[120.110625,23.545944],[120.110097,23.545688],[120.109415,23.545025],[120.109387,23.543418],[120.109638,23.542588],[120.110633,23.542269],[120.110634,23.541817],[120.109175,23.541529],[120.108867,23.54029],[120.108122,23.539636],[120.107096,23.540316],[120.105729,23.540489],[120.105537,23.542637],[120.104479,23.543064],[120.10367,23.543836],[120.104505,23.545105],[120.10441,23.546161],[120.104999,23.546679],[120.105058,23.547971],[120.107381,23.550837],[120.111197,23.553938],[120.111442,23.555348],[120.11225,23.555723],[120.114737,23.555701],[120.115324,23.556562],[120.11576,23.556619],[120.119989,23.556525],[120.120518,23.555995],[120.121451,23.556109],[120.122879,23.556975],[120.12291,23.557409],[120.121944,23.557945],[120.121913,23.558288],[120.122814,23.558609],[120.123602,23.559561],[120.123598,23.561015],[120.124362,23.561796],[120.124484,23.562916],[120.125944,23.563204],[120.126379,23.563776],[120.127717,23.563269],[120.128961,23.563871],[120.130796,23.563791],[120.131419,23.5631],[120.132257,23.564251],[120.132755,23.564362],[120.133037,23.563533],[120.131825,23.562443],[120.130706,23.562093],[120.130582,23.56175],[120.130772,23.560432],[120.132422,23.559521],[120.132143,23.559176],[120.131489,23.559714],[120.130711,23.559538],[120.130838,23.558338],[120.13168,23.557223]],[[120.132663,23.578646],[120.132138,23.576521],[120.132517,23.573715],[120.131959,23.572909],[120.131807,23.571246],[120.130441,23.569812],[120.13038,23.569008],[120.129851,23.569177],[120.12913,23.571728],[120.127291,23.573415],[120.127446,23.573759],[120.128379,23.573936],[120.128346,23.574965],[120.128967,23.57514],[120.130333,23.576665],[120.13058,23.578011],[120.13235,23.57896],[120.132663,23.578646]],[[119.992043,25.980745],[119.992003,25.980696],[119.991752,25.980748],[119.992043,25.980745]],[[119.992465,25.981492],[119.992464,25.981201],[119.991955,25.981356],[119.991924,25.98139],[119.992465,25.981492]],[[119.992389,25.981788],[119.992346,25.981874],[119.992529,25.981958],[119.992389,25.981788]],[[119.992861,25.982881],[119.9931,25.98275],[119.992635,25.982073],[119.991987,25.982402],[119.992861,25.982881]],[[120.405736,26.1569],[120.406086,26.156722],[120.406502,26.156319],[120.406478,26.155471],[120.405884,26.155287],[120.405244,26.155846],[120.404133,26.155808],[120.402895,26.156486],[120.402135,26.157894],[120.403236,26.159042],[120.403502,26.158835],[120.403125,26.157868],[120.403896,26.1578],[120.403827,26.157416],[120.404455,26.157552],[120.404157,26.158059],[120.40476,26.158044],[120.405172,26.156454],[120.405454,26.156399],[120.405736,26.1569]],[[120.013202,26.211746],[120.014705,26.211155],[120.014599,26.210601],[120.01292,26.209679],[120.011498,26.209518],[120.010907,26.210428],[120.012596,26.211659],[120.013202,26.211746]],[[120.011595,26.213762],[120.012136,26.214311],[120.013558,26.214127],[120.014995,26.213247],[120.013588,26.212569],[120.012082,26.212582],[120.011595,26.213762]],[[120.016058,26.213866],[120.016116,26.213678],[120.015779,26.213295],[120.015245,26.213338],[120.016058,26.213866]],[[120.015962,26.214243],[120.015742,26.213952],[120.015508,26.214121],[120.015962,26.214243]],[[120.015779,26.214346],[120.015525,26.214247],[120.015611,26.214443],[120.015832,26.214443],[120.015779,26.214346]],[[120.011866,26.215693],[120.011962,26.215796],[120.011995,26.215692],[120.011866,26.215693]],[[120.048532,26.226309],[120.048558,26.226031],[120.048044,26.225968],[120.048532,26.226309]],[[120.063112,26.233715],[120.062631,26.23331],[120.06227,26.233625],[120.063009,26.234046],[120.063112,26.233715]],[[120.062339,26.238065],[120.061956,26.237087],[120.061319,26.236633],[120.060683,26.236912],[120.060791,26.237809],[120.062339,26.238065]],[[120.011318,26.235627],[120.010751,26.236445],[120.010875,26.238117],[120.012291,26.239629],[120.012359,26.240367],[120.012772,26.240531],[120.013391,26.240161],[120.013401,26.239819],[120.014186,26.239993],[120.013775,26.239821],[120.014092,26.239747],[120.014108,26.23899],[120.01343,26.238418],[120.012046,26.238021],[120.012237,26.235782],[120.011318,26.235627]],[[120.016157,26.237806],[120.014215,26.238618],[120.014337,26.239067],[120.015422,26.239385],[120.016099,26.239099],[120.016722,26.239486],[120.017092,26.239267],[120.017083,26.238396],[120.016157,26.237806]],[[119.998411,26.242911],[119.998149,26.24211],[119.995834,26.242044],[119.995386,26.24265],[119.995322,26.243418],[119.995947,26.244293],[119.995558,26.244632],[119.995947,26.244513],[119.996243,26.244803],[119.996194,26.245771],[119.997356,26.247365],[119.998442,26.249714],[119.998942,26.249591],[119.998897,26.248999],[119.999818,26.249505],[120.000875,26.248488],[120.002691,26.24982],[120.003513,26.251195],[120.003863,26.251339],[120.004499,26.250657],[120.006485,26.250745],[120.005041,26.247077],[120.003593,26.247355],[120.003465,26.246042],[120.002905,26.245584],[120.003315,26.245676],[120.003292,26.245211],[120.002395,26.244811],[120.001202,26.245217],[120.000226,26.244111],[119.998411,26.242911]],[[120.202052,26.249128],[120.202398,26.249358],[120.202338,26.24906],[120.202193,26.24886],[120.202052,26.249128]],[[120.006753,26.251644],[120.007199,26.251465],[120.006863,26.250825],[120.006573,26.25113],[120.006753,26.251644]],[[120.202548,26.251643],[120.20236,26.251714],[120.202566,26.251728],[120.202548,26.251643]],[[120.007119,26.251863],[120.007049,26.251736],[120.006954,26.251687],[120.007119,26.251863]],[[120.007196,26.251898],[120.007307,26.251938],[120.007308,26.251917],[120.007196,26.251898]],[[120.012852,26.252739],[120.010812,26.252233],[120.010611,26.25255],[120.009905,26.252622],[120.009213,26.251829],[120.007545,26.251925],[120.008673,26.252987],[120.008561,26.253918],[120.008971,26.254976],[120.009445,26.25543],[120.010158,26.255526],[120.009902,26.255146],[120.011153,26.254732],[120.011084,26.253959],[120.011833,26.254533],[120.013822,26.254769],[120.014302,26.254665],[120.014251,26.254228],[120.015039,26.254052],[120.013705,26.2532],[120.014052,26.253135],[120.013651,26.252467],[120.012852,26.252739]],[[120.009506,26.255782],[120.009674,26.255769],[120.009465,26.255607],[120.009506,26.255782]],[[119.992854,26.256277],[119.992934,26.256062],[119.992741,26.255848],[119.992463,26.256131],[119.992854,26.256277]],[[119.993045,26.256222],[119.993295,26.256479],[119.993339,26.256363],[119.993045,26.256222]],[[119.993243,26.256825],[119.993456,26.256902],[119.993459,26.256794],[119.993243,26.256825]],[[119.993242,26.257036],[119.993249,26.256936],[119.993041,26.256975],[119.993242,26.257036]],[[119.993316,26.257397],[119.99302,26.257123],[119.992725,26.257345],[119.993169,26.257544],[119.993316,26.257397]],[[119.991324,26.258347],[119.99228,26.258663],[119.992826,26.258512],[119.99246,26.2577],[119.991324,26.258347]],[[119.999576,26.281304],[119.998897,26.280454],[119.998554,26.280615],[119.998728,26.281154],[119.999576,26.281304]],[[119.998473,26.281604],[119.997971,26.281468],[119.997887,26.281725],[119.998913,26.281837],[119.998473,26.281604]],[[119.998305,26.282821],[119.999639,26.28301],[119.999398,26.282519],[119.998048,26.282232],[119.998305,26.282821]],[[120.008028,26.298041],[120.008583,26.298572],[120.008511,26.298018],[120.008122,26.297826],[120.008028,26.298041]],[[120.216382,26.334645],[120.21619,26.33451],[120.215896,26.334941],[120.216089,26.335242],[120.216382,26.334645]],[[120.213198,26.33513],[120.213695,26.335196],[120.21371,26.334864],[120.213313,26.334947],[120.213198,26.33513]],[[120.214525,26.335572],[120.214708,26.335122],[120.21403,26.334753],[120.214239,26.335499],[120.214525,26.335572]],[[120.216611,26.33605],[120.21712,26.336107],[120.217267,26.335861],[120.216776,26.335719],[120.216611,26.33605]],[[120.223978,26.339498],[120.224198,26.339336],[120.223892,26.339343],[120.223978,26.339498]],[[120.223461,26.339526],[120.22359,26.339094],[120.222933,26.339181],[120.223113,26.338531],[120.221514,26.338931],[120.221567,26.338368],[120.220676,26.338426],[120.220791,26.337333],[120.220185,26.336828],[120.220432,26.336325],[120.21927,26.336221],[120.218955,26.335558],[120.218384,26.336056],[120.218072,26.335709],[120.218119,26.337602],[120.218942,26.338558],[120.219423,26.33859],[120.220342,26.341827],[120.222085,26.341251],[120.22421,26.344324],[120.226464,26.345458],[120.228932,26.347368],[120.229626,26.346889],[120.229837,26.345467],[120.228225,26.344292],[120.227542,26.344454],[120.227446,26.344828],[120.227071,26.344006],[120.226383,26.343623],[120.226697,26.342596],[120.226225,26.342305],[120.225981,26.342621],[120.225744,26.34243],[120.224302,26.340085],[120.223461,26.339526]],[[120.227113,26.343371],[120.227163,26.343762],[120.227606,26.343507],[120.227113,26.343371]],[[120.227317,26.344486],[120.227797,26.344145],[120.227616,26.343758],[120.227125,26.343855],[120.227317,26.344486]],[[120.483839,26.354932],[120.483685,26.354234],[120.48205,26.352528],[120.481821,26.35283],[120.483839,26.354932]],[[120.484189,26.378793],[120.483835,26.378418],[120.483373,26.378599],[120.484179,26.378973],[120.484189,26.378793]],[[120.483047,26.379114],[120.483116,26.379072],[120.482996,26.379053],[120.483047,26.379114]],[[120.483216,26.37925],[120.483258,26.379318],[120.483332,26.379283],[120.483216,26.37925]],[[120.483598,26.379352],[120.484174,26.379766],[120.484227,26.379425],[120.483598,26.379352]],[[120.480742,26.381535],[120.480781,26.381604],[120.480858,26.381568],[120.480742,26.381535]],[[120.4814,26.381772],[120.481444,26.381713],[120.481309,26.381693],[120.4814,26.381772]],[[120.480664,26.382072],[120.480663,26.381994],[120.480539,26.381956],[120.480664,26.382072]],[[120.480391,26.382051],[120.480435,26.382108],[120.480499,26.382073],[120.480391,26.382051]],[[120.082924,26.382176],[120.082627,26.382296],[120.082963,26.382344],[120.082924,26.382176]],[[120.481599,26.382337],[120.481649,26.382223],[120.481364,26.382186],[120.481599,26.382337]],[[120.480425,26.382236],[120.48049,26.38235],[120.480559,26.382267],[120.480425,26.382236]],[[120.08188,26.382688],[120.082344,26.382974],[120.08248,26.382199],[120.08208,26.382091],[120.08188,26.382688]],[[120.474365,26.383683],[120.47443,26.383616],[120.474301,26.383572],[120.474365,26.383683]],[[120.47378,26.383571],[120.474007,26.383941],[120.474177,26.383752],[120.47378,26.383571]],[[120.480501,26.38375],[120.480692,26.383844],[120.480726,26.38377],[120.480501,26.38375]],[[120.086155,26.385156],[120.086185,26.384345],[120.0853,26.384089],[120.08291,26.384326],[120.084097,26.384965],[120.086155,26.385156]],[[120.085931,26.385275],[120.086037,26.385252],[120.085935,26.385188],[120.085931,26.385275]],[[120.826759,21.756677],[120.826485,21.756146],[120.826083,21.756295],[120.826371,21.756924],[120.826759,21.756677]],[[120.826076,21.757004],[120.826353,21.757228],[120.826395,21.757102],[120.826076,21.757004]],[[120.82651,21.757732],[120.826362,21.757481],[120.825991,21.757663],[120.826094,21.757806],[120.82651,21.757732]],[[120.82608,21.758189],[120.826481,21.758337],[120.826176,21.75811],[120.82608,21.758189]],[[120.826621,21.758756],[120.826868,21.758915],[120.826867,21.758794],[120.826621,21.758756]],[[120.826575,21.759022],[120.826494,21.758676],[120.826182,21.758838],[120.826337,21.759082],[120.826575,21.759022]],[[120.826722,21.75972],[120.826444,21.759455],[120.826176,21.759771],[120.826586,21.75995],[120.826722,21.75972]],[[120.826673,21.760438],[120.826529,21.760131],[120.826257,21.760319],[120.826673,21.760438]],[[121.607962,21.953156],[121.610127,21.953518],[121.612943,21.955022],[121.614257,21.955057],[121.61492,21.954685],[121.614833,21.953041],[121.616197,21.952295],[121.615721,21.950116],[121.616147,21.949218],[121.615984,21.947854],[121.616372,21.946829],[121.615959,21.945675],[121.616397,21.945045],[121.615959,21.944544],[121.613594,21.944031],[121.611792,21.9429],[121.610515,21.942515],[121.607674,21.942957],[121.606948,21.944298],[121.606673,21.946676],[121.606135,21.948039],[121.60417,21.950032],[121.603532,21.95157],[121.604445,21.952433],[121.606598,21.952573],[121.607962,21.953156]],[[121.537074,22.081471],[121.544245,22.082613],[121.54601,22.082346],[121.552054,22.082638],[121.555771,22.082126],[121.558124,22.080461],[121.559951,22.080368],[121.563168,22.082733],[121.566459,22.084305],[121.568036,22.084015],[121.569625,22.082909],[121.570101,22.082408],[121.570439,22.08072],[121.569438,22.079322],[121.567823,22.075467],[121.567823,22.073185],[121.570114,22.070122],[121.570877,22.06473],[121.575896,22.059968],[121.576083,22.059385],[121.57507,22.059304],[121.572767,22.059897],[121.570977,22.059711],[121.566922,22.057567],[121.565921,22.05646],[121.565433,22.055319],[121.563856,22.054049],[121.563694,22.052395],[121.564069,22.048715],[121.565083,22.047503],[121.565947,22.044347],[121.567236,22.042449],[121.56616,22.041878],[121.566185,22.041493],[121.568037,22.040853],[121.567311,22.039513],[121.569514,22.039397],[121.570527,22.038943],[121.576159,22.034098],[121.578675,22.032433],[121.588261,22.028381],[121.591027,22.027799],[121.595019,22.025365],[121.596734,22.025121],[121.596721,22.024492],[121.597885,22.024119],[121.602704,22.019833],[121.602766,22.017177],[121.60209,22.015173],[121.598586,22.011933],[121.597861,22.009347],[121.59308,22.001807],[121.59079,22.000164],[121.587461,21.999779],[121.585221,22.000687],[121.580978,22.003821],[121.582142,22.004357],[121.581516,22.004427],[121.581128,22.004858],[121.579677,22.004974],[121.579614,22.003972],[121.578162,22.003238],[121.576435,22.002899],[121.571342,22.003574],[121.570266,22.002176],[121.569389,22.008759],[121.566974,22.010984],[121.565459,22.013954],[121.563031,22.016552],[121.559702,22.019126],[121.557688,22.021153],[121.55342,22.023051],[121.552982,22.024355],[121.551005,22.0246],[121.547701,22.025951],[121.546174,22.025799],[121.545336,22.025333],[121.543558,22.025705],[121.542232,22.024727],[121.538089,22.024528],[121.533559,22.028325],[121.530743,22.031598],[121.527376,22.034416],[121.526413,22.036489],[121.524923,22.038539],[121.523985,22.03918],[121.520906,22.038713],[121.520831,22.039797],[121.52008,22.041346],[121.517502,22.044024],[121.517176,22.045771],[121.515199,22.046878],[121.512007,22.047436],[121.510668,22.047483],[121.509267,22.047051],[121.508654,22.046434],[121.508904,22.047669],[121.51038,22.048542],[121.510831,22.049567],[121.509567,22.052665],[121.509141,22.055647],[121.508591,22.056882],[121.506826,22.057068],[121.507201,22.059152],[121.508791,22.059339],[121.509179,22.060993],[121.510693,22.063322],[121.510017,22.067666],[121.508715,22.070182],[121.503672,22.07591],[121.503184,22.077343],[121.49993,22.079275],[121.499341,22.080533],[121.500943,22.082943],[121.502245,22.084015],[121.506049,22.084749],[121.508502,22.082339],[121.511193,22.080837],[121.51252,22.080512],[121.52556,22.081084],[121.526799,22.080875],[121.528914,22.079653],[121.530266,22.081085],[121.532932,22.081749],[121.537074,22.081471]],[[121.577134,22.078729],[121.577234,22.078252],[121.576684,22.078415],[121.576746,22.078764],[121.577134,22.078729]],[[121.580688,22.07901],[121.581189,22.078614],[121.580351,22.078486],[121.579812,22.0788],[121.580688,22.07901]],[[121.578448,22.079487],[121.577885,22.080267],[121.578749,22.079871],[121.578448,22.079487]],[[121.570201,22.087101],[121.570401,22.086635],[121.56975,22.086286],[121.570201,22.087101]],[[121.568549,22.087531],[121.566747,22.085895],[121.566421,22.086168],[121.567623,22.087845],[121.568549,22.087531]],[[121.509537,22.677908],[121.51,22.677072],[121.509161,22.673871],[121.509286,22.671469],[121.509686,22.670437],[121.511161,22.669729],[121.511173,22.669299],[121.510548,22.669056],[121.510398,22.666863],[121.509047,22.664845],[121.508758,22.660216],[121.507832,22.659509],[121.506906,22.657166],[121.507169,22.655889],[121.508882,22.654531],[121.508769,22.653835],[121.505868,22.652757],[121.506005,22.651713],[121.505605,22.651492],[121.504379,22.651713],[121.503854,22.652131],[121.502191,22.652201],[121.50124,22.651007],[121.499526,22.645902],[121.499713,22.645171],[121.502064,22.643894],[121.502126,22.641411],[121.502776,22.640157],[121.504627,22.638265],[121.505001,22.6357],[121.50774,22.634597],[121.506364,22.634342],[121.506714,22.63295],[121.506226,22.63259],[121.505576,22.634238],[121.502712,22.6341],[121.501312,22.634936],[121.499674,22.635076],[121.497985,22.634113],[121.498748,22.633068],[121.498773,22.632361],[121.498285,22.632013],[121.497397,22.63185],[121.495221,22.632489],[121.494409,22.633244],[121.493934,22.634521],[121.493434,22.638397],[121.492959,22.638989],[121.492046,22.63907],[121.488808,22.641798],[121.488808,22.642622],[121.485932,22.643992],[121.48048,22.645444],[121.473503,22.646479],[121.47349,22.647582],[121.474842,22.65141],[121.474492,22.652164],[121.474555,22.653522],[121.475306,22.658708],[121.472956,22.661203],[121.47068,22.664963],[121.469043,22.666959],[121.467592,22.66863],[121.465279,22.670464],[121.464667,22.671485],[121.46433,22.673318],[121.466019,22.676473],[121.467231,22.675904],[121.469645,22.676321],[121.472359,22.67545],[121.472759,22.674951],[121.479836,22.674078],[121.484727,22.677313],[121.489979,22.676986],[121.491742,22.678911],[121.491542,22.677461],[121.493467,22.675094],[121.495531,22.675708],[121.496031,22.676462],[121.496519,22.676485],[121.497194,22.675928],[121.500996,22.675869],[121.502109,22.676472],[121.502521,22.676298],[121.50476,22.67697],[121.507061,22.678639],[121.509537,22.677908]],[[121.511314,22.681712],[121.511964,22.681457],[121.512026,22.680412],[121.511576,22.680575],[121.511314,22.681712]],[[121.954396,24.836233],[121.952704,24.836465],[121.950998,24.835846],[121.948991,24.835892],[121.948016,24.835335],[121.945729,24.835515],[121.941008,24.837805],[121.940228,24.838564],[121.938314,24.842348],[121.93604,24.843667],[121.934258,24.845565],[121.934419,24.846729],[121.935278,24.846411],[121.934921,24.846809],[121.935189,24.84716],[121.936745,24.846718],[121.941736,24.844291],[121.943337,24.844609],[121.947538,24.851246],[121.949484,24.85177],[121.953067,24.851418],[121.957189,24.850259],[121.959841,24.846958],[121.959718,24.844932],[121.960654,24.843705],[121.960334,24.843003],[121.960666,24.842641],[121.962819,24.841095],[121.96448,24.840914],[121.964948,24.840486],[121.965102,24.838987],[121.962939,24.835925],[121.96148,24.83528],[121.957068,24.836817],[121.954396,24.836233]],[[121.781536,25.19085],[121.782399,25.193009],[121.783213,25.193247],[121.784556,25.194936],[121.787017,25.195796],[121.789218,25.195639],[121.789434,25.195168],[121.789221,25.193733],[121.789489,25.193397],[121.788916,25.192067],[121.787692,25.191268],[121.786888,25.191125],[121.786192,25.191397],[121.78296,25.189673],[121.781924,25.189751],[121.781536,25.19085]],[[121.94631,25.424751],[121.947101,25.424136],[121.94655,25.424096],[121.946341,25.423574],[121.945957,25.423828],[121.94631,25.424751]],[[122.109006,25.484068],[122.109152,25.483813],[122.108459,25.48401],[122.108408,25.484096],[122.109006,25.484068]],[[122.103514,25.483476],[122.103737,25.484526],[122.103036,25.485177],[122.103542,25.485299],[122.103266,25.486012],[122.104543,25.486001],[122.104483,25.487328],[122.105236,25.487764],[122.105992,25.487804],[122.107507,25.486828],[122.108215,25.486826],[122.107268,25.486129],[122.106954,25.485191],[122.106958,25.484688],[122.107798,25.484397],[122.107812,25.483879],[122.106229,25.483188],[122.106198,25.482313],[122.105181,25.482012],[122.103514,25.483476]],[[122.106865,25.48787],[122.107171,25.487863],[122.10716,25.487695],[122.106865,25.48787]],[[122.084194,25.628578],[122.08442,25.62745],[122.082424,25.625938],[122.080986,25.625402],[122.081171,25.624949],[122.081872,25.624656],[122.081647,25.623681],[122.079214,25.622973],[122.07729,25.623614],[122.076828,25.624565],[122.076911,25.625183],[122.076084,25.62525],[122.075911,25.624714],[122.075691,25.625434],[122.075299,25.624978],[122.075214,25.62562],[122.074691,25.625869],[122.074308,25.625448],[122.0742,25.626242],[122.073002,25.626406],[122.072027,25.62854],[122.072352,25.628686],[122.073282,25.631507],[122.07388,25.63182],[122.073658,25.632485],[122.074434,25.632104],[122.077167,25.633092],[122.077783,25.632998],[122.078139,25.63337],[122.080041,25.632861],[122.080655,25.633349],[122.082491,25.632766],[122.083034,25.633325],[122.083956,25.633191],[122.084486,25.632367],[122.084379,25.631258],[122.084933,25.63089],[122.085059,25.630344],[122.085068,25.629186],[122.084194,25.628578]],[[123.542382,25.726054],[123.541492,25.725831],[123.541486,25.727107],[123.541164,25.727308],[123.541383,25.727547],[123.5406,25.728532],[123.540931,25.728775],[123.540452,25.728903],[123.538793,25.731662],[123.53762,25.731802],[123.538344,25.731999],[123.538918,25.732923],[123.53913,25.732659],[123.53988,25.7329],[123.540352,25.734139],[123.541142,25.73489],[123.541346,25.734382],[123.541904,25.734281],[123.541401,25.733673],[123.543657,25.729519],[123.545393,25.72911],[123.54563,25.728731],[123.544753,25.727894],[123.545071,25.727574],[123.544529,25.726776],[123.544632,25.726145],[123.542419,25.725255],[123.542382,25.726054]],[[123.506529,25.735371],[123.506103,25.735606],[123.506157,25.73581],[123.506394,25.73561],[123.506529,25.735371]],[[123.507136,25.735806],[123.507108,25.735949],[123.507195,25.735959],[123.507136,25.735806]],[[123.47162,25.738257],[123.471594,25.738306],[123.471635,25.738316],[123.47162,25.738257]],[[123.458095,25.738963],[123.458122,25.73896],[123.458045,25.738891],[123.458095,25.738963]],[[123.474848,25.739445],[123.474896,25.739444],[123.474854,25.739389],[123.474848,25.739445]],[[123.457891,25.739417],[123.457882,25.739461],[123.457973,25.739497],[123.457891,25.739417]],[[123.475697,25.740017],[123.475746,25.740035],[123.475731,25.739988],[123.475697,25.740017]],[[123.475503,25.740126],[123.475539,25.740062],[123.475431,25.740068],[123.475503,25.740126]],[[123.476293,25.740118],[123.476198,25.740141],[123.476223,25.740198],[123.476293,25.740118]],[[123.476297,25.740303],[123.476343,25.740267],[123.476277,25.740238],[123.476297,25.740303]],[[123.476518,25.740347],[123.476525,25.740307],[123.476374,25.740342],[123.476518,25.740347]],[[123.490806,25.740457],[123.490574,25.740232],[123.49049,25.740442],[123.490806,25.740457]],[[123.482725,25.740318],[123.482687,25.740375],[123.482782,25.740376],[123.482725,25.740318]],[[123.481148,25.740519],[123.481177,25.740563],[123.481201,25.740549],[123.481148,25.740519]],[[123.490951,25.740714],[123.490984,25.740666],[123.490857,25.740589],[123.490951,25.740714]],[[123.490517,25.740714],[123.490354,25.740486],[123.490271,25.740683],[123.490482,25.740869],[123.490517,25.740714]],[[123.490923,25.740873],[123.4908,25.740631],[123.490467,25.740536],[123.490642,25.740852],[123.490832,25.740793],[123.490923,25.740873]],[[123.490773,25.740884],[123.490816,25.740886],[123.490774,25.740849],[123.490773,25.740884]],[[123.492902,25.741819],[123.492932,25.741824],[123.492912,25.741787],[123.492902,25.741819]],[[123.489259,25.748129],[123.489603,25.748227],[123.490152,25.747632],[123.490101,25.747104],[123.490401,25.747408],[123.493211,25.744871],[123.493887,25.743974],[123.493928,25.742235],[123.49292,25.741882],[123.492876,25.741804],[123.492922,25.741581],[123.492867,25.741546],[123.492471,25.741628],[123.491938,25.740997],[123.491254,25.740795],[123.491118,25.741195],[123.488632,25.740188],[123.487561,25.74066],[123.485866,25.740285],[123.484885,25.74094],[123.483845,25.740739],[123.483573,25.740322],[123.483555,25.740657],[123.483187,25.740282],[123.482786,25.740461],[123.481499,25.740438],[123.48128,25.740891],[123.480764,25.740464],[123.480465,25.740857],[123.479828,25.740557],[123.479134,25.740793],[123.478966,25.741375],[123.478096,25.740784],[123.477218,25.741267],[123.475194,25.740108],[123.475584,25.739394],[123.475323,25.739208],[123.474509,25.739873],[123.474018,25.739312],[123.474134,25.738718],[123.473713,25.738688],[123.473997,25.738127],[123.472282,25.738935],[123.471939,25.73846],[123.47109,25.738329],[123.470875,25.737695],[123.470355,25.737579],[123.470159,25.737142],[123.468895,25.736939],[123.467825,25.736149],[123.466364,25.735765],[123.465687,25.735991],[123.464456,25.73491],[123.461519,25.73482],[123.461245,25.7354],[123.459406,25.735643],[123.458335,25.737654],[123.458309,25.738889],[123.457792,25.74032],[123.460305,25.744715],[123.462211,25.745693],[123.46518,25.748026],[123.466327,25.748425],[123.466908,25.749159],[123.466898,25.748866],[123.467253,25.748822],[123.46964,25.749807],[123.470187,25.750343],[123.472219,25.750753],[123.47255,25.75113],[123.474999,25.751222],[123.476698,25.751814],[123.478465,25.751506],[123.480619,25.7501],[123.481529,25.750202],[123.482981,25.749672],[123.484043,25.749916],[123.484457,25.749525],[123.487373,25.749484],[123.487687,25.748934],[123.48803,25.74901],[123.489259,25.748129]],[[123.466399,25.749097],[123.466452,25.74909],[123.466378,25.749023],[123.466399,25.749097]],[[123.484424,25.749844],[123.484477,25.749844],[123.484414,25.749782],[123.484424,25.749844]],[[123.487913,25.750011],[123.487756,25.749889],[123.487561,25.750056],[123.487913,25.750011]],[[123.487463,25.750203],[123.487474,25.75024],[123.487564,25.750216],[123.487463,25.750203]],[[123.479747,25.750812],[123.47976,25.750876],[123.47983,25.750851],[123.479747,25.750812]],[[123.541734,25.779012],[123.540614,25.779246],[123.541927,25.779265],[123.541734,25.779012]],[[123.539605,25.779214],[123.539573,25.77952],[123.540524,25.779419],[123.540469,25.778868],[123.539605,25.779214]],[[123.538979,25.779468],[123.539041,25.779443],[123.539034,25.779411],[123.538979,25.779468]],[[120.485217,26.355408],[120.485546,26.355991],[120.485971,26.35548],[120.485815,26.354968],[120.485217,26.355408]],[[120.485958,26.355874],[120.485849,26.356288],[120.486392,26.355895],[120.485958,26.355874]],[[120.494338,26.356944],[120.493918,26.356407],[120.493707,26.356736],[120.494231,26.357169],[120.494338,26.356944]],[[120.494819,26.358403],[120.494999,26.358332],[120.494854,26.358246],[120.494819,26.358403]],[[120.495168,26.359151],[120.495282,26.359451],[120.49543,26.359184],[120.495168,26.359151]],[[120.511138,26.364675],[120.511445,26.364947],[120.511747,26.364724],[120.511138,26.364675]],[[120.483456,26.377185],[120.482674,26.376222],[120.481936,26.374275],[120.482233,26.372755],[120.481521,26.371225],[120.483507,26.37052],[120.483958,26.371095],[120.48437,26.371052],[120.484371,26.370372],[120.484661,26.370503],[120.484855,26.369987],[120.485522,26.369744],[120.487435,26.370818],[120.487814,26.371832],[120.488517,26.371407],[120.488943,26.370627],[120.490348,26.371306],[120.491441,26.370559],[120.491996,26.370643],[120.492299,26.370975],[120.492454,26.372961],[120.492285,26.375031],[120.494206,26.377791],[120.495889,26.37863],[120.497288,26.378631],[120.498589,26.377936],[120.499701,26.378442],[120.500542,26.377547],[120.500488,26.376642],[120.499172,26.374056],[120.498527,26.373605],[120.498672,26.372652],[120.499281,26.372467],[120.500237,26.373169],[120.501285,26.37317],[120.501413,26.37229],[120.502457,26.372116],[120.502568,26.371043],[120.50308,26.371421],[120.503556,26.370793],[120.503465,26.371319],[120.503932,26.371726],[120.504982,26.372162],[120.5057,26.371826],[120.505891,26.373059],[120.506638,26.37296],[120.507292,26.372221],[120.507748,26.370719],[120.508188,26.370753],[120.508267,26.369435],[120.50917,26.369362],[120.510214,26.368359],[120.511104,26.368311],[120.510813,26.366987],[120.511434,26.366163],[120.511311,26.365222],[120.510195,26.36463],[120.508925,26.364788],[120.507255,26.365768],[120.506473,26.367049],[120.505198,26.365693],[120.5042,26.365566],[120.504566,26.366117],[120.504009,26.366127],[120.503953,26.367186],[120.502951,26.368803],[120.501341,26.36869],[120.500679,26.366839],[120.501029,26.366002],[120.500553,26.364437],[120.499955,26.363645],[120.498812,26.363075],[120.498473,26.362553],[120.498612,26.361897],[120.496746,26.36111],[120.49616,26.361158],[120.496164,26.360324],[120.495346,26.360127],[120.49463,26.358826],[120.494624,26.358096],[120.493493,26.356885],[120.493143,26.357332],[120.493561,26.358536],[120.492979,26.358543],[120.492986,26.359315],[120.492417,26.359239],[120.491161,26.358148],[120.490797,26.358489],[120.490235,26.357997],[120.489671,26.358219],[120.489397,26.3577],[120.488572,26.357356],[120.488048,26.357882],[120.488641,26.359048],[120.488383,26.359362],[120.487995,26.359271],[120.487743,26.359633],[120.48678,26.359332],[120.486156,26.359786],[120.485621,26.359076],[120.486067,26.358529],[120.485345,26.358714],[120.485094,26.358465],[120.485144,26.358057],[120.485554,26.357895],[120.485589,26.356575],[120.485187,26.355915],[120.484225,26.355799],[120.48402,26.357184],[120.483199,26.357408],[120.48278,26.357913],[120.482311,26.357837],[120.482024,26.358701],[120.481565,26.358423],[120.481698,26.359465],[120.483223,26.360559],[120.483803,26.36325],[120.482059,26.36499],[120.483043,26.364463],[120.485406,26.365472],[120.485356,26.368925],[120.484456,26.369814],[120.483598,26.369803],[120.48103,26.370792],[120.479681,26.36912],[120.478176,26.367858],[120.477916,26.368111],[120.477716,26.367561],[120.47782,26.368829],[120.477373,26.368851],[120.47727,26.369617],[120.477789,26.37393],[120.476962,26.374028],[120.476693,26.374954],[120.477486,26.377906],[120.476928,26.379091],[120.476547,26.37904],[120.475358,26.377003],[120.473979,26.376979],[120.473891,26.376014],[120.473687,26.376235],[120.473346,26.375923],[120.473139,26.374978],[120.472626,26.374568],[120.47263,26.373662],[120.471674,26.37227],[120.471311,26.372558],[120.471026,26.372387],[120.470358,26.37108],[120.470102,26.371089],[120.470017,26.371876],[120.469753,26.37118],[120.46935,26.371228],[120.469642,26.371877],[120.469317,26.371971],[120.469263,26.372459],[120.470565,26.374452],[120.469652,26.376461],[120.469292,26.376509],[120.46926,26.37712],[120.469851,26.377712],[120.470315,26.377735],[120.470651,26.378371],[120.471115,26.378165],[120.471191,26.378506],[120.471792,26.378154],[120.472095,26.378849],[120.47308,26.378444],[120.474686,26.379649],[120.474353,26.380708],[120.474645,26.381874],[120.473778,26.382587],[120.474047,26.383375],[120.474851,26.383487],[120.475162,26.382989],[120.476019,26.383683],[120.476798,26.383474],[120.477235,26.382534],[120.477081,26.382003],[120.47758,26.3818],[120.478681,26.383091],[120.480019,26.383939],[120.480222,26.383398],[120.479599,26.382996],[120.480042,26.382921],[120.479575,26.382827],[120.479661,26.382597],[120.480283,26.382564],[120.479798,26.382185],[120.480445,26.380839],[120.482285,26.380723],[120.482716,26.379565],[120.482558,26.379085],[120.483456,26.377185]],[[120.500639,26.376409],[120.500669,26.376204],[120.50046,26.37614],[120.500639,26.376409]],[[120.500938,26.377667],[120.501118,26.377569],[120.500908,26.377533],[120.500938,26.377667]],[[120.500603,26.378056],[120.500882,26.378199],[120.501029,26.378019],[120.500603,26.378056]],[[123.555825,25.721349],[123.555961,25.721148],[123.55576,25.721114],[123.555825,25.721349]],[[123.556719,25.721469],[123.556518,25.720965],[123.556364,25.721161],[123.556529,25.721565],[123.556719,25.721469]],[[123.556536,25.72171],[123.55664,25.72188],[123.556731,25.721823],[123.556536,25.72171]],[[123.556327,25.722205],[123.556448,25.722236],[123.556339,25.721976],[123.556327,25.722205]],[[123.556303,25.722439],[123.556443,25.722418],[123.556305,25.722334],[123.556303,25.722439]],[[123.543338,25.722513],[123.543339,25.722547],[123.543373,25.722558],[123.543338,25.722513]],[[123.543354,25.722627],[123.543303,25.722645],[123.543334,25.722683],[123.543354,25.722627]],[[123.542902,25.722805],[123.542997,25.722889],[123.543032,25.722837],[123.542902,25.722805]],[[123.543392,25.722753],[123.543099,25.722886],[123.543358,25.723024],[123.543392,25.722753]],[[123.553083,25.72026],[123.547852,25.721735],[123.546801,25.722349],[123.545851,25.722176],[123.54606,25.722435],[123.545471,25.722659],[123.544971,25.722353],[123.545062,25.723017],[123.544607,25.72359],[123.545321,25.724592],[123.547971,25.725685],[123.55133,25.725714],[123.552539,25.724752],[123.553154,25.72488],[123.554148,25.723947],[123.554007,25.723619],[123.554411,25.723867],[123.555359,25.722802],[123.55497,25.722594],[123.555514,25.722295],[123.555672,25.720863],[123.553083,25.72026]],[[123.544677,25.723155],[123.544751,25.723141],[123.544728,25.723127],[123.544677,25.723155]],[[123.54418,25.723832],[123.544086,25.724303],[123.544597,25.724294],[123.54418,25.723832]],[[123.544794,25.724103],[123.544788,25.724077],[123.544686,25.72407],[123.544794,25.724103]],[[123.544452,25.724387],[123.544538,25.724464],[123.544586,25.724394],[123.544452,25.724387]],[[123.545263,25.728001],[123.545228,25.727864],[123.544933,25.727855],[123.545263,25.728001]],[[123.544977,25.729439],[123.545021,25.729391],[123.544853,25.729282],[123.544977,25.729439]],[[123.567689,25.755646],[123.56697,25.755019],[123.566065,25.755239],[123.566114,25.75564],[123.566669,25.755301],[123.567689,25.755646]],[[123.542937,25.779862],[123.542913,25.779908],[123.543099,25.779994],[123.542937,25.779862]],[[123.543824,25.780659],[123.543384,25.780083],[123.543663,25.781965],[123.544738,25.780909],[123.543824,25.780659]],[[123.68327,25.919181],[123.683286,25.919156],[123.683212,25.91914],[123.68327,25.919181]],[[123.682537,25.919228],[123.682573,25.919171],[123.682462,25.91913],[123.682537,25.919228]],[[123.686011,25.919665],[123.686045,25.919679],[123.686056,25.919649],[123.686011,25.919665]],[[123.686082,25.919779],[123.686191,25.919756],[123.686107,25.919707],[123.686082,25.919779]],[[123.687529,25.919979],[123.687619,25.919975],[123.687576,25.919894],[123.687529,25.919979]],[[123.679113,25.919919],[123.679053,25.919963],[123.679067,25.919968],[123.679113,25.919919]],[[123.67859,25.920326],[123.678621,25.920351],[123.678743,25.920234],[123.67859,25.920326]],[[123.678424,25.920537],[123.678453,25.920485],[123.678327,25.920492],[123.678424,25.920537]],[[123.687816,25.920798],[123.687854,25.920838],[123.687906,25.920799],[123.687816,25.920798]],[[123.688219,25.921756],[123.688255,25.921812],[123.688311,25.921721],[123.688219,25.921756]],[[123.689061,25.921908],[123.689292,25.921866],[123.68904,25.921848],[123.689061,25.921908]],[[123.677348,25.92231],[123.67736,25.922233],[123.677297,25.922233],[123.677348,25.92231]],[[123.676742,25.922603],[123.676778,25.922605],[123.676767,25.922574],[123.676742,25.922603]],[[123.676771,25.922681],[123.676806,25.922726],[123.676819,25.922699],[123.676771,25.922681]],[[123.676455,25.922865],[123.676464,25.922821],[123.676393,25.922837],[123.676455,25.922865]],[[123.676459,25.922937],[123.676489,25.922928],[123.676401,25.922892],[123.676459,25.922937]],[[123.675918,25.923113],[123.676086,25.9231],[123.676082,25.923063],[123.675918,25.923113]],[[123.687262,25.924803],[123.687671,25.924492],[123.687421,25.92416],[123.688065,25.923922],[123.687843,25.923324],[123.688709,25.923555],[123.688189,25.923193],[123.688691,25.922221],[123.688301,25.92209],[123.687743,25.92077],[123.68632,25.920112],[123.686015,25.919704],[123.685666,25.919872],[123.684787,25.919458],[123.684222,25.919659],[123.683273,25.919189],[123.681798,25.919304],[123.681552,25.919089],[123.680652,25.919632],[123.679258,25.919868],[123.678558,25.920448],[123.677597,25.922235],[123.676379,25.923182],[123.676089,25.923127],[123.676081,25.923642],[123.676519,25.924263],[123.67672,25.92505],[123.677662,25.926403],[123.678837,25.92724],[123.678976,25.927611],[123.679509,25.927654],[123.679783,25.928195],[123.679773,25.928612],[123.680094,25.928358],[123.680546,25.928799],[123.680713,25.928396],[123.681107,25.928393],[123.682448,25.928878],[123.683764,25.928362],[123.68399,25.927674],[123.684549,25.927611],[123.684574,25.927128],[123.685386,25.926259],[123.686636,25.925171],[123.686949,25.925362],[123.68721,25.925126],[123.687183,25.924942],[123.687262,25.924803]],[[123.687555,25.924148],[123.687622,25.924197],[123.68758,25.924114],[123.687555,25.924148]],[[123.676187,25.924351],[123.676442,25.924241],[123.676355,25.924211],[123.676187,25.924351]],[[123.676102,25.92444],[123.676091,25.924476],[123.676179,25.924467],[123.676102,25.92444]],[[123.687274,25.924854],[123.687308,25.924834],[123.687265,25.924833],[123.687274,25.924854]],[[123.687406,25.924866],[123.687421,25.924861],[123.68739,25.924847],[123.687406,25.924866]],[[123.687214,25.924929],[123.687262,25.924985],[123.687303,25.924947],[123.687214,25.924929]],[[123.687798,25.924965],[123.687913,25.925058],[123.68811,25.924907],[123.687798,25.924965]],[[123.688095,25.925239],[123.688149,25.925184],[123.688045,25.925177],[123.688095,25.925239]],[[123.686534,25.925401],[123.686523,25.92537],[123.686488,25.925388],[123.686534,25.925401]],[[123.677062,25.925632],[123.677034,25.925583],[123.676898,25.925606],[123.677062,25.925632]],[[123.685984,25.926289],[123.686069,25.926255],[123.685961,25.926258],[123.685984,25.926289]],[[123.677931,25.927078],[123.677941,25.927143],[123.678001,25.927105],[123.677931,25.927078]],[[123.678707,25.927338],[123.678718,25.927362],[123.678752,25.927341],[123.678707,25.927338]],[[123.684923,25.927373],[123.684992,25.927382],[123.684992,25.927339],[123.684923,25.927373]],[[123.685283,25.927447],[123.68537,25.927426],[123.685261,25.927396],[123.685283,25.927447]],[[123.678777,25.927519],[123.678796,25.927503],[123.678742,25.927494],[123.678777,25.927519]],[[123.679143,25.927928],[123.679135,25.927805],[123.67893,25.927996],[123.679143,25.927928]],[[123.679579,25.928068],[123.679642,25.928052],[123.679567,25.928024],[123.679579,25.928068]],[[123.6807,25.928565],[123.680788,25.928479],[123.68071,25.928476],[123.6807,25.928565]],[[123.683755,25.928505],[123.683808,25.928564],[123.683839,25.928528],[123.683755,25.928505]],[[123.681315,25.928762],[123.681329,25.928764],[123.681329,25.928702],[123.681315,25.928762]],[[123.682754,25.929128],[123.682747,25.929092],[123.682694,25.929125],[123.682754,25.929128]]]}}]}
