{"type":"FeatureCollection","name":"P118 Taiwan Counties","p118_version":"V0.1","generated_on":"2026-09-02","source":"National Land Surveying and Mapping Center, Ministry of the Interior, Taiwan — Direct-controlled municipality and county boundaries","source_version":"COUNTY_MOI_1140318 (2025-03-18)","source_crs":"TWD97[2020] geographic coordinates (EPSG:3824)","output_crs":"WGS 84 longitude/latitude (EPSG:4326; RFC 7946)","license":"Open Government Data License, version 1.0 (Taiwan)","processing_note":"Converted to EPSG:4326; topology-preserving web simplification at approximately 25 metres; retained 22 county/city features; retained only identifier and Chinese/English name attributes.","feature_count":22,"features":[{"type":"Feature","id":"09007","properties":{"CountyID":"Z","CountyCode":"09007","NameZh":"連江縣","NameEn":"Lienchiang County"},"geometry":{"type":"MultiPolygon","coordinates":[[[[119.964467,25.945743],[119.964145,25.945516],[119.964275,25.945486],[119.964467,25.945743]]],[[[119.964432,25.946937],[119.964213,25.94682],[119.964637,25.946751],[119.964432,25.946937]]],[[[119.964699,25.946607],[119.963471,25.946989],[119.962047,25.945464],[119.96299,25.945162],[119.96245,25.944818],[119.96254,25.94412],[119.960923,25.942375],[119.96142,25.941003],[119.963519,25.942819],[119.963577,25.943232],[119.963928,25.942465],[119.964155,25.942648],[119.964707,25.944247],[119.964371,25.943967],[119.96385,25.945038],[119.964066,25.945681],[119.964652,25.946071],[119.963898,25.946244],[119.964699,25.946607]]],[[[119.984874,25.964369],[119.98485,25.964424],[119.984772,25.964338],[119.984874,25.964369]]],[[[119.98566,25.964646],[119.985874,25.964755],[119.985373,25.964842],[119.98566,25.964646]]],[[[119.989398,25.970373],[119.989267,25.970857],[119.988978,25.970822],[119.988022,25.969953],[119.988656,25.969671],[119.990086,25.970031],[119.989398,25.970373]]],[[[119.984845,25.970586],[119.984497,25.970935],[119.984099,25.970763],[119.98378,25.969636],[119.981991,25.969018],[119.983047,25.967249],[119.981841,25.966465],[119.980015,25.966414],[119.979169,25.967112],[119.97851,25.967191],[119.978734,25.968355],[119.978329,25.968507],[119.977387,25.968485],[119.976639,25.968063],[119.974274,25.968386],[119.972979,25.967282],[119.971521,25.967057],[119.971631,25.966522],[119.971184,25.966461],[119.971612,25.966169],[119.971295,25.966012],[119.971486,25.964091],[119.970439,25.962233],[119.969589,25.96157],[119.969831,25.96092],[119.969545,25.960454],[119.96823,25.959662],[119.96822,25.959259],[119.966248,25.958403],[119.965122,25.958384],[119.964378,25.958842],[119.964364,25.958526],[119.963692,25.958615],[119.963751,25.958038],[119.962195,25.958108],[119.962186,25.957866],[119.963457,25.957808],[119.96501,25.958235],[119.965566,25.957213],[119.965605,25.956301],[119.964381,25.955581],[119.964084,25.955054],[119.963553,25.953381],[119.96273,25.952387],[119.962942,25.951528],[119.962224,25.950889],[119.962164,25.950125],[119.961263,25.950579],[119.960568,25.950456],[119.960584,25.950033],[119.961471,25.950097],[119.961503,25.949782],[119.961691,25.950111],[119.962119,25.949957],[119.962023,25.949434],[119.963018,25.948694],[119.964943,25.949206],[119.965372,25.949862],[119.965296,25.950983],[119.965862,25.950981],[119.965975,25.951427],[119.966489,25.951604],[119.967427,25.951263],[119.969607,25.953968],[119.970789,25.95492],[119.971481,25.956623],[119.972941,25.953728],[119.973938,25.953328],[119.974613,25.953443],[119.974987,25.953927],[119.975095,25.954561],[119.974684,25.955272],[119.976203,25.955126],[119.977156,25.956418],[119.977853,25.955903],[119.978956,25.956195],[119.97924,25.956675],[119.978344,25.958972],[119.978567,25.959653],[119.98043,25.959773],[119.981504,25.960721],[119.98379,25.961627],[119.984938,25.962503],[119.984638,25.963783],[119.983691,25.963976],[119.983682,25.964211],[119.984269,25.964472],[119.984552,25.964181],[119.985785,25.965344],[119.986784,25.965993],[119.987197,25.966741],[119.986608,25.967191],[119.987726,25.967176],[119.988599,25.968127],[119.988663,25.968792],[119.987358,25.968858],[119.987837,25.969504],[119.98748,25.969816],[119.987982,25.970363],[119.987396,25.970339],[119.986744,25.969809],[119.986185,25.970626],[119.985394,25.970853],[119.984845,25.970586]]],[[[119.976214,25.972351],[119.976289,25.972376],[119.97628,25.972392],[119.976214,25.972351]]],[[[119.964725,25.972457],[119.964763,25.972588],[119.964203,25.972426],[119.964725,25.972457]]],[[[119.976591,25.973038],[119.976571,25.972994],[119.97663,25.973013],[119.976591,25.973038]]],[[[119.974251,25.973115],[119.974133,25.973156],[119.974103,25.973115],[119.974251,25.973115]]],[[[119.977438,25.974018],[119.97744,25.974086],[119.97736,25.974034],[119.977438,25.974018]]],[[[119.977544,25.974172],[119.97757,25.974184],[119.977569,25.974204],[119.977544,25.974172]]],[[[119.96753,25.974369],[119.967473,25.97442],[119.967288,25.974201],[119.96753,25.974369]]],[[[119.965246,25.974401],[119.964877,25.974521],[119.964858,25.974372],[119.965246,25.974401]]],[[[119.965234,25.974703],[119.965312,25.97438],[119.965432,25.974562],[119.965234,25.974703]]],[[[119.966285,25.974931],[119.966206,25.974957],[119.966176,25.974882],[119.966285,25.974931]]],[[[119.966444,25.975011],[119.966398,25.975017],[119.966316,25.974929],[119.966444,25.975011]]],[[[119.966674,25.974674],[119.966152,25.974877],[119.965972,25.975045],[119.965658,25.974486],[119.964945,25.974127],[119.965304,25.972863],[119.965166,25.97237],[119.964109,25.971612],[119.964384,25.971151],[119.965959,25.972148],[119.966887,25.971495],[119.967209,25.971686],[119.967448,25.972398],[119.966779,25.973834],[119.967271,25.974297],[119.966956,25.974589],[119.966592,25.974226],[119.966674,25.974674]]],[[[119.976482,25.975248],[119.97643,25.975242],[119.976428,25.975203],[119.976482,25.975248]]],[[[119.966423,25.97526],[119.966428,25.975298],[119.966331,25.975242],[119.966423,25.97526]]],[[[119.976528,25.975305],[119.976585,25.975189],[119.976641,25.975287],[119.976528,25.975305]]],[[[119.966263,25.975177],[119.965981,25.97531],[119.96594,25.975106],[119.966263,25.975177]]],[[[119.975004,25.975376],[119.974959,25.975357],[119.974976,25.975298],[119.975004,25.975376]]],[[[119.966465,25.97534],[119.966504,25.975397],[119.966409,25.975356],[119.966465,25.97534]]],[[[119.965913,25.97531],[119.965785,25.975403],[119.96578,25.975282],[119.965913,25.97531]]],[[[119.976819,25.975449],[119.976721,25.975257],[119.976953,25.975226],[119.976819,25.975449]]],[[[119.966983,25.975366],[119.966918,25.975451],[119.966578,25.975166],[119.966983,25.975366]]],[[[119.975117,25.975576],[119.974999,25.975583],[119.975026,25.975481],[119.975117,25.975576]]],[[[119.920215,25.975159],[119.920303,25.975678],[119.919393,25.975157],[119.919296,25.974677],[119.920215,25.975159]]],[[[119.965896,25.975702],[119.965836,25.975709],[119.965818,25.9756],[119.965896,25.975702]]],[[[119.975199,25.975772],[119.975154,25.975622],[119.975288,25.975635],[119.975199,25.975772]]],[[[119.96638,25.975845],[119.965942,25.975636],[119.966298,25.975246],[119.966648,25.975646],[119.966364,25.975439],[119.96638,25.975845]]],[[[119.975786,25.975921],[119.974444,25.974793],[119.974547,25.973554],[119.97403,25.972166],[119.974329,25.972178],[119.973985,25.970256],[119.975143,25.971015],[119.975022,25.971277],[119.975868,25.971864],[119.976582,25.973502],[119.977283,25.9741],[119.976484,25.974086],[119.977419,25.974871],[119.977092,25.9751],[119.976475,25.974791],[119.976371,25.975396],[119.975954,25.975132],[119.976116,25.975781],[119.975786,25.975921]]],[[[119.975818,25.976067],[119.975761,25.975965],[119.976,25.975908],[119.975818,25.976067]]],[[[119.965927,25.976003],[119.96615,25.976107],[119.966101,25.976242],[119.965927,25.976003]]],[[[119.975613,25.976592],[119.975675,25.976506],[119.975707,25.976524],[119.975613,25.976592]]],[[[119.975745,25.976404],[119.97597,25.97611],[119.976705,25.976297],[119.976764,25.97655],[119.975745,25.976404]]],[[[119.922006,25.976262],[119.922161,25.976743],[119.921786,25.977053],[119.921721,25.976314],[119.922006,25.976262]]],[[[119.946969,25.976787],[119.947127,25.977134],[119.94686,25.977173],[119.946806,25.977102],[119.946969,25.976787]]],[[[119.921995,25.97738],[119.921744,25.977466],[119.921713,25.977273],[119.921995,25.97738]]],[[[119.947071,25.977361],[119.947076,25.977466],[119.946814,25.977326],[119.947071,25.977361]]],[[[119.947187,25.977688],[119.947054,25.977739],[119.947068,25.977611],[119.947187,25.977688]]],[[[119.92229,25.97791],[119.92229,25.978308],[119.922084,25.97831],[119.921864,25.978051],[119.92229,25.97791]]],[[[119.992003,25.980696],[119.992043,25.980745],[119.991752,25.980748],[119.992003,25.980696]]],[[[119.948464,25.981336],[119.948488,25.981397],[119.948247,25.98131],[119.948464,25.981336]]],[[[119.948199,25.981392],[119.948208,25.981458],[119.948123,25.981416],[119.948199,25.981392]]],[[[119.992464,25.981201],[119.992465,25.981492],[119.991924,25.98139],[119.991955,25.981356],[119.992464,25.981201]]],[[[119.948215,25.981652],[119.948174,25.981652],[119.948175,25.981636],[119.948215,25.981652]]],[[[119.992529,25.981958],[119.992346,25.981874],[119.992389,25.981788],[119.992529,25.981958]]],[[[119.946193,25.982069],[119.946011,25.98201],[119.946047,25.98195],[119.946193,25.982069]]],[[[119.940775,25.982209],[119.940817,25.982354],[119.940612,25.98227],[119.940775,25.982209]]],[[[119.944934,25.982355],[119.944856,25.982387],[119.944821,25.982314],[119.944934,25.982355]]],[[[119.946325,25.982352],[119.946337,25.982425],[119.946214,25.982373],[119.946325,25.982352]]],[[[119.946774,25.982462],[119.946283,25.982052],[119.946331,25.982048],[119.946774,25.982462]]],[[[119.944595,25.982095],[119.94425,25.982741],[119.943896,25.982589],[119.944025,25.982091],[119.94276,25.982408],[119.94296,25.981869],[119.94184,25.981505],[119.941393,25.981913],[119.940015,25.981996],[119.939854,25.981434],[119.938998,25.981123],[119.938864,25.980683],[119.937291,25.981753],[119.933405,25.97997],[119.932549,25.980222],[119.931964,25.981351],[119.931229,25.98168],[119.928845,25.981567],[119.928369,25.981122],[119.927086,25.981232],[119.926905,25.981647],[119.92477,25.980466],[119.924011,25.979237],[119.925671,25.977517],[119.92564,25.976684],[119.928859,25.972539],[119.92872,25.971089],[119.929168,25.970808],[119.930531,25.971874],[119.931843,25.971562],[119.931694,25.970908],[119.933209,25.970138],[119.933615,25.969452],[119.933294,25.968604],[119.932495,25.969159],[119.931557,25.967472],[119.93503,25.967744],[119.936722,25.969877],[119.938317,25.970675],[119.938347,25.97097],[119.937455,25.971289],[119.937203,25.971778],[119.93849,25.973384],[119.939686,25.973989],[119.94194,25.972923],[119.94378,25.974948],[119.945284,25.975546],[119.94486,25.975883],[119.945481,25.976552],[119.946548,25.976939],[119.946279,25.97729],[119.946417,25.978055],[119.947719,25.978163],[119.94761,25.978612],[119.94791,25.978632],[119.94826,25.979856],[119.947941,25.980245],[119.948499,25.981094],[119.947441,25.981389],[119.948012,25.981715],[119.945752,25.980867],[119.945315,25.981017],[119.945076,25.980681],[119.944504,25.980879],[119.943926,25.981846],[119.944595,25.982095]]],[[[119.944674,25.982683],[119.944809,25.982443],[119.944845,25.982464],[119.944674,25.982683]]],[[[119.992635,25.982073],[119.9931,25.98275],[119.992861,25.982881],[119.991987,25.982402],[119.992635,25.982073]]],[[[119.943692,25.982549],[119.943807,25.982752],[119.943581,25.982902],[119.943558,25.982774],[119.943692,25.982549]]],[[[119.944852,25.982833],[119.944832,25.983117],[119.944446,25.983055],[119.944561,25.982903],[119.944852,25.982833]]],[[[119.957963,26.081127],[119.957766,26.081138],[119.957728,26.080987],[119.957963,26.081127]]],[[[119.964403,26.085646],[119.964396,26.085747],[119.964262,26.085694],[119.964403,26.085646]]],[[[119.963514,26.085351],[119.964143,26.085489],[119.964146,26.085758],[119.963514,26.085351]]],[[[119.96136,26.08613],[119.961333,26.086128],[119.961346,26.086083],[119.96136,26.08613]]],[[[119.96181,26.086177],[119.961813,26.086108],[119.961942,26.086142],[119.96181,26.086177]]],[[[119.962752,26.086277],[119.961376,26.08602],[119.961751,26.085378],[119.961549,26.084998],[119.961915,26.084828],[119.962743,26.085167],[119.962977,26.085713],[119.962752,26.086277]]],[[[119.96174,26.086311],[119.961706,26.086322],[119.961706,26.08628],[119.96174,26.086311]]],[[[119.962988,26.086342],[119.962922,26.086308],[119.962945,26.086292],[119.962988,26.086342]]],[[[119.962261,26.086345],[119.962024,26.086276],[119.962122,26.086222],[119.962261,26.086345]]],[[[119.96172,26.086644],[119.961667,26.086667],[119.961631,26.086601],[119.96172,26.086644]]],[[[119.961442,26.086808],[119.961383,26.086778],[119.961388,26.086751],[119.961442,26.086808]]],[[[119.961278,26.086999],[119.96128,26.08696],[119.961367,26.086888],[119.961278,26.086999]]],[[[119.961292,26.08732],[119.961117,26.087188],[119.961442,26.087042],[119.961292,26.08732]]],[[[119.961951,26.0874],[119.961927,26.08737],[119.962077,26.087365],[119.961951,26.0874]]],[[[119.961281,26.087409],[119.961742,26.087209],[119.961722,26.087461],[119.961281,26.087409]]],[[[119.965346,26.091313],[119.965264,26.091259],[119.965302,26.091175],[119.965346,26.091313]]],[[[119.965511,26.0914],[119.965473,26.0914],[119.965443,26.091305],[119.965511,26.0914]]],[[[119.965227,26.091664],[119.965454,26.091675],[119.965452,26.091707],[119.965227,26.091664]]],[[[119.965627,26.092069],[119.965252,26.091841],[119.965869,26.091664],[119.96593,26.091852],[119.965627,26.092069]]],[[[119.974025,26.115975],[119.973857,26.115721],[119.974248,26.115395],[119.97433,26.115821],[119.974025,26.115975]]],[[[119.972672,26.11676],[119.972954,26.11631],[119.973147,26.116596],[119.972672,26.11676]]],[[[119.964373,26.144021],[119.96472,26.144044],[119.964727,26.144169],[119.964373,26.144021]]],[[[119.965335,26.14473],[119.965322,26.144807],[119.965244,26.144748],[119.965335,26.14473]]],[[[119.964862,26.144897],[119.964555,26.144652],[119.964809,26.14457],[119.964613,26.144253],[119.965289,26.144394],[119.964862,26.144897]]],[[[119.965031,26.145061],[119.965065,26.144907],[119.965212,26.144952],[119.965031,26.145061]]],[[[119.956055,26.150712],[119.955906,26.150918],[119.955555,26.150766],[119.955587,26.150735],[119.956055,26.150712]]],[[[120.403236,26.159042],[120.402135,26.157894],[120.402895,26.156486],[120.404133,26.155808],[120.405244,26.155846],[120.405884,26.155287],[120.406478,26.155471],[120.406502,26.156319],[120.406086,26.156722],[120.405736,26.1569],[120.405454,26.156399],[120.405172,26.156454],[120.40476,26.158044],[120.404157,26.158059],[120.404455,26.157552],[120.403827,26.157416],[120.403896,26.1578],[120.403125,26.157868],[120.403502,26.158835],[120.403236,26.159042]]],[[[119.971154,26.161168],[119.97111,26.161226],[119.971032,26.161144],[119.971154,26.161168]]],[[[119.970955,26.161206],[119.970908,26.161278],[119.970836,26.161189],[119.970955,26.161206]]],[[[119.971195,26.16136],[119.97113,26.161379],[119.971114,26.161314],[119.971195,26.16136]]],[[[119.970453,26.161614],[119.97043,26.161693],[119.970313,26.161615],[119.970453,26.161614]]],[[[119.970733,26.161716],[119.970521,26.161605],[119.970592,26.161554],[119.970733,26.161716]]],[[[119.970344,26.162666],[119.970189,26.162672],[119.970236,26.162605],[119.970344,26.162666]]],[[[119.973287,26.163827],[119.973194,26.163712],[119.973582,26.163755],[119.973287,26.163827]]],[[[119.972816,26.163903],[119.972688,26.16389],[119.972745,26.163796],[119.972816,26.163903]]],[[[119.963633,26.163847],[119.963957,26.163686],[119.964033,26.163761],[119.963633,26.163847]]],[[[119.973263,26.164901],[119.973255,26.16501],[119.973048,26.164916],[119.973263,26.164901]]],[[[119.973772,26.165988],[119.973648,26.165975],[119.973675,26.165923],[119.973772,26.165988]]],[[[119.971387,26.168424],[119.971448,26.168649],[119.97127,26.168418],[119.971387,26.168424]]],[[[119.967863,26.167865],[119.967884,26.168734],[119.965034,26.167002],[119.965792,26.1665],[119.966337,26.167],[119.966301,26.167382],[119.967863,26.167865]]],[[[119.972837,26.168422],[119.973026,26.168833],[119.971793,26.168361],[119.970728,26.167222],[119.970135,26.164076],[119.970207,26.162808],[119.970697,26.162489],[119.970351,26.162158],[119.97049,26.161744],[119.971249,26.161984],[119.970959,26.16264],[119.971622,26.162828],[119.972684,26.164173],[119.972426,26.164998],[119.973556,26.165396],[119.972722,26.165876],[119.973915,26.166205],[119.97364,26.1664],[119.972331,26.165822],[119.972438,26.166613],[119.973089,26.166822],[119.972287,26.16778],[119.97312,26.167998],[119.972837,26.168422]]],[[[119.972345,26.168804],[119.972328,26.16893],[119.971995,26.168784],[119.972345,26.168804]]],[[[119.973732,26.169028],[119.973652,26.169091],[119.973629,26.168996],[119.973732,26.169028]]],[[[119.928927,26.171917],[119.928966,26.171671],[119.929307,26.171937],[119.928927,26.171917]]],[[[119.917034,26.175174],[119.916319,26.175128],[119.916463,26.174362],[119.915639,26.172619],[119.916909,26.171453],[119.916016,26.170505],[119.916073,26.170051],[119.915604,26.169996],[119.915163,26.169442],[119.916546,26.168673],[119.917015,26.167813],[119.91851,26.167972],[119.919165,26.167194],[119.918468,26.165518],[119.917707,26.165431],[119.917814,26.164697],[119.917334,26.163895],[119.917592,26.162689],[119.915966,26.162337],[119.915015,26.162865],[119.914634,26.161638],[119.91276,26.160207],[119.912509,26.15959],[119.915387,26.16011],[119.915951,26.159858],[119.916124,26.159342],[119.917232,26.159211],[119.91767,26.157894],[119.916536,26.156763],[119.916694,26.156371],[119.916079,26.155764],[119.913983,26.154674],[119.914508,26.154444],[119.915156,26.153261],[119.910747,26.149735],[119.910464,26.147669],[119.909247,26.146472],[119.908905,26.145345],[119.909758,26.144906],[119.91014,26.144143],[119.911909,26.145348],[119.912458,26.145517],[119.913036,26.145258],[119.913196,26.143363],[119.912621,26.142565],[119.913743,26.142737],[119.914514,26.141995],[119.915919,26.141946],[119.915968,26.141563],[119.916838,26.141089],[119.917449,26.14149],[119.918845,26.141474],[119.920723,26.14217],[119.921136,26.142092],[119.920639,26.141335],[119.921279,26.142132],[119.921697,26.141868],[119.922319,26.142179],[119.92348,26.141997],[119.924364,26.14095],[119.923187,26.139555],[119.923477,26.139449],[119.923329,26.13821],[119.92443,26.13778],[119.924725,26.138363],[119.926058,26.13851],[119.92613,26.139131],[119.926981,26.139148],[119.927713,26.139872],[119.928475,26.139449],[119.930411,26.139786],[119.930731,26.140349],[119.929082,26.140682],[119.928819,26.141591],[119.92979,26.142044],[119.930079,26.142705],[119.930859,26.142652],[119.930696,26.142957],[119.931624,26.143624],[119.932002,26.144549],[119.932811,26.143973],[119.933588,26.143945],[119.934441,26.145688],[119.93489,26.145641],[119.935139,26.145134],[119.935006,26.14541],[119.936131,26.146065],[119.937247,26.145792],[119.937572,26.14533],[119.937225,26.144524],[119.938032,26.142888],[119.939418,26.143517],[119.940706,26.143122],[119.941994,26.143253],[119.943481,26.144514],[119.943745,26.145329],[119.944139,26.145288],[119.944058,26.14578],[119.946517,26.14673],[119.946091,26.147097],[119.946267,26.148393],[119.94693,26.148787],[119.947902,26.148382],[119.948767,26.148553],[119.948477,26.149293],[119.949067,26.150148],[119.948411,26.150875],[119.949134,26.151408],[119.948494,26.151658],[119.948443,26.152067],[119.949969,26.153542],[119.952354,26.153379],[119.953276,26.152334],[119.952982,26.151944],[119.951582,26.151461],[119.954022,26.152114],[119.954236,26.150777],[119.955308,26.150733],[119.95593,26.151906],[119.957304,26.152251],[119.957149,26.152969],[119.957822,26.153377],[119.957583,26.154001],[119.957802,26.154482],[119.958266,26.154781],[119.958364,26.155416],[119.959035,26.155335],[119.958464,26.155765],[119.959579,26.15737],[119.959427,26.157555],[119.960188,26.157936],[119.960769,26.15771],[119.960776,26.158248],[119.962187,26.158418],[119.962755,26.160311],[119.962378,26.160528],[119.962892,26.160837],[119.962451,26.160978],[119.962505,26.161467],[119.963687,26.162075],[119.962829,26.16324],[119.962896,26.163748],[119.963509,26.163921],[119.963557,26.164922],[119.964791,26.165192],[119.965193,26.166484],[119.961508,26.167735],[119.96043,26.167752],[119.96067,26.168301],[119.960102,26.168384],[119.959558,26.167956],[119.956632,26.167962],[119.955747,26.167654],[119.95581,26.167019],[119.953612,26.164207],[119.952887,26.164404],[119.952664,26.165594],[119.953301,26.166148],[119.95272,26.166585],[119.95321,26.167161],[119.953081,26.167433],[119.952273,26.167624],[119.951913,26.168172],[119.951163,26.168211],[119.950616,26.167178],[119.949026,26.167469],[119.946539,26.165775],[119.945625,26.165705],[119.944403,26.164972],[119.939629,26.165839],[119.940116,26.162139],[119.941867,26.158903],[119.94037,26.157535],[119.939163,26.157067],[119.938995,26.156175],[119.93717,26.154942],[119.937301,26.1543],[119.935832,26.154227],[119.935844,26.15829],[119.934978,26.159531],[119.934333,26.158803],[119.932768,26.158823],[119.931151,26.158145],[119.930661,26.158598],[119.930236,26.158565],[119.929874,26.159406],[119.930277,26.160604],[119.931463,26.159987],[119.93068,26.160843],[119.930905,26.161422],[119.93052,26.161586],[119.930483,26.162067],[119.929557,26.161515],[119.929604,26.160973],[119.929029,26.160488],[119.928402,26.160582],[119.927951,26.160184],[119.92765,26.160355],[119.927807,26.160733],[119.926479,26.160975],[119.926444,26.161343],[119.9246,26.161228],[119.923932,26.162053],[119.923797,26.162817],[119.924146,26.163384],[119.923637,26.163778],[119.923882,26.164617],[119.924573,26.164995],[119.924722,26.165731],[119.92563,26.166627],[119.925486,26.167216],[119.926236,26.167947],[119.925939,26.16896],[119.925565,26.169121],[119.925859,26.169272],[119.925825,26.170086],[119.926356,26.170368],[119.927716,26.169641],[119.928403,26.169791],[119.928439,26.170608],[119.927745,26.170944],[119.928287,26.171989],[119.926359,26.172151],[119.925135,26.171516],[119.924451,26.171872],[119.923441,26.171622],[119.9234,26.171856],[119.922187,26.171777],[119.921763,26.171962],[119.92206,26.172239],[119.921667,26.172326],[119.921638,26.172656],[119.920298,26.172848],[119.92058,26.17371],[119.92043,26.174398],[119.919676,26.174632],[119.920093,26.174783],[119.919955,26.175048],[119.91836,26.174371],[119.917034,26.175174]]],[[[119.918287,26.175497],[119.917992,26.175553],[119.918136,26.175309],[119.918287,26.175497]]],[[[119.980748,26.186705],[119.980511,26.187285],[119.980094,26.187337],[119.980123,26.18677],[119.980748,26.186705]]],[[[119.948353,26.194324],[119.949124,26.195203],[119.949059,26.195575],[119.947816,26.195557],[119.947233,26.194993],[119.947124,26.19451],[119.947444,26.194219],[119.948353,26.194324]]],[[[120.01292,26.209679],[120.014599,26.210601],[120.014705,26.211155],[120.013202,26.211746],[120.012596,26.211659],[120.010907,26.210428],[120.011498,26.209518],[120.01292,26.209679]]],[[[120.015779,26.213295],[120.016116,26.213678],[120.016058,26.213866],[120.015245,26.213338],[120.015779,26.213295]]],[[[120.015742,26.213952],[120.015962,26.214243],[120.015508,26.214121],[120.015742,26.213952]]],[[[120.012136,26.214311],[120.011595,26.213762],[120.012082,26.212582],[120.013588,26.212569],[120.014995,26.213247],[120.013558,26.214127],[120.012136,26.214311]]],[[[120.015525,26.214247],[120.015779,26.214346],[120.015832,26.214443],[120.015611,26.214443],[120.015525,26.214247]]],[[[120.011995,26.215692],[120.011962,26.215796],[120.011866,26.215693],[120.011995,26.215692]]],[[[120.048558,26.226031],[120.048532,26.226309],[120.048044,26.225968],[120.048558,26.226031]]],[[[119.983079,26.22636],[119.98318,26.22695],[119.982594,26.226571],[119.982682,26.226243],[119.983079,26.22636]]],[[[120.062631,26.23331],[120.063112,26.233715],[120.063009,26.234046],[120.06227,26.233625],[120.062631,26.23331]]],[[[120.062339,26.238065],[120.060791,26.237809],[120.060683,26.236912],[120.061319,26.236633],[120.061956,26.237087],[120.062339,26.238065]]],[[[119.995276,26.238199],[119.995227,26.237846],[119.993172,26.236467],[119.993104,26.235927],[119.992725,26.235823],[119.993497,26.235659],[119.993572,26.235268],[119.992884,26.234888],[119.99332,26.234445],[119.99325,26.233971],[119.99191,26.233752],[119.991565,26.233445],[119.991514,26.232448],[119.988414,26.230789],[119.987899,26.229852],[119.986337,26.228659],[119.985947,26.227963],[119.985159,26.2277],[119.985395,26.227322],[119.984955,26.226498],[119.983253,26.22498],[119.982177,26.224701],[119.980533,26.224924],[119.980127,26.225096],[119.979763,26.226054],[119.978735,26.22601],[119.975963,26.223595],[119.974916,26.224197],[119.974957,26.223711],[119.974133,26.222639],[119.973252,26.222457],[119.971563,26.220913],[119.970033,26.2213],[119.96941,26.220775],[119.968565,26.220629],[119.968177,26.221277],[119.96744,26.221246],[119.967394,26.219093],[119.969092,26.218209],[119.968474,26.216267],[119.968596,26.215399],[119.969362,26.214063],[119.97022,26.213731],[119.971064,26.212432],[119.970603,26.211556],[119.969607,26.210974],[119.968292,26.209312],[119.967581,26.20711],[119.966354,26.206787],[119.965605,26.204891],[119.96671,26.203445],[119.965537,26.20255],[119.966192,26.201586],[119.965979,26.199266],[119.966761,26.198243],[119.966223,26.196485],[119.96653,26.193975],[119.96744,26.193697],[119.968998,26.194717],[119.969017,26.194367],[119.969377,26.194306],[119.971278,26.19524],[119.973203,26.194511],[119.972898,26.193793],[119.973542,26.192308],[119.974659,26.192328],[119.975993,26.193248],[119.975546,26.194818],[119.973947,26.195051],[119.973239,26.194588],[119.972886,26.194813],[119.972927,26.195262],[119.973598,26.195745],[119.973292,26.196754],[119.973578,26.197598],[119.972638,26.198626],[119.971981,26.198583],[119.971745,26.199462],[119.97138,26.199382],[119.972686,26.200793],[119.972898,26.201452],[119.972633,26.206173],[119.971471,26.207511],[119.972877,26.209256],[119.972457,26.209752],[119.972551,26.211863],[119.975851,26.215195],[119.976631,26.215334],[119.977238,26.214796],[119.977677,26.214825],[119.97866,26.215851],[119.982784,26.217358],[119.983859,26.218662],[119.987069,26.21868],[119.989372,26.217715],[119.989495,26.215893],[119.989035,26.215053],[119.989422,26.2145],[119.990233,26.214441],[119.991448,26.215677],[119.99203,26.217402],[119.993065,26.218628],[119.993832,26.21866],[119.994634,26.217818],[119.994898,26.218148],[119.996198,26.217906],[119.99691,26.21815],[119.997965,26.220386],[119.997728,26.221969],[119.99835,26.222623],[119.999353,26.222595],[120.000643,26.22196],[119.999652,26.219997],[119.999307,26.22],[119.99904,26.219534],[119.999157,26.219197],[120.000224,26.218721],[120.00268,26.222794],[120.003347,26.222923],[120.005693,26.222749],[120.007011,26.222266],[120.007048,26.220408],[120.007538,26.219414],[120.009227,26.218507],[120.00911,26.216725],[120.009639,26.214761],[120.011635,26.21438],[120.011585,26.217299],[120.012681,26.217848],[120.011606,26.217633],[120.011933,26.218221],[120.011518,26.218023],[120.011179,26.218543],[120.010395,26.218244],[120.009805,26.219668],[120.010565,26.221203],[120.011235,26.221229],[120.011773,26.22178],[120.012225,26.221684],[120.014484,26.223486],[120.01459,26.224102],[120.013652,26.22377],[120.013247,26.224525],[120.015403,26.226838],[120.015022,26.227185],[120.015386,26.227787],[120.014099,26.228463],[120.012595,26.227949],[120.011855,26.228056],[120.011461,26.228499],[120.010496,26.228459],[120.007745,26.226939],[120.007251,26.227218],[120.006564,26.226503],[120.006284,26.22545],[120.006524,26.224314],[120.005898,26.223927],[120.005748,26.223312],[120.003646,26.223649],[120.003353,26.223956],[120.00536,26.227147],[120.006121,26.227357],[120.006477,26.227855],[120.006525,26.229342],[120.005299,26.230248],[120.005678,26.231019],[120.00586,26.23323],[120.006376,26.234054],[120.005272,26.234651],[120.004224,26.234288],[120.004005,26.234792],[120.003744,26.234344],[120.001909,26.233606],[120.001247,26.23409],[120.001152,26.235459],[120.001423,26.235616],[120.000938,26.235921],[120.000062,26.237986],[119.995276,26.238199]]],[[[120.017092,26.239267],[120.016722,26.239486],[120.016099,26.239099],[120.015422,26.239385],[120.014337,26.239067],[120.014215,26.238618],[120.016157,26.237806],[120.017083,26.238396],[120.017092,26.239267]]],[[[120.012772,26.240531],[120.012359,26.240367],[120.012291,26.239629],[120.010875,26.238117],[120.010751,26.236445],[120.011318,26.235627],[120.012237,26.235782],[120.012046,26.238021],[120.01343,26.238418],[120.014108,26.23899],[120.014092,26.239747],[120.013775,26.239821],[120.014186,26.239993],[120.013401,26.239819],[120.013391,26.240161],[120.012772,26.240531]]],[[[120.202398,26.249358],[120.202052,26.249128],[120.202193,26.24886],[120.202338,26.24906],[120.202398,26.249358]]],[[[120.004499,26.250657],[120.003863,26.251339],[120.003513,26.251195],[120.002691,26.24982],[120.000875,26.248488],[119.999818,26.249505],[119.998897,26.248999],[119.998942,26.249591],[119.998442,26.249714],[119.997356,26.247365],[119.996194,26.245771],[119.996243,26.244803],[119.995947,26.244513],[119.995558,26.244632],[119.995947,26.244293],[119.995322,26.243418],[119.995386,26.24265],[119.995834,26.242044],[119.998149,26.24211],[119.998411,26.242911],[120.000226,26.244111],[120.001202,26.245217],[120.002395,26.244811],[120.003292,26.245211],[120.003315,26.245676],[120.002905,26.245584],[120.003465,26.246042],[120.003593,26.247355],[120.005041,26.247077],[120.006485,26.250745],[120.004499,26.250657]]],[[[120.006863,26.250825],[120.007199,26.251465],[120.006753,26.251644],[120.006573,26.25113],[120.006863,26.250825]]],[[[120.20236,26.251714],[120.202548,26.251643],[120.202566,26.251728],[120.20236,26.251714]]],[[[120.007049,26.251736],[120.007119,26.251863],[120.006954,26.251687],[120.007049,26.251736]]],[[[120.007308,26.251917],[120.007307,26.251938],[120.007196,26.251898],[120.007308,26.251917]]],[[[120.009902,26.255146],[120.010158,26.255526],[120.009445,26.25543],[120.008971,26.254976],[120.008561,26.253918],[120.008673,26.252987],[120.007545,26.251925],[120.009213,26.251829],[120.009905,26.252622],[120.010611,26.25255],[120.010812,26.252233],[120.012852,26.252739],[120.013651,26.252467],[120.014052,26.253135],[120.013705,26.2532],[120.015039,26.254052],[120.014251,26.254228],[120.014302,26.254665],[120.013822,26.254769],[120.011833,26.254533],[120.011084,26.253959],[120.011153,26.254732],[120.009902,26.255146]]],[[[120.009674,26.255769],[120.009506,26.255782],[120.009465,26.255607],[120.009674,26.255769]]],[[[119.992741,26.255848],[119.992934,26.256062],[119.992854,26.256277],[119.992463,26.256131],[119.992741,26.255848]]],[[[119.993339,26.256363],[119.993295,26.256479],[119.993045,26.256222],[119.993339,26.256363]]],[[[119.993459,26.256794],[119.993456,26.256902],[119.993243,26.256825],[119.993459,26.256794]]],[[[119.993249,26.256936],[119.993242,26.257036],[119.993041,26.256975],[119.993249,26.256936]]],[[[119.99302,26.257123],[119.993316,26.257397],[119.993169,26.257544],[119.992725,26.257345],[119.99302,26.257123]]],[[[119.992826,26.258512],[119.99228,26.258663],[119.991324,26.258347],[119.99246,26.2577],[119.992826,26.258512]]],[[[119.97705,26.272342],[119.977086,26.27325],[119.976771,26.273414],[119.976378,26.272621],[119.975598,26.272243],[119.975772,26.272108],[119.97705,26.272342]]],[[[119.992022,26.279526],[119.9917,26.279468],[119.991813,26.279308],[119.992022,26.279526]]],[[[119.998897,26.280454],[119.999576,26.281304],[119.998728,26.281154],[119.998554,26.280615],[119.998897,26.280454]]],[[[119.997971,26.281468],[119.998473,26.281604],[119.998913,26.281837],[119.997887,26.281725],[119.997971,26.281468]]],[[[119.999398,26.282519],[119.999639,26.28301],[119.998305,26.282821],[119.998048,26.282232],[119.999398,26.282519]]],[[[119.991333,26.282289],[119.992292,26.283056],[119.992072,26.283391],[119.991483,26.283116],[119.991333,26.282289]]],[[[119.990894,26.282337],[119.991151,26.282951],[119.990921,26.283488],[119.989895,26.282108],[119.990894,26.282337]]],[[[119.989615,26.28187],[119.989589,26.283089],[119.988825,26.283705],[119.986832,26.283009],[119.986182,26.282336],[119.986777,26.280089],[119.986325,26.279818],[119.985916,26.280136],[119.98544,26.279935],[119.985387,26.280191],[119.984691,26.279539],[119.984356,26.280377],[119.983201,26.280469],[119.983021,26.280154],[119.983892,26.279374],[119.981587,26.278321],[119.981534,26.277966],[119.982966,26.277184],[119.984133,26.276997],[119.984385,26.276566],[119.984099,26.276246],[119.984448,26.275824],[119.983806,26.275436],[119.984059,26.274823],[119.982748,26.273352],[119.982062,26.273569],[119.981191,26.27335],[119.980213,26.272452],[119.979132,26.272493],[119.978397,26.272056],[119.978861,26.271638],[119.979954,26.271455],[119.978818,26.269627],[119.980044,26.268556],[119.980778,26.268508],[119.980708,26.267101],[119.981262,26.266539],[119.982465,26.266644],[119.982492,26.266388],[119.983239,26.26638],[119.984879,26.267114],[119.985232,26.266662],[119.985888,26.26653],[119.986953,26.267461],[119.987921,26.267145],[119.987813,26.268169],[119.989327,26.268589],[119.990359,26.269693],[119.990234,26.270672],[119.988742,26.271054],[119.989227,26.271957],[119.98868,26.272455],[119.988659,26.272934],[119.989819,26.273198],[119.990424,26.273638],[119.990454,26.274066],[119.992055,26.274741],[119.992312,26.275688],[119.991354,26.277006],[119.989278,26.276937],[119.989417,26.27729],[119.990348,26.277414],[119.990611,26.277889],[119.99035,26.27801],[119.991445,26.278708],[119.991181,26.278994],[119.990333,26.278916],[119.989027,26.278006],[119.988793,26.278159],[119.988645,26.27985],[119.989238,26.280042],[119.989811,26.281066],[119.989874,26.28084],[119.990356,26.281135],[119.990579,26.2819],[119.989615,26.28187]]],[[[119.986688,26.28331],[119.986854,26.283703],[119.986628,26.283867],[119.986523,26.283753],[119.986688,26.28331]]],[[[119.990357,26.283446],[119.990684,26.284255],[119.990317,26.284477],[119.98988,26.284031],[119.990357,26.283446]]],[[[119.986362,26.284446],[119.986688,26.284741],[119.986966,26.285164],[119.986336,26.285017],[119.986362,26.284446]]],[[[120.008583,26.298572],[120.008028,26.298041],[120.008122,26.297826],[120.008511,26.298018],[120.008583,26.298572]]],[[[120.21371,26.334864],[120.213695,26.335196],[120.213198,26.33513],[120.213313,26.334947],[120.21371,26.334864]]],[[[120.21619,26.33451],[120.216382,26.334645],[120.216089,26.335242],[120.215896,26.334941],[120.21619,26.33451]]],[[[120.21403,26.334753],[120.214708,26.335122],[120.214525,26.335572],[120.214239,26.335499],[120.21403,26.334753]]],[[[120.217267,26.335861],[120.21712,26.336107],[120.216611,26.33605],[120.216776,26.335719],[120.217267,26.335861]]],[[[120.224198,26.339336],[120.223978,26.339498],[120.223892,26.339343],[120.224198,26.339336]]],[[[120.227606,26.343507],[120.227163,26.343762],[120.227113,26.343371],[120.227606,26.343507]]],[[[120.227616,26.343758],[120.227797,26.344145],[120.227317,26.344486],[120.227125,26.343855],[120.227616,26.343758]]],[[[120.229837,26.345467],[120.229626,26.346889],[120.228932,26.347368],[120.226464,26.345458],[120.22421,26.344324],[120.222085,26.341251],[120.220342,26.341827],[120.219423,26.33859],[120.218942,26.338558],[120.218119,26.337602],[120.218072,26.335709],[120.218384,26.336056],[120.218955,26.335558],[120.21927,26.336221],[120.220432,26.336325],[120.220185,26.336828],[120.220791,26.337333],[120.220676,26.338426],[120.221567,26.338368],[120.221514,26.338931],[120.223113,26.338531],[120.222933,26.339181],[120.22359,26.339094],[120.223461,26.339526],[120.224302,26.340085],[120.225744,26.34243],[120.225981,26.342621],[120.226225,26.342305],[120.226697,26.342596],[120.226383,26.343623],[120.227071,26.344006],[120.227446,26.344828],[120.227542,26.344454],[120.228225,26.344292],[120.229837,26.345467]]],[[[120.48205,26.352528],[120.483685,26.354234],[120.483839,26.354932],[120.481821,26.35283],[120.48205,26.352528]]],[[[120.485971,26.35548],[120.485546,26.355991],[120.485217,26.355408],[120.485815,26.354968],[120.485971,26.35548]]],[[[120.486392,26.355895],[120.485849,26.356288],[120.485958,26.355874],[120.486392,26.355895]]],[[[120.493918,26.356407],[120.494338,26.356944],[120.494231,26.357169],[120.493707,26.356736],[120.493918,26.356407]]],[[[120.494999,26.358332],[120.494819,26.358403],[120.494854,26.358246],[120.494999,26.358332]]],[[[120.49543,26.359184],[120.495282,26.359451],[120.495168,26.359151],[120.49543,26.359184]]],[[[120.511747,26.364724],[120.511445,26.364947],[120.511138,26.364675],[120.511747,26.364724]]],[[[120.500669,26.376204],[120.500639,26.376409],[120.50046,26.37614],[120.500669,26.376204]]],[[[120.501118,26.377569],[120.500938,26.377667],[120.500908,26.377533],[120.501118,26.377569]]],[[[120.501029,26.378019],[120.500882,26.378199],[120.500603,26.378056],[120.501029,26.378019]]],[[[120.483835,26.378418],[120.484189,26.378793],[120.484179,26.378973],[120.483373,26.378599],[120.483835,26.378418]]],[[[120.483116,26.379072],[120.483047,26.379114],[120.482996,26.379053],[120.483116,26.379072]]],[[[120.483332,26.379283],[120.483258,26.379318],[120.483216,26.37925],[120.483332,26.379283]]],[[[120.484227,26.379425],[120.484174,26.379766],[120.483598,26.379352],[120.484227,26.379425]]],[[[120.480858,26.381568],[120.480781,26.381604],[120.480742,26.381535],[120.480858,26.381568]]],[[[120.481444,26.381713],[120.4814,26.381772],[120.481309,26.381693],[120.481444,26.381713]]],[[[120.480663,26.381994],[120.480664,26.382072],[120.480539,26.381956],[120.480663,26.381994]]],[[[120.480499,26.382073],[120.480435,26.382108],[120.480391,26.382051],[120.480499,26.382073]]],[[[120.481649,26.382223],[120.481599,26.382337],[120.481364,26.382186],[120.481649,26.382223]]],[[[120.480559,26.382267],[120.48049,26.38235],[120.480425,26.382236],[120.480559,26.382267]]],[[[120.082627,26.382296],[120.082924,26.382176],[120.082963,26.382344],[120.082627,26.382296]]],[[[120.082344,26.382974],[120.08188,26.382688],[120.08208,26.382091],[120.08248,26.382199],[120.082344,26.382974]]],[[[120.47443,26.383616],[120.474365,26.383683],[120.474301,26.383572],[120.47443,26.383616]]],[[[120.480726,26.38377],[120.480692,26.383844],[120.480501,26.38375],[120.480726,26.38377]]],[[[120.474177,26.383752],[120.474007,26.383941],[120.47378,26.383571],[120.474177,26.383752]]],[[[120.479599,26.382996],[120.480222,26.383398],[120.480019,26.383939],[120.478681,26.383091],[120.47758,26.3818],[120.477081,26.382003],[120.477235,26.382534],[120.476798,26.383474],[120.476019,26.383683],[120.475162,26.382989],[120.474851,26.383487],[120.474047,26.383375],[120.473778,26.382587],[120.474645,26.381874],[120.474353,26.380708],[120.474686,26.379649],[120.47308,26.378444],[120.472095,26.378849],[120.471792,26.378154],[120.471191,26.378506],[120.471115,26.378165],[120.470651,26.378371],[120.470315,26.377735],[120.469851,26.377712],[120.46926,26.37712],[120.469292,26.376509],[120.469652,26.376461],[120.470565,26.374452],[120.469263,26.372459],[120.469317,26.371971],[120.469642,26.371877],[120.46935,26.371228],[120.469753,26.37118],[120.470017,26.371876],[120.470102,26.371089],[120.470358,26.37108],[120.471026,26.372387],[120.471311,26.372558],[120.471674,26.37227],[120.47263,26.373662],[120.472626,26.374568],[120.473139,26.374978],[120.473346,26.375923],[120.473687,26.376235],[120.473891,26.376014],[120.473979,26.376979],[120.475358,26.377003],[120.476547,26.37904],[120.476928,26.379091],[120.477486,26.377906],[120.476693,26.374954],[120.476962,26.374028],[120.477789,26.37393],[120.47727,26.369617],[120.477373,26.368851],[120.47782,26.368829],[120.477716,26.367561],[120.477916,26.368111],[120.478176,26.367858],[120.479681,26.36912],[120.48103,26.370792],[120.483598,26.369803],[120.484456,26.369814],[120.485356,26.368925],[120.485406,26.365472],[120.483043,26.364463],[120.482059,26.36499],[120.483803,26.36325],[120.483223,26.360559],[120.481698,26.359465],[120.481565,26.358423],[120.482024,26.358701],[120.482311,26.357837],[120.48278,26.357913],[120.483199,26.357408],[120.48402,26.357184],[120.484225,26.355799],[120.485187,26.355915],[120.485589,26.356575],[120.485554,26.357895],[120.485144,26.358057],[120.485094,26.358465],[120.485345,26.358714],[120.486067,26.358529],[120.485621,26.359076],[120.486156,26.359786],[120.48678,26.359332],[120.487743,26.359633],[120.487995,26.359271],[120.488383,26.359362],[120.488641,26.359048],[120.488048,26.357882],[120.488572,26.357356],[120.489397,26.3577],[120.489671,26.358219],[120.490235,26.357997],[120.490797,26.358489],[120.491161,26.358148],[120.492417,26.359239],[120.492986,26.359315],[120.492979,26.358543],[120.493561,26.358536],[120.493143,26.357332],[120.493493,26.356885],[120.494624,26.358096],[120.49463,26.358826],[120.495346,26.360127],[120.496164,26.360324],[120.49616,26.361158],[120.496746,26.36111],[120.498612,26.361897],[120.498473,26.362553],[120.498812,26.363075],[120.499955,26.363645],[120.500553,26.364437],[120.501029,26.366002],[120.500679,26.366839],[120.501341,26.36869],[120.502951,26.368803],[120.503953,26.367186],[120.504009,26.366127],[120.504566,26.366117],[120.5042,26.365566],[120.505198,26.365693],[120.506473,26.367049],[120.507255,26.365768],[120.508925,26.364788],[120.510195,26.36463],[120.511311,26.365222],[120.511434,26.366163],[120.510813,26.366987],[120.511104,26.368311],[120.510214,26.368359],[120.50917,26.369362],[120.508267,26.369435],[120.508188,26.370753],[120.507748,26.370719],[120.507292,26.372221],[120.506638,26.37296],[120.505891,26.373059],[120.5057,26.371826],[120.504982,26.372162],[120.503932,26.371726],[120.503465,26.371319],[120.503556,26.370793],[120.50308,26.371421],[120.502568,26.371043],[120.502457,26.372116],[120.501413,26.37229],[120.501285,26.37317],[120.500237,26.373169],[120.499281,26.372467],[120.498672,26.372652],[120.498527,26.373605],[120.499172,26.374056],[120.500488,26.376642],[120.500542,26.377547],[120.499701,26.378442],[120.498589,26.377936],[120.497288,26.378631],[120.495889,26.37863],[120.494206,26.377791],[120.492285,26.375031],[120.492454,26.372961],[120.492299,26.370975],[120.491996,26.370643],[120.491441,26.370559],[120.490348,26.371306],[120.488943,26.370627],[120.488517,26.371407],[120.487814,26.371832],[120.487435,26.370818],[120.485522,26.369744],[120.484855,26.369987],[120.484661,26.370503],[120.484371,26.370372],[120.48437,26.371052],[120.483958,26.371095],[120.483507,26.37052],[120.481521,26.371225],[120.482233,26.372755],[120.481936,26.374275],[120.482674,26.376222],[120.483456,26.377185],[120.482558,26.379085],[120.482716,26.379565],[120.482285,26.380723],[120.480445,26.380839],[120.479798,26.382185],[120.480283,26.382564],[120.479661,26.382597],[120.479575,26.382827],[120.480042,26.382921],[120.479599,26.382996]]],[[[120.086155,26.385156],[120.084097,26.384965],[120.08291,26.384326],[120.0853,26.384089],[120.086185,26.384345],[120.086155,26.385156]]],[[[120.086037,26.385252],[120.085931,26.385275],[120.085935,26.385188],[120.086037,26.385252]]]]}},{"type":"Feature","id":"09020","properties":{"CountyID":"W","CountyCode":"09020","NameZh":"金門縣","NameEn":"Kinmen County"},"geometry":{"type":"MultiPolygon","coordinates":[[[[118.233816,24.162771],[118.233313,24.163328],[118.232888,24.163184],[118.232939,24.162096],[118.232541,24.161855],[118.232433,24.160768],[118.233202,24.160355],[118.234555,24.160255],[118.235063,24.162575],[118.233816,24.162771]]],[[[118.138932,24.374709],[118.1388,24.374985],[118.138186,24.375001],[118.13798,24.374599],[118.138932,24.374709]]],[[[118.141737,24.378706],[118.141561,24.377799],[118.141846,24.377544],[118.142612,24.37763],[118.142684,24.378231],[118.141737,24.378706]]],[[[118.145567,24.378926],[118.143682,24.378496],[118.144529,24.377046],[118.144712,24.375477],[118.145137,24.375886],[118.145165,24.376514],[118.144795,24.377407],[118.145724,24.377719],[118.145567,24.378926]]],[[[118.163263,24.381317],[118.158263,24.382184],[118.157184,24.38273],[118.155727,24.382871],[118.154335,24.383736],[118.15346,24.383749],[118.151366,24.382328],[118.153029,24.380203],[118.154631,24.379214],[118.154987,24.378315],[118.156852,24.377202],[118.157183,24.37797],[118.159706,24.378104],[118.163263,24.381317]]],[[[118.339385,24.390518],[118.338956,24.38992],[118.33896,24.389304],[118.339745,24.389969],[118.339385,24.390518]]],[[[118.16101,24.395603],[118.159832,24.394943],[118.159219,24.393236],[118.159418,24.39246],[118.160967,24.391497],[118.161764,24.389988],[118.162044,24.387664],[118.161826,24.387329],[118.163781,24.386867],[118.165771,24.386839],[118.16668,24.385691],[118.16899,24.384209],[118.171074,24.38505],[118.172794,24.386331],[118.173312,24.387193],[118.17256,24.388218],[118.171913,24.387599],[118.170992,24.389617],[118.169541,24.390121],[118.166481,24.389608],[118.165216,24.390109],[118.163632,24.393755],[118.164227,24.394399],[118.164215,24.395244],[118.163252,24.394799],[118.16101,24.395603]]],[[[118.194303,24.39716],[118.194281,24.398013],[118.193692,24.398134],[118.191591,24.397457],[118.191489,24.397002],[118.192096,24.396261],[118.193457,24.39624],[118.193764,24.395336],[118.194322,24.395317],[118.194841,24.395392],[118.195129,24.395825],[118.194702,24.396215],[118.194148,24.396205],[118.194223,24.396514],[118.193823,24.396749],[118.194303,24.39716]]],[[[118.228629,24.404537],[118.228373,24.404258],[118.229045,24.402889],[118.229745,24.402693],[118.231598,24.403075],[118.230466,24.404628],[118.228629,24.404537]]],[[[118.438253,24.407204],[118.437968,24.407268],[118.438018,24.407097],[118.438253,24.407204]]],[[[118.438479,24.40766],[118.438164,24.407891],[118.438279,24.40739],[118.438479,24.40766]]],[[[118.439301,24.408369],[118.438975,24.408264],[118.439054,24.40808],[118.439293,24.408093],[118.439301,24.408369]]],[[[118.438669,24.408598],[118.438518,24.408446],[118.43889,24.408286],[118.438669,24.408598]]],[[[118.438985,24.408705],[118.438818,24.408732],[118.438814,24.408667],[118.438985,24.408705]]],[[[118.437979,24.408819],[118.437808,24.408788],[118.437924,24.408639],[118.437979,24.408819]]],[[[118.346024,24.408046],[118.346358,24.408725],[118.345662,24.408954],[118.345386,24.40838],[118.346024,24.408046]]],[[[118.437545,24.409093],[118.437455,24.408851],[118.437597,24.40887],[118.437545,24.409093]]],[[[118.346671,24.408981],[118.346594,24.409128],[118.34633,24.409023],[118.346671,24.408981]]],[[[118.439223,24.409703],[118.439028,24.409705],[118.439019,24.409556],[118.439223,24.409703]]],[[[118.440009,24.409822],[118.439289,24.409576],[118.439785,24.40911],[118.440009,24.409822]]],[[[118.440113,24.410667],[118.439983,24.410619],[118.440088,24.410451],[118.440113,24.410667]]],[[[118.447196,24.412398],[118.446999,24.412492],[118.446904,24.412255],[118.447196,24.412398]]],[[[118.44689,24.412945],[118.447178,24.41303],[118.447043,24.413159],[118.44689,24.412945]]],[[[118.448088,24.413638],[118.447694,24.413697],[118.447686,24.413507],[118.448088,24.413638]]],[[[118.456924,24.414618],[118.456116,24.414235],[118.45617,24.412807],[118.456945,24.412806],[118.457325,24.413387],[118.457399,24.412504],[118.459238,24.412689],[118.459297,24.413542],[118.458807,24.414094],[118.456924,24.414618]]],[[[118.45784,24.415373],[118.458466,24.415952],[118.458425,24.416249],[118.457405,24.41571],[118.45784,24.415373]]],[[[118.460135,24.415787],[118.460621,24.416699],[118.459942,24.417067],[118.45937,24.416925],[118.458883,24.415608],[118.460135,24.415787]]],[[[118.505554,24.428167],[118.50375,24.428244],[118.503879,24.42629],[118.505658,24.426672],[118.505977,24.427322],[118.505554,24.428167]]],[[[118.199629,24.437151],[118.199236,24.437515],[118.198746,24.437601],[118.197917,24.437136],[118.198438,24.436734],[118.198266,24.436411],[118.199629,24.437151]]],[[[118.212906,24.451934],[118.212669,24.452067],[118.21085,24.45159],[118.211625,24.451366],[118.212906,24.451934]]],[[[118.210549,24.45424],[118.20986,24.454395],[118.208751,24.453441],[118.20921,24.453312],[118.208943,24.452768],[118.209434,24.452628],[118.209761,24.453027],[118.210496,24.453099],[118.210549,24.45424]]],[[[118.227067,24.455458],[118.227626,24.455821],[118.22675,24.456035],[118.225909,24.455757],[118.226042,24.455652],[118.227067,24.455458]]],[[[118.24886,24.45636],[118.245939,24.456183],[118.244419,24.455746],[118.243425,24.455011],[118.241373,24.456054],[118.238334,24.455251],[118.235443,24.453769],[118.233372,24.453678],[118.230532,24.452051],[118.227304,24.44787],[118.226534,24.44631],[118.226482,24.44479],[118.224221,24.439725],[118.22385,24.436615],[118.221046,24.432476],[118.219462,24.431387],[118.216806,24.428066],[118.216563,24.426234],[118.217329,24.42446],[118.217372,24.420764],[118.216474,24.419399],[118.216374,24.418217],[118.215514,24.416031],[118.214566,24.414836],[118.21465,24.413579],[118.216374,24.413069],[118.21564,24.412405],[118.213866,24.411848],[118.21279,24.412184],[118.212774,24.412556],[118.212099,24.412801],[118.211568,24.41248],[118.212285,24.411005],[118.212847,24.411029],[118.213551,24.410345],[118.213198,24.410144],[118.21352,24.409771],[118.215201,24.409604],[118.215345,24.409335],[118.216592,24.409724],[118.218908,24.409574],[118.222089,24.40879],[118.223526,24.407799],[118.223679,24.406409],[118.224895,24.40516],[118.225966,24.405046],[118.227514,24.407841],[118.229261,24.408278],[118.232291,24.412748],[118.233176,24.413314],[118.235436,24.414308],[118.237752,24.414859],[118.240549,24.414652],[118.241833,24.413852],[118.24111,24.413076],[118.241357,24.412748],[118.241013,24.411993],[118.241491,24.411258],[118.243635,24.413348],[118.245351,24.413635],[118.245601,24.414122],[118.246648,24.414593],[118.247492,24.415938],[118.248665,24.41656],[118.250046,24.418256],[118.248713,24.419409],[118.249917,24.421591],[118.252099,24.423493],[118.254643,24.424882],[118.256133,24.425341],[118.258452,24.425078],[118.25816,24.423432],[118.258889,24.422956],[118.258315,24.423488],[118.25856,24.424664],[118.259744,24.424481],[118.260535,24.423092],[118.259163,24.422293],[118.259296,24.422119],[118.260305,24.422657],[118.262133,24.422223],[118.26308,24.422532],[118.262923,24.423522],[118.262656,24.423545],[118.263081,24.424495],[118.265079,24.425365],[118.264983,24.426019],[118.266319,24.428126],[118.265729,24.429293],[118.265823,24.430137],[118.26605,24.431004],[118.266808,24.431911],[118.267293,24.433909],[118.266377,24.43467],[118.269664,24.43762],[118.269834,24.438245],[118.268187,24.439693],[118.268749,24.441569],[118.268503,24.442708],[118.269223,24.444485],[118.269169,24.445983],[118.265786,24.446779],[118.263688,24.448208],[118.262171,24.449534],[118.26005,24.452751],[118.258055,24.454034],[118.255288,24.455184],[118.250124,24.455763],[118.24886,24.45636]]],[[[118.232211,24.457775],[118.231837,24.457705],[118.231915,24.457631],[118.232211,24.457775]]],[[[118.277686,24.45381],[118.27479,24.456724],[118.272716,24.458032],[118.272053,24.458041],[118.271245,24.457352],[118.269203,24.454242],[118.268828,24.452484],[118.272398,24.453352],[118.273424,24.45283],[118.27636,24.452282],[118.277678,24.453351],[118.277686,24.45381]]],[[[118.242048,24.460022],[118.24241,24.460197],[118.24242,24.460274],[118.242029,24.460319],[118.242048,24.460022]]],[[[118.397054,24.522037],[118.396966,24.521889],[118.397186,24.521916],[118.397054,24.522037]]],[[[118.397375,24.522734],[118.396621,24.523389],[118.396201,24.522921],[118.396935,24.522336],[118.397375,24.522734]]],[[[118.396668,24.524127],[118.397003,24.524484],[118.396796,24.524918],[118.39628,24.524605],[118.396668,24.524127]]],[[[118.438919,24.52524],[118.438309,24.524689],[118.436591,24.524063],[118.434855,24.522836],[118.434713,24.522339],[118.435756,24.521968],[118.438089,24.523297],[118.439076,24.523445],[118.439342,24.523694],[118.439035,24.523895],[118.438919,24.52524]]],[[[118.41131,24.532144],[118.409271,24.533983],[118.407311,24.534228],[118.40593,24.532606],[118.405704,24.531765],[118.406228,24.531347],[118.40737,24.531452],[118.407666,24.530072],[118.406681,24.528348],[118.405605,24.52747],[118.40377,24.527231],[118.402634,24.527561],[118.402139,24.528075],[118.400051,24.528604],[118.397707,24.528106],[118.396592,24.52648],[118.396526,24.525733],[118.398279,24.525805],[118.399653,24.525448],[118.400277,24.524715],[118.400766,24.522223],[118.39947,24.520962],[118.396846,24.51955],[118.394319,24.516233],[118.393912,24.514187],[118.392037,24.511607],[118.388611,24.509893],[118.385792,24.509497],[118.384452,24.508768],[118.384043,24.508098],[118.383739,24.502695],[118.384715,24.499254],[118.385707,24.493592],[118.384808,24.492228],[118.380731,24.491247],[118.380166,24.487658],[118.37906,24.485043],[118.369694,24.477327],[118.364652,24.472642],[118.363123,24.471673],[118.356638,24.471015],[118.350439,24.471656],[118.3465,24.474101],[118.345524,24.474405],[118.34367,24.474648],[118.341409,24.474341],[118.338687,24.474983],[118.33629,24.47603],[118.331353,24.479044],[118.326989,24.48304],[118.324282,24.487713],[118.320392,24.491485],[118.318165,24.493157],[118.312872,24.495524],[118.310466,24.496016],[118.307487,24.495774],[118.302826,24.494728],[118.299783,24.493684],[118.296541,24.49187],[118.294542,24.491343],[118.29274,24.48992],[118.292,24.488554],[118.289701,24.485978],[118.286556,24.4789],[118.285994,24.477073],[118.286222,24.474825],[118.289104,24.470894],[118.288455,24.470671],[118.288464,24.46992],[118.291166,24.468175],[118.29535,24.462359],[118.295923,24.460559],[118.295554,24.456],[118.296448,24.453983],[118.299437,24.45126],[118.30219,24.446198],[118.302923,24.442493],[118.302961,24.438483],[118.302207,24.436247],[118.29845,24.429586],[118.292077,24.421438],[118.290918,24.418846],[118.288172,24.418063],[118.283176,24.417577],[118.280964,24.417028],[118.280395,24.416335],[118.280855,24.415936],[118.280859,24.415196],[118.279441,24.41477],[118.27889,24.415132],[118.278468,24.414833],[118.278116,24.414405],[118.278362,24.414428],[118.278379,24.413962],[118.277992,24.413048],[118.280287,24.41149],[118.280489,24.41197],[118.28067,24.411579],[118.280254,24.410913],[118.280605,24.410508],[118.281304,24.410441],[118.284384,24.40864],[118.28482,24.40765],[118.286214,24.407171],[118.286705,24.406443],[118.289688,24.405143],[118.290841,24.404146],[118.291276,24.40331],[118.290642,24.401987],[118.292846,24.401158],[118.293055,24.400626],[118.295609,24.399158],[118.29545,24.398403],[118.296135,24.398059],[118.296477,24.397354],[118.295721,24.396258],[118.296317,24.396435],[118.295935,24.395708],[118.296708,24.395867],[118.297006,24.395404],[118.297593,24.395843],[118.301459,24.396274],[118.304863,24.395807],[118.305528,24.395365],[118.305206,24.394706],[118.306293,24.394442],[118.306092,24.393846],[118.306356,24.393235],[118.307407,24.392941],[118.307556,24.392173],[118.30872,24.391872],[118.308808,24.390872],[118.309423,24.391126],[118.309224,24.390227],[118.310916,24.389788],[118.312668,24.390448],[118.313081,24.390068],[118.313239,24.390355],[118.313582,24.390192],[118.313819,24.38979],[118.314447,24.389979],[118.314633,24.389557],[118.315138,24.39004],[118.316073,24.389328],[118.316599,24.388112],[118.318236,24.388416],[118.319165,24.387641],[118.319808,24.386905],[118.319556,24.386315],[118.319826,24.386331],[118.31996,24.38576],[118.320037,24.386106],[118.320164,24.385771],[118.320879,24.385934],[118.321022,24.385633],[118.321629,24.385914],[118.322234,24.385575],[118.322922,24.3864],[118.322911,24.385794],[118.323312,24.3857],[118.323826,24.386855],[118.325008,24.388037],[118.326035,24.387899],[118.326109,24.387255],[118.326861,24.387654],[118.326887,24.387161],[118.327351,24.387361],[118.327238,24.387061],[118.327584,24.386971],[118.327933,24.38732],[118.327748,24.387572],[118.328759,24.388414],[118.3293,24.388216],[118.329244,24.387757],[118.33019,24.388419],[118.330601,24.388307],[118.330816,24.389325],[118.331257,24.389683],[118.334238,24.391087],[118.336464,24.397216],[118.337496,24.401816],[118.338709,24.404529],[118.341235,24.408756],[118.342408,24.409902],[118.345089,24.411566],[118.34604,24.412929],[118.34614,24.414112],[118.347719,24.414959],[118.348284,24.418374],[118.349763,24.419457],[118.350361,24.420551],[118.350953,24.421002],[118.352765,24.421388],[118.353908,24.423015],[118.357224,24.424998],[118.37033,24.430956],[118.374618,24.432478],[118.375008,24.432343],[118.386676,24.43526],[118.387158,24.435263],[118.387109,24.43498],[118.387967,24.434482],[118.390575,24.435398],[118.390986,24.435102],[118.392357,24.435233],[118.39504,24.43587],[118.396018,24.435119],[118.397164,24.434834],[118.397506,24.435221],[118.3993,24.435508],[118.400112,24.435458],[118.400253,24.435125],[118.402612,24.434981],[118.403209,24.43451],[118.403242,24.433576],[118.404399,24.433702],[118.40629,24.432531],[118.408215,24.432179],[118.407992,24.431992],[118.408534,24.431855],[118.40901,24.430373],[118.409016,24.42869],[118.409859,24.431802],[118.410981,24.431422],[118.410646,24.430589],[118.410124,24.430484],[118.410715,24.429805],[118.410402,24.429356],[118.410606,24.429197],[118.409133,24.427938],[118.409218,24.42757],[118.410511,24.428563],[118.412639,24.428528],[118.413693,24.427155],[118.415097,24.427508],[118.418184,24.427024],[118.425287,24.424875],[118.427465,24.423891],[118.431329,24.420097],[118.432547,24.418117],[118.433017,24.416473],[118.431667,24.415115],[118.430829,24.412663],[118.430322,24.412373],[118.427713,24.412178],[118.425596,24.410956],[118.425845,24.410742],[118.427951,24.411995],[118.430206,24.41224],[118.429092,24.410368],[118.430989,24.409521],[118.432306,24.409788],[118.430033,24.40857],[118.427782,24.408595],[118.427516,24.408362],[118.426246,24.409331],[118.427201,24.408182],[118.426982,24.407352],[118.426941,24.407658],[118.426787,24.407153],[118.426135,24.40705],[118.426201,24.40678],[118.427347,24.407025],[118.427621,24.406753],[118.429345,24.407289],[118.430446,24.407114],[118.430529,24.406809],[118.431526,24.407407],[118.430852,24.407739],[118.431657,24.408043],[118.432491,24.407476],[118.434997,24.407708],[118.43582,24.408079],[118.435776,24.408841],[118.436723,24.40906],[118.43754,24.41015],[118.441016,24.411225],[118.442364,24.410971],[118.442725,24.411245],[118.443101,24.410728],[118.443874,24.411254],[118.443848,24.411575],[118.444712,24.411551],[118.445012,24.412585],[118.445771,24.412123],[118.44612,24.412641],[118.446794,24.412397],[118.445816,24.413272],[118.445873,24.413859],[118.446408,24.414404],[118.447079,24.414366],[118.447105,24.413948],[118.447498,24.413934],[118.447714,24.414272],[118.44729,24.414538],[118.448364,24.415501],[118.448757,24.415375],[118.448702,24.415588],[118.449702,24.415949],[118.450257,24.41536],[118.453025,24.415378],[118.45282,24.416556],[118.45436,24.417204],[118.454728,24.417128],[118.455019,24.416341],[118.455398,24.41749],[118.456041,24.417788],[118.455379,24.419393],[118.456752,24.420392],[118.457051,24.422369],[118.457743,24.42405],[118.457029,24.425217],[118.457323,24.426015],[118.45858,24.42598],[118.459927,24.424577],[118.459877,24.424096],[118.460535,24.423675],[118.46056,24.42447],[118.461878,24.425156],[118.462258,24.425824],[118.461938,24.425971],[118.462339,24.426188],[118.462444,24.427233],[118.463056,24.426809],[118.463665,24.427348],[118.464072,24.427299],[118.464037,24.427597],[118.465286,24.428707],[118.465092,24.429496],[118.464547,24.429775],[118.464022,24.429139],[118.464168,24.429655],[118.463855,24.429677],[118.466076,24.430382],[118.466509,24.430907],[118.466521,24.431583],[118.465099,24.432231],[118.463819,24.433457],[118.463436,24.434356],[118.463462,24.435853],[118.462127,24.435412],[118.460497,24.43628],[118.461038,24.438146],[118.461544,24.438476],[118.462853,24.438038],[118.463185,24.438646],[118.462439,24.439574],[118.462649,24.440172],[118.464065,24.441354],[118.466192,24.44199],[118.467524,24.44194],[118.468341,24.441524],[118.468099,24.440501],[118.46871,24.440493],[118.468191,24.440387],[118.468205,24.440123],[118.468986,24.440325],[118.469491,24.43975],[118.470326,24.439985],[118.470615,24.439752],[118.470633,24.440221],[118.469744,24.440096],[118.471082,24.440518],[118.471225,24.441279],[118.470626,24.441142],[118.471095,24.44159],[118.471443,24.4418],[118.471506,24.441429],[118.472303,24.441225],[118.472672,24.441513],[118.472161,24.442283],[118.472831,24.442903],[118.472284,24.443055],[118.473778,24.444934],[118.474147,24.446353],[118.474202,24.449564],[118.475377,24.450031],[118.477465,24.449519],[118.478167,24.450258],[118.477337,24.451404],[118.476732,24.451678],[118.476202,24.453279],[118.473155,24.453563],[118.472061,24.454786],[118.470344,24.45522],[118.468978,24.45763],[118.466172,24.461146],[118.464028,24.467694],[118.464112,24.471097],[118.463223,24.474997],[118.463434,24.47659],[118.464346,24.476471],[118.465097,24.477043],[118.46497,24.477385],[118.465433,24.477737],[118.465165,24.477876],[118.465292,24.478279],[118.466197,24.479223],[118.467678,24.479546],[118.468993,24.480445],[118.468519,24.482214],[118.469115,24.482954],[118.468942,24.48368],[118.465816,24.483989],[118.464618,24.483765],[118.461947,24.48426],[118.459613,24.485886],[118.458624,24.48701],[118.457725,24.488785],[118.455672,24.491324],[118.455113,24.492804],[118.455166,24.494348],[118.455802,24.49586],[118.454955,24.497561],[118.453438,24.498837],[118.451722,24.499392],[118.450742,24.501023],[118.449556,24.504659],[118.449953,24.507743],[118.450627,24.509906],[118.450115,24.510999],[118.448611,24.511478],[118.445878,24.511516],[118.439677,24.513556],[118.43566,24.51448],[118.434196,24.515779],[118.432703,24.518454],[118.431542,24.521945],[118.433412,24.522715],[118.433583,24.525006],[118.43167,24.524815],[118.429529,24.525278],[118.428983,24.525985],[118.429325,24.527381],[118.425813,24.528345],[118.42413,24.527668],[118.421749,24.529632],[118.419189,24.530439],[118.414456,24.528309],[118.413176,24.529303],[118.41313,24.52967],[118.410858,24.530557],[118.41131,24.532144]]],[[[119.474055,24.985979],[119.472717,24.987222],[119.470814,24.986403],[119.467816,24.98439],[119.46564,24.982409],[119.465361,24.981403],[119.465989,24.97995],[119.466552,24.979478],[119.472781,24.9776],[119.473629,24.977608],[119.476206,24.979378],[119.477566,24.980896],[119.47896,24.983946],[119.479213,24.984857],[119.478882,24.985881],[119.477497,24.986418],[119.475118,24.98575],[119.474055,24.985979]]],[[[119.458009,24.992354],[119.455801,24.994962],[119.450546,24.99735],[119.447512,24.998134],[119.444788,24.999614],[119.443447,24.998717],[119.443287,24.996683],[119.445448,24.99362],[119.44635,24.991549],[119.446682,24.988396],[119.447675,24.987497],[119.451201,24.987555],[119.45547,24.98554],[119.456879,24.985243],[119.457798,24.985993],[119.458365,24.987313],[119.458009,24.992354]]]]}},{"type":"Feature","id":"10002","properties":{"CountyID":"G","CountyCode":"10002","NameZh":"宜蘭縣","NameEn":"Yilan County"},"geometry":{"type":"MultiPolygon","coordinates":[[[[121.959718,24.844932],[121.959841,24.846958],[121.957189,24.850259],[121.953067,24.851418],[121.949484,24.85177],[121.947538,24.851246],[121.943337,24.844609],[121.941736,24.844291],[121.936745,24.846718],[121.935189,24.84716],[121.934921,24.846809],[121.935278,24.846411],[121.934419,24.846729],[121.934258,24.845565],[121.93604,24.843667],[121.938314,24.842348],[121.940228,24.838564],[121.941008,24.837805],[121.945729,24.835515],[121.948016,24.835335],[121.948991,24.835892],[121.950998,24.835846],[121.952704,24.836465],[121.954396,24.836233],[121.957068,24.836817],[121.96148,24.83528],[121.962939,24.835925],[121.965102,24.838987],[121.964948,24.840486],[121.96448,24.840914],[121.962819,24.841095],[121.960666,24.842641],[121.960334,24.843003],[121.960654,24.843705],[121.959718,24.844932]]],[[[121.959865,24.988409],[121.958088,24.987289],[121.956846,24.987988],[121.955253,24.988336],[121.953643,24.988321],[121.953061,24.987989],[121.952479,24.9883],[121.950385,24.988324],[121.947897,24.986663],[121.946335,24.98697],[121.945811,24.987789],[121.944641,24.988178],[121.943799,24.98783],[121.943015,24.986384],[121.941074,24.985645],[121.94042,24.984445],[121.939426,24.984475],[121.93872,24.984879],[121.93814,24.984435],[121.937492,24.983023],[121.935767,24.983403],[121.934455,24.983144],[121.93397,24.981319],[121.9335,24.980897],[121.930618,24.981034],[121.929041,24.980409],[121.928503,24.979648],[121.926774,24.980171],[121.926343,24.979677],[121.9243,24.979373],[121.922744,24.978601],[121.921659,24.978845],[121.920818,24.979718],[121.918987,24.978644],[121.918187,24.979026],[121.917324,24.978797],[121.916251,24.979473],[121.914817,24.979331],[121.914048,24.978644],[121.912415,24.978257],[121.910964,24.976931],[121.910327,24.974774],[121.908265,24.975863],[121.906542,24.975342],[121.906288,24.974334],[121.905424,24.973417],[121.904118,24.974661],[121.902828,24.974379],[121.900128,24.971556],[121.899449,24.970297],[121.899428,24.969344],[121.897204,24.967067],[121.89599,24.967029],[121.891816,24.965128],[121.889575,24.964761],[121.888566,24.963175],[121.885866,24.964203],[121.884399,24.964409],[121.882529,24.96417],[121.879469,24.962785],[121.877893,24.962723],[121.876057,24.961457],[121.874749,24.961712],[121.873136,24.961538],[121.871552,24.960719],[121.865758,24.962165],[121.863629,24.962134],[121.861674,24.963575],[121.860911,24.963655],[121.858595,24.963341],[121.854382,24.961593],[121.854017,24.959996],[121.853303,24.960016],[121.852566,24.959605],[121.851676,24.959974],[121.850363,24.961178],[121.848758,24.959997],[121.846863,24.960267],[121.845609,24.95932],[121.845187,24.957749],[121.843479,24.956899],[121.842968,24.95513],[121.841412,24.954264],[121.841265,24.952576],[121.841755,24.951125],[121.840683,24.947865],[121.839247,24.946425],[121.839421,24.945574],[121.839048,24.944636],[121.840048,24.941799],[121.84161,24.94088],[121.842443,24.93936],[121.845703,24.938394],[121.846736,24.937715],[121.847897,24.935305],[121.847935,24.933685],[121.849339,24.931314],[121.849145,24.930328],[121.850616,24.929432],[121.85165,24.929264],[121.852364,24.928506],[121.853868,24.927879],[121.853984,24.925916],[121.853706,24.925215],[121.852061,24.92369],[121.850848,24.923423],[121.849884,24.922154],[121.845598,24.919369],[121.845316,24.918034],[121.843738,24.915723],[121.842278,24.915149],[121.841571,24.914206],[121.839555,24.912659],[121.838029,24.910056],[121.8364,24.90835],[121.834575,24.906911],[121.833292,24.906644],[121.832706,24.905608],[121.83182,24.904908],[121.828097,24.90537],[121.827011,24.904544],[121.825515,24.905262],[121.822387,24.904549],[121.820781,24.903811],[121.819846,24.902923],[121.818381,24.90271],[121.816395,24.903676],[121.815378,24.904692],[121.811635,24.906519],[121.810458,24.905194],[121.810692,24.904574],[121.810476,24.903631],[121.808552,24.902927],[121.807732,24.903209],[121.807154,24.902609],[121.806145,24.902548],[121.805951,24.901894],[121.804623,24.901189],[121.804291,24.901692],[121.803369,24.901803],[121.802206,24.900995],[121.800052,24.901214],[121.79889,24.900865],[121.797596,24.901091],[121.797164,24.90162],[121.795184,24.899753],[121.791914,24.89981],[121.792063,24.897619],[121.793029,24.897055],[121.792938,24.896157],[121.790582,24.894587],[121.79001,24.893454],[121.788094,24.892756],[121.786859,24.892937],[121.785793,24.892494],[121.785583,24.890583],[121.784197,24.890246],[121.782986,24.890381],[121.781685,24.889466],[121.782301,24.8868],[121.78194,24.884585],[121.782253,24.883157],[121.7819,24.882337],[121.782407,24.88043],[121.782241,24.879184],[121.784278,24.877582],[121.784909,24.875819],[121.784622,24.874852],[121.785213,24.87419],[121.784296,24.873625],[121.783217,24.874216],[121.780824,24.872307],[121.777331,24.870763],[121.777237,24.869592],[121.775193,24.866723],[121.775733,24.86595],[121.775427,24.865083],[121.771152,24.864869],[121.769168,24.865918],[121.768488,24.865783],[121.7674,24.864956],[121.767843,24.863653],[121.76683,24.863257],[121.766098,24.86252],[121.765446,24.861068],[121.764379,24.859889],[121.763304,24.86005],[121.762789,24.861255],[121.761564,24.860152],[121.762111,24.85878],[121.761838,24.858117],[121.761049,24.857799],[121.760985,24.856701],[121.758673,24.856754],[121.757984,24.856437],[121.757028,24.856743],[121.754287,24.856409],[121.753583,24.85601],[121.753464,24.854982],[121.75133,24.85493],[121.75063,24.854474],[121.749232,24.855014],[121.74797,24.85495],[121.747355,24.853672],[121.745783,24.852853],[121.743494,24.852825],[121.742981,24.852463],[121.74199,24.852459],[121.738824,24.854612],[121.738427,24.855238],[121.736596,24.855696],[121.733073,24.855874],[121.730423,24.855245],[121.727164,24.853143],[121.726342,24.851785],[121.725211,24.850789],[121.721921,24.84985],[121.721287,24.849005],[121.720605,24.84875],[121.720638,24.848097],[121.719541,24.846555],[121.719736,24.845589],[121.718652,24.845654],[121.715591,24.84435],[121.715224,24.842914],[121.714267,24.841783],[121.711367,24.841464],[121.710694,24.840963],[121.708914,24.840544],[121.708364,24.839063],[121.707366,24.838808],[121.706761,24.837793],[121.701866,24.8344],[121.70026,24.834658],[121.699164,24.835577],[121.69816,24.834202],[121.696404,24.83462],[121.696711,24.833729],[121.696101,24.831973],[121.696413,24.831077],[121.696166,24.829894],[121.694338,24.829074],[121.692293,24.82728],[121.691051,24.827206],[121.688906,24.826202],[121.687644,24.824905],[121.687932,24.823972],[121.689755,24.822619],[121.690118,24.821492],[121.68895,24.819328],[121.68928,24.81717],[121.688309,24.816125],[121.68729,24.8162],[121.686198,24.817525],[121.683067,24.816911],[121.681241,24.817616],[121.680564,24.817407],[121.678901,24.815327],[121.677746,24.814778],[121.677156,24.814092],[121.675315,24.814699],[121.674283,24.814127],[121.672657,24.815141],[121.671005,24.816858],[121.66905,24.818009],[121.668632,24.81679],[121.667419,24.816306],[121.66577,24.814779],[121.664798,24.814415],[121.663016,24.812628],[121.661056,24.811934],[121.66069,24.810829],[121.660212,24.811106],[121.653115,24.811266],[121.65159,24.811815],[121.650519,24.812968],[121.649396,24.812522],[121.648673,24.812654],[121.647374,24.813952],[121.646212,24.810313],[121.645037,24.809289],[121.644149,24.809252],[121.642031,24.810439],[121.640044,24.810323],[121.638803,24.810725],[121.637226,24.809438],[121.630411,24.809019],[121.628664,24.80796],[121.625827,24.80878],[121.626414,24.805275],[121.625944,24.802843],[121.625108,24.802296],[121.624815,24.80161],[121.626013,24.796668],[121.625471,24.79506],[121.623457,24.794331],[121.621701,24.792748],[121.620961,24.792503],[121.616811,24.793888],[121.615556,24.793861],[121.613335,24.793198],[121.609637,24.793766],[121.607159,24.790396],[121.605644,24.789126],[121.602932,24.789439],[121.598891,24.787699],[121.593661,24.787297],[121.591983,24.787654],[121.593381,24.785025],[121.593259,24.782107],[121.594333,24.78105],[121.594396,24.778988],[121.597586,24.772169],[121.595588,24.769301],[121.596279,24.766939],[121.593435,24.764821],[121.590779,24.761345],[121.590455,24.760342],[121.590817,24.758782],[121.589396,24.757208],[121.588974,24.755152],[121.590328,24.751245],[121.592257,24.750306],[121.594591,24.750192],[121.595183,24.748807],[121.596133,24.748302],[121.594669,24.746431],[121.592515,24.745855],[121.591669,24.744916],[121.591924,24.743323],[121.592887,24.742859],[121.594125,24.741221],[121.594932,24.740841],[121.595307,24.739632],[121.594897,24.736695],[121.594168,24.735],[121.594956,24.733387],[121.595012,24.732484],[121.593727,24.730469],[121.593771,24.729537],[121.594239,24.729241],[121.597839,24.72928],[121.597926,24.728797],[121.597549,24.727674],[121.596786,24.72704],[121.59393,24.72584],[121.59234,24.724383],[121.590573,24.723564],[121.588446,24.720961],[121.587379,24.72019],[121.585759,24.720056],[121.583814,24.720457],[121.579319,24.722427],[121.578059,24.722164],[121.577566,24.720766],[121.577283,24.714874],[121.57563,24.711047],[121.574814,24.71011],[121.572161,24.710583],[121.570376,24.713971],[121.569488,24.712659],[121.56778,24.711563],[121.565684,24.71166],[121.563484,24.712722],[121.562543,24.712839],[121.558241,24.710928],[121.556377,24.711222],[121.554435,24.708371],[121.550622,24.705742],[121.547274,24.706273],[121.543404,24.705737],[121.542933,24.704668],[121.540835,24.702306],[121.537865,24.699844],[121.538647,24.698022],[121.538485,24.696409],[121.538893,24.694776],[121.537559,24.694015],[121.537777,24.691329],[121.536873,24.688495],[121.535709,24.688231],[121.533315,24.688416],[121.532044,24.687715],[121.529498,24.687573],[121.528954,24.687749],[121.527881,24.688969],[121.527135,24.688523],[121.526954,24.685255],[121.524944,24.684492],[121.523796,24.683295],[121.514813,24.683238],[121.513688,24.684304],[121.511742,24.684354],[121.510303,24.683291],[121.509193,24.683176],[121.507304,24.682338],[121.505,24.679485],[121.502418,24.679295],[121.499029,24.677947],[121.497379,24.67662],[121.496845,24.67552],[121.493478,24.673378],[121.492447,24.673223],[121.489289,24.674227],[121.488483,24.675134],[121.487349,24.675213],[121.484735,24.673827],[121.48328,24.673802],[121.481815,24.674339],[121.478557,24.673623],[121.476446,24.673762],[121.474214,24.673161],[121.472242,24.673119],[121.469207,24.671831],[121.467014,24.672404],[121.461454,24.67267],[121.460112,24.673231],[121.459498,24.673158],[121.455306,24.668319],[121.453831,24.66432],[121.449593,24.662222],[121.449252,24.661646],[121.447752,24.658367],[121.447613,24.656171],[121.448994,24.652977],[121.451261,24.651678],[121.451339,24.650918],[121.448763,24.646014],[121.445981,24.644284],[121.445077,24.643177],[121.444845,24.641052],[121.445633,24.639419],[121.445021,24.637295],[121.443732,24.636356],[121.440548,24.635096],[121.436086,24.627402],[121.435634,24.625605],[121.435107,24.625269],[121.434838,24.624455],[121.435661,24.621326],[121.434767,24.619384],[121.433518,24.618791],[121.432921,24.617596],[121.43259,24.615636],[121.430617,24.614509],[121.429788,24.611273],[121.427689,24.605849],[121.425951,24.604869],[121.42572,24.604021],[121.424405,24.603006],[121.420117,24.601369],[121.418287,24.601034],[121.416244,24.602254],[121.415286,24.601956],[121.412782,24.60365],[121.41229,24.600937],[121.411712,24.600391],[121.408471,24.598981],[121.408185,24.598067],[121.406721,24.597121],[121.406564,24.595837],[121.40419,24.593516],[121.403089,24.591866],[121.40316,24.590592],[121.404555,24.587755],[121.410213,24.579387],[121.411913,24.575324],[121.41233,24.573499],[121.411808,24.572798],[121.40906,24.571624],[121.407665,24.570032],[121.405667,24.569793],[121.403585,24.568707],[121.403296,24.567513],[121.401311,24.564688],[121.401505,24.562665],[121.401256,24.562006],[121.398365,24.560455],[121.396478,24.557659],[121.39476,24.555911],[121.395441,24.553026],[121.398319,24.549425],[121.398763,24.548203],[121.396747,24.539822],[121.397175,24.538356],[121.398462,24.536256],[121.398346,24.534112],[121.39886,24.53255],[121.401509,24.530218],[121.4015,24.528986],[121.399592,24.526507],[121.398507,24.525869],[121.397714,24.524813],[121.392863,24.52446],[121.391873,24.524111],[121.390621,24.523031],[121.388534,24.5178],[121.387817,24.517249],[121.385479,24.517086],[121.385117,24.51682],[121.385558,24.514568],[121.385396,24.513802],[121.383568,24.510217],[121.382539,24.509818],[121.380552,24.509924],[121.379287,24.50953],[121.376031,24.510054],[121.373354,24.509896],[121.372519,24.502122],[121.371254,24.498363],[121.367304,24.496483],[121.365036,24.495854],[121.363851,24.494957],[121.362974,24.493796],[121.362805,24.492329],[121.361894,24.490787],[121.359017,24.488237],[121.35775,24.486609],[121.356968,24.48621],[121.352778,24.485494],[121.350739,24.484343],[121.347913,24.484846],[121.346317,24.484656],[121.344253,24.482718],[121.342839,24.48226],[121.341938,24.48063],[121.341406,24.477341],[121.340074,24.474851],[121.338081,24.474022],[121.335641,24.472035],[121.336249,24.46808],[121.336001,24.467366],[121.332815,24.465662],[121.330878,24.465206],[121.32986,24.464261],[121.329497,24.462551],[121.326454,24.460425],[121.323796,24.456721],[121.322028,24.451654],[121.320205,24.448008],[121.319637,24.445193],[121.318742,24.444066],[121.317665,24.441489],[121.320593,24.441055],[121.321675,24.440368],[121.323787,24.438289],[121.325066,24.43646],[121.328257,24.433453],[121.328449,24.431843],[121.327667,24.430434],[121.32872,24.427005],[121.328224,24.425385],[121.328194,24.423649],[121.327372,24.421245],[121.327828,24.418059],[121.327135,24.415267],[121.327441,24.413021],[121.326543,24.409628],[121.325214,24.407781],[121.324996,24.406912],[121.325462,24.404516],[121.326048,24.40338],[121.325979,24.401036],[121.327601,24.398455],[121.331075,24.398487],[121.332335,24.397943],[121.332707,24.396365],[121.333601,24.395003],[121.33587,24.392943],[121.336977,24.392398],[121.338349,24.390216],[121.339135,24.389604],[121.340052,24.391103],[121.342968,24.392842],[121.350226,24.392842],[121.352394,24.39224],[121.353658,24.393076],[121.354692,24.393272],[121.355946,24.392808],[121.35939,24.390446],[121.361308,24.390146],[121.362655,24.389301],[121.364888,24.389074],[121.367189,24.386042],[121.36841,24.38544],[121.368974,24.383776],[121.369803,24.38259],[121.369584,24.381873],[121.368092,24.38111],[121.367105,24.378925],[121.369252,24.374586],[121.369434,24.372259],[121.373738,24.368053],[121.377012,24.36844],[121.380763,24.366904],[121.381839,24.367007],[121.387622,24.369685],[121.389195,24.374154],[121.389965,24.375147],[121.393045,24.375206],[121.395468,24.377848],[121.398119,24.377763],[121.400886,24.379674],[121.401892,24.3796],[121.404407,24.377717],[121.406491,24.377948],[121.407907,24.377548],[121.408522,24.378098],[121.412771,24.379742],[121.41426,24.379387],[121.417023,24.379732],[121.419099,24.379052],[121.421536,24.380713],[121.423346,24.381404],[121.425745,24.381483],[121.429371,24.38306],[121.43397,24.383233],[121.437787,24.382876],[121.438302,24.382616],[121.440797,24.37781],[121.442641,24.37372],[121.442556,24.373127],[121.444382,24.374128],[121.446044,24.374081],[121.447978,24.374826],[121.448261,24.37257],[121.452012,24.36468],[121.454292,24.363636],[121.460923,24.358109],[121.463414,24.357032],[121.465401,24.355306],[121.472995,24.352689],[121.475263,24.351265],[121.478875,24.351876],[121.48071,24.350163],[121.480916,24.349266],[121.481378,24.348926],[121.485368,24.348456],[121.486654,24.347324],[121.487441,24.346057],[121.490634,24.344189],[121.492238,24.34209],[121.495403,24.340289],[121.498121,24.339234],[121.499395,24.33937],[121.501108,24.340962],[121.502758,24.341757],[121.503877,24.342781],[121.507303,24.343258],[121.508104,24.343119],[121.50865,24.34197],[121.50968,24.341201],[121.513567,24.340814],[121.515435,24.341815],[121.51715,24.341054],[121.517994,24.341005],[121.520442,24.342592],[121.522159,24.343022],[121.525145,24.342473],[121.527755,24.339152],[121.528428,24.338848],[121.530552,24.338758],[121.533272,24.337055],[121.535716,24.337367],[121.538455,24.336126],[121.540535,24.335912],[121.542618,24.337155],[121.544989,24.337768],[121.548423,24.336343],[121.552069,24.333277],[121.556079,24.331154],[121.557027,24.329502],[121.557743,24.325996],[121.559489,24.323154],[121.560085,24.322635],[121.56333,24.322235],[121.566373,24.319184],[121.567674,24.319182],[121.568834,24.318136],[121.5699,24.317942],[121.571848,24.318193],[121.573651,24.319392],[121.575855,24.31967],[121.577226,24.319203],[121.578842,24.318034],[121.58236,24.317804],[121.584256,24.316686],[121.587515,24.316062],[121.588454,24.315347],[121.589489,24.313802],[121.590835,24.314946],[121.592746,24.31567],[121.593761,24.316413],[121.597192,24.316294],[121.600719,24.314943],[121.601918,24.314148],[121.603137,24.313168],[121.605747,24.309423],[121.606599,24.310686],[121.607023,24.312637],[121.606656,24.313693],[121.605147,24.315408],[121.605227,24.317282],[121.604641,24.31827],[121.601098,24.320581],[121.601327,24.323285],[121.598876,24.325278],[121.598632,24.326538],[121.596571,24.328139],[121.595875,24.329514],[121.595752,24.331623],[121.596978,24.333467],[121.59923,24.333525],[121.60072,24.330863],[121.603058,24.329306],[121.604473,24.329009],[121.60646,24.330057],[121.606251,24.330947],[121.606544,24.332727],[121.607404,24.334931],[121.607917,24.335416],[121.609357,24.33533],[121.611149,24.336006],[121.612207,24.335888],[121.613162,24.335552],[121.61523,24.333303],[121.617537,24.333646],[121.618588,24.334626],[121.618662,24.335743],[121.618127,24.336396],[121.616323,24.337036],[121.616139,24.338134],[121.616578,24.34068],[121.617849,24.344224],[121.618638,24.345328],[121.619214,24.345482],[121.620287,24.345334],[121.620625,24.344872],[121.621406,24.342273],[121.622785,24.339473],[121.625462,24.339969],[121.62748,24.341119],[121.628084,24.338708],[121.626658,24.336276],[121.62669,24.335626],[121.627795,24.334851],[121.628638,24.333694],[121.630019,24.333599],[121.632804,24.334747],[121.633165,24.335675],[121.632651,24.33747],[121.632976,24.339898],[121.632379,24.341569],[121.631574,24.342296],[121.631373,24.343982],[121.631819,24.344471],[121.634008,24.344378],[121.635297,24.344815],[121.635926,24.34611],[121.635522,24.347618],[121.634937,24.348508],[121.633237,24.34917],[121.63223,24.349216],[121.630464,24.348217],[121.629446,24.349444],[121.626852,24.349531],[121.627277,24.351676],[121.626771,24.35433],[121.622284,24.35668],[121.621202,24.358114],[121.621517,24.359907],[121.62339,24.361606],[121.623569,24.362341],[121.620758,24.362548],[121.620378,24.363209],[121.620655,24.364271],[121.621485,24.365242],[121.621881,24.366759],[121.623555,24.367347],[121.625886,24.369116],[121.628572,24.369522],[121.630952,24.370549],[121.631609,24.370312],[121.631866,24.369769],[121.630561,24.367478],[121.630619,24.366421],[121.631957,24.365933],[121.634479,24.366609],[121.634999,24.366339],[121.634796,24.364356],[121.635028,24.363716],[121.637281,24.363144],[121.638337,24.362319],[121.638672,24.360919],[121.640366,24.359395],[121.640031,24.358259],[121.640475,24.357168],[121.642283,24.356085],[121.644717,24.352639],[121.646603,24.351911],[121.648756,24.349508],[121.649709,24.349193],[121.650303,24.349502],[121.650724,24.35093],[121.650032,24.354872],[121.648102,24.356527],[121.647853,24.357725],[121.649456,24.359657],[121.650479,24.359886],[121.651189,24.359406],[121.651937,24.357755],[121.653654,24.356109],[121.653514,24.352189],[121.656646,24.353255],[121.657455,24.352933],[121.658665,24.351282],[121.660012,24.351152],[121.661237,24.351794],[121.661374,24.353014],[121.66246,24.353174],[121.663129,24.352886],[121.663904,24.349173],[121.664839,24.348151],[121.665664,24.348],[121.666741,24.347246],[121.667539,24.34604],[121.667845,24.344643],[121.669109,24.3431],[121.670102,24.342815],[121.673086,24.343812],[121.673983,24.343396],[121.674069,24.342274],[121.673488,24.33998],[121.67484,24.337774],[121.675943,24.337464],[121.677014,24.337577],[121.683851,24.340733],[121.685581,24.340731],[121.686979,24.338749],[121.687357,24.334643],[121.688466,24.333619],[121.690099,24.333696],[121.693613,24.334853],[121.695715,24.334706],[121.697657,24.334111],[121.700006,24.332393],[121.7053,24.329567],[121.713535,24.326887],[121.723459,24.325479],[121.727791,24.325985],[121.73518,24.323074],[121.740058,24.323556],[121.744736,24.322853],[121.747751,24.321246],[121.750581,24.319202],[121.753172,24.317937],[121.755241,24.316272],[121.757475,24.315349],[121.759398,24.314107],[121.77014,24.313117],[121.772724,24.313629],[121.774065,24.315271],[121.773963,24.319606],[121.772874,24.324854],[121.771413,24.328931],[121.770891,24.332587],[121.771639,24.337563],[121.772805,24.340259],[121.773582,24.343711],[121.777992,24.352329],[121.778136,24.354392],[121.778718,24.356201],[121.782275,24.36161],[121.783722,24.366507],[121.784674,24.367715],[121.785051,24.369352],[121.787028,24.372496],[121.787542,24.374871],[121.788017,24.384702],[121.788545,24.388049],[121.788782,24.396157],[121.790327,24.402787],[121.791148,24.40823],[121.793935,24.41629],[121.798673,24.427961],[121.801864,24.434337],[121.805015,24.437574],[121.807844,24.439745],[121.810836,24.441447],[121.812182,24.442687],[121.812357,24.443527],[121.815601,24.447893],[121.816255,24.446613],[121.816554,24.446739],[121.817149,24.448333],[121.817169,24.450211],[121.820184,24.453798],[121.821092,24.454071],[121.821807,24.455647],[121.821772,24.456382],[121.820064,24.45851],[121.819939,24.45948],[121.820227,24.459677],[121.820378,24.461421],[121.821202,24.462356],[121.823563,24.463337],[121.824671,24.464611],[121.826868,24.4652],[121.827616,24.465808],[121.829886,24.466672],[121.832657,24.467423],[121.833342,24.467951],[121.834237,24.469625],[121.836169,24.47074],[121.83698,24.471834],[121.838308,24.472258],[121.838511,24.473001],[121.841226,24.475583],[121.843921,24.476861],[121.846118,24.476934],[121.848586,24.479001],[121.85545,24.480585],[121.858653,24.478761],[121.85969,24.478557],[121.862133,24.480394],[121.862418,24.481196],[121.861953,24.481997],[121.860225,24.483641],[121.858581,24.483853],[121.856694,24.483372],[121.852539,24.483652],[121.851659,24.483895],[121.850933,24.484568],[121.850493,24.485742],[121.850914,24.487291],[121.850413,24.487803],[121.850291,24.490568],[121.849655,24.492202],[121.849757,24.492637],[121.850805,24.493385],[121.851028,24.494118],[121.850503,24.494673],[121.850736,24.495343],[121.850214,24.494719],[121.849005,24.495606],[121.848046,24.495809],[121.847757,24.496651],[121.847991,24.497094],[121.84767,24.497413],[121.846437,24.496581],[121.845024,24.497264],[121.841298,24.497578],[121.83971,24.498635],[121.838581,24.500759],[121.838338,24.503483],[121.83834,24.508465],[121.838777,24.511618],[121.83993,24.516527],[121.841913,24.520247],[121.84254,24.520806],[121.84497,24.521682],[121.849652,24.522063],[121.85113,24.522826],[121.856264,24.523937],[121.860926,24.527174],[121.86567,24.527361],[121.866861,24.527953],[121.867811,24.527563],[121.868575,24.527653],[121.869829,24.528253],[121.869498,24.529061],[121.870126,24.530007],[121.872574,24.531097],[121.87248,24.532815],[121.87285,24.533318],[121.873115,24.533219],[121.873753,24.534381],[121.87362,24.536048],[121.872407,24.539113],[121.872311,24.541484],[121.874107,24.545494],[121.872893,24.547156],[121.872075,24.551157],[121.871216,24.552374],[121.870702,24.560304],[121.87121,24.563431],[121.870306,24.569236],[121.869223,24.571275],[121.869493,24.574488],[121.869833,24.576082],[121.872077,24.578179],[121.872997,24.577915],[121.873381,24.577232],[121.875215,24.577574],[121.875531,24.577159],[121.875971,24.577458],[121.875563,24.577521],[121.875274,24.578284],[121.875705,24.579007],[121.876779,24.578848],[121.876983,24.57808],[121.878962,24.578617],[121.879792,24.579663],[121.879511,24.579947],[121.878289,24.580025],[121.877282,24.579758],[121.87661,24.581248],[121.875266,24.581386],[121.875097,24.582273],[121.875695,24.582823],[121.874823,24.582783],[121.874167,24.583264],[121.873832,24.583832],[121.874005,24.584565],[121.872882,24.583691],[121.872253,24.584049],[121.872652,24.585248],[121.873878,24.585619],[121.874482,24.58526],[121.875916,24.586628],[121.876214,24.58649],[121.876357,24.587405],[121.879242,24.591035],[121.873458,24.596611],[121.879229,24.599122],[121.881845,24.598631],[121.881637,24.598823],[121.882427,24.598759],[121.882138,24.598892],[121.882298,24.599214],[121.884013,24.59928],[121.884503,24.599606],[121.885688,24.599433],[121.886039,24.599813],[121.885787,24.599883],[121.885901,24.600493],[121.884655,24.600637],[121.883659,24.60138],[121.883743,24.602253],[121.88514,24.603715],[121.882175,24.603513],[121.881514,24.60404],[121.880867,24.605559],[121.880216,24.605743],[121.878078,24.605135],[121.875321,24.605639],[121.874641,24.606103],[121.874282,24.607905],[121.873403,24.608731],[121.871005,24.609174],[121.869523,24.60866],[121.866131,24.609921],[121.858766,24.616697],[121.858424,24.617823],[121.855416,24.621894],[121.85125,24.629901],[121.843819,24.648217],[121.840576,24.659869],[121.838193,24.672232],[121.838457,24.681684],[121.837838,24.683607],[121.837924,24.686717],[121.837596,24.687278],[121.837853,24.689292],[121.837288,24.689794],[121.83768,24.690047],[121.837684,24.692209],[121.837283,24.693486],[121.837613,24.693851],[121.837705,24.695198],[121.837257,24.696072],[121.8374,24.698286],[121.836808,24.698314],[121.836368,24.704666],[121.836598,24.710698],[121.83788,24.713195],[121.839247,24.714721],[121.839512,24.71585],[121.839139,24.717414],[121.838289,24.718065],[121.835023,24.718515],[121.833648,24.719031],[121.832785,24.719894],[121.828895,24.726705],[121.825879,24.733001],[121.823166,24.740298],[121.820986,24.747694],[121.819541,24.755394],[121.81842,24.764918],[121.817995,24.779333],[121.819019,24.797481],[121.820177,24.806951],[121.823108,24.823443],[121.825567,24.833978],[121.827417,24.839661],[121.827143,24.842359],[121.827954,24.842157],[121.830622,24.850446],[121.833294,24.856152],[121.833655,24.856339],[121.833835,24.857307],[121.834402,24.857624],[121.834363,24.858433],[121.835019,24.859833],[121.835732,24.860234],[121.83538,24.860605],[121.839614,24.869079],[121.84269,24.876157],[121.848324,24.884533],[121.850836,24.886459],[121.850906,24.88934],[121.851362,24.890114],[121.854036,24.891726],[121.855331,24.892257],[121.855744,24.892097],[121.855734,24.892414],[121.857116,24.892872],[121.857117,24.892588],[121.857433,24.893046],[121.860473,24.894461],[121.863941,24.898348],[121.865945,24.902001],[121.867375,24.902987],[121.869919,24.903889],[121.870572,24.903505],[121.870359,24.904082],[121.871877,24.904967],[121.871788,24.903645],[121.87251,24.906184],[121.873984,24.907162],[121.874784,24.907301],[121.874755,24.908112],[121.876238,24.909795],[121.876801,24.909712],[121.876787,24.91005],[121.877783,24.910386],[121.877911,24.911122],[121.87837,24.911017],[121.87803,24.911526],[121.879549,24.913562],[121.881969,24.914661],[121.882488,24.914534],[121.88236,24.914856],[121.883292,24.916402],[121.885043,24.917931],[121.88542,24.919434],[121.885431,24.923236],[121.886939,24.925043],[121.886927,24.925995],[121.887207,24.926112],[121.887145,24.926604],[121.887539,24.926742],[121.887175,24.927522],[121.887509,24.92801],[121.886959,24.928336],[121.887269,24.928702],[121.886875,24.929156],[121.887889,24.93509],[121.889112,24.936951],[121.892912,24.938861],[121.893883,24.94024],[121.895283,24.940727],[121.898052,24.940873],[121.89897,24.940022],[121.900915,24.939939],[121.903367,24.940599],[121.903996,24.939819],[121.904671,24.939816],[121.904266,24.941425],[121.905133,24.942414],[121.904475,24.942485],[121.904125,24.943649],[121.90457,24.945308],[121.905359,24.946598],[121.906654,24.947136],[121.907131,24.94698],[121.907955,24.947644],[121.908391,24.948696],[121.909251,24.948677],[121.908936,24.949053],[121.909611,24.9495],[121.91034,24.949041],[121.910696,24.949413],[121.91023,24.949872],[121.911356,24.950726],[121.912638,24.950641],[121.913055,24.951199],[121.914465,24.951556],[121.914724,24.951937],[121.915217,24.951679],[121.916922,24.952173],[121.917095,24.952626],[121.91797,24.953033],[121.917993,24.953765],[121.918704,24.953732],[121.9192,24.954844],[121.91973,24.955273],[121.920043,24.955064],[121.920004,24.955432],[121.920197,24.955193],[121.920076,24.955474],[121.92057,24.955759],[121.919983,24.958444],[121.920265,24.958616],[121.920152,24.959062],[121.920495,24.958968],[121.920411,24.95927],[121.921318,24.959609],[121.921272,24.960205],[121.92183,24.960859],[121.922186,24.962271],[121.923047,24.961831],[121.922387,24.963213],[121.924215,24.965764],[121.925592,24.96856],[121.928132,24.969442],[121.931518,24.971788],[121.936229,24.973852],[121.936382,24.973293],[121.937949,24.973723],[121.938554,24.973216],[121.939762,24.973591],[121.939897,24.97328],[121.940982,24.973894],[121.940913,24.97329],[121.941833,24.973386],[121.941966,24.973686],[121.941649,24.973727],[121.942271,24.975045],[121.942855,24.97536],[121.943444,24.974823],[121.943683,24.974993],[121.943688,24.975888],[121.944274,24.976831],[121.948555,24.978846],[121.949387,24.978756],[121.95122,24.979357],[121.951558,24.978898],[121.951671,24.97968],[121.954508,24.980005],[121.958307,24.982623],[121.960032,24.982581],[121.962242,24.981752],[121.963637,24.982356],[121.96431,24.982184],[121.965993,24.98303],[121.964061,24.985552],[121.962906,24.987704],[121.959865,24.988409]]],[[[123.555961,25.721148],[123.555825,25.721349],[123.55576,25.721114],[123.555961,25.721148]]],[[[123.556518,25.720965],[123.556719,25.721469],[123.556529,25.721565],[123.556364,25.721161],[123.556518,25.720965]]],[[[123.556731,25.721823],[123.55664,25.72188],[123.556536,25.72171],[123.556731,25.721823]]],[[[123.556448,25.722236],[123.556327,25.722205],[123.556339,25.721976],[123.556448,25.722236]]],[[[123.556443,25.722418],[123.556303,25.722439],[123.556305,25.722334],[123.556443,25.722418]]],[[[123.543373,25.722558],[123.543339,25.722547],[123.543338,25.722513],[123.543373,25.722558]]],[[[123.543334,25.722683],[123.543303,25.722645],[123.543354,25.722627],[123.543334,25.722683]]],[[[123.543032,25.722837],[123.542997,25.722889],[123.542902,25.722805],[123.543032,25.722837]]],[[[123.543099,25.722886],[123.543392,25.722753],[123.543358,25.723024],[123.543099,25.722886]]],[[[123.544728,25.723127],[123.544751,25.723141],[123.544677,25.723155],[123.544728,25.723127]]],[[[123.544788,25.724077],[123.544794,25.724103],[123.544686,25.72407],[123.544788,25.724077]]],[[[123.544086,25.724303],[123.54418,25.723832],[123.544597,25.724294],[123.544086,25.724303]]],[[[123.544586,25.724394],[123.544538,25.724464],[123.544452,25.724387],[123.544586,25.724394]]],[[[123.547971,25.725685],[123.545321,25.724592],[123.544607,25.72359],[123.545062,25.723017],[123.544971,25.722353],[123.545471,25.722659],[123.54606,25.722435],[123.545851,25.722176],[123.546801,25.722349],[123.547852,25.721735],[123.553083,25.72026],[123.555672,25.720863],[123.555514,25.722295],[123.55497,25.722594],[123.555359,25.722802],[123.554411,25.723867],[123.554007,25.723619],[123.554148,25.723947],[123.553154,25.72488],[123.552539,25.724752],[123.55133,25.725714],[123.547971,25.725685]]],[[[123.545228,25.727864],[123.545263,25.728001],[123.544933,25.727855],[123.545228,25.727864]]],[[[123.545021,25.729391],[123.544977,25.729439],[123.544853,25.729282],[123.545021,25.729391]]],[[[123.541346,25.734382],[123.541142,25.73489],[123.540352,25.734139],[123.53988,25.7329],[123.53913,25.732659],[123.538918,25.732923],[123.538344,25.731999],[123.53762,25.731802],[123.538793,25.731662],[123.540452,25.728903],[123.540931,25.728775],[123.5406,25.728532],[123.541383,25.727547],[123.541164,25.727308],[123.541486,25.727107],[123.541492,25.725831],[123.542382,25.726054],[123.542419,25.725255],[123.544632,25.726145],[123.544529,25.726776],[123.545071,25.727574],[123.544753,25.727894],[123.54563,25.728731],[123.545393,25.72911],[123.543657,25.729519],[123.541401,25.733673],[123.541904,25.734281],[123.541346,25.734382]]],[[[123.506157,25.73581],[123.506103,25.735606],[123.506529,25.735371],[123.506394,25.73561],[123.506157,25.73581]]],[[[123.507195,25.735959],[123.507108,25.735949],[123.507136,25.735806],[123.507195,25.735959]]],[[[123.471635,25.738316],[123.471594,25.738306],[123.47162,25.738257],[123.471635,25.738316]]],[[[123.458122,25.73896],[123.458095,25.738963],[123.458045,25.738891],[123.458122,25.73896]]],[[[123.474896,25.739444],[123.474848,25.739445],[123.474854,25.739389],[123.474896,25.739444]]],[[[123.457973,25.739497],[123.457882,25.739461],[123.457891,25.739417],[123.457973,25.739497]]],[[[123.475746,25.740035],[123.475697,25.740017],[123.475731,25.739988],[123.475746,25.740035]]],[[[123.475539,25.740062],[123.475503,25.740126],[123.475431,25.740068],[123.475539,25.740062]]],[[[123.476223,25.740198],[123.476198,25.740141],[123.476293,25.740118],[123.476223,25.740198]]],[[[123.476343,25.740267],[123.476297,25.740303],[123.476277,25.740238],[123.476343,25.740267]]],[[[123.476525,25.740307],[123.476518,25.740347],[123.476374,25.740342],[123.476525,25.740307]]],[[[123.482782,25.740376],[123.482687,25.740375],[123.482725,25.740318],[123.482782,25.740376]]],[[[123.49049,25.740442],[123.490574,25.740232],[123.490806,25.740457],[123.49049,25.740442]]],[[[123.481201,25.740549],[123.481177,25.740563],[123.481148,25.740519],[123.481201,25.740549]]],[[[123.490984,25.740666],[123.490951,25.740714],[123.490857,25.740589],[123.490984,25.740666]]],[[[123.490354,25.740486],[123.490517,25.740714],[123.490482,25.740869],[123.490271,25.740683],[123.490354,25.740486]]],[[[123.490923,25.740873],[123.490832,25.740793],[123.490642,25.740852],[123.490467,25.740536],[123.4908,25.740631],[123.490923,25.740873]]],[[[123.490816,25.740886],[123.490773,25.740884],[123.490774,25.740849],[123.490816,25.740886]]],[[[123.492932,25.741824],[123.492902,25.741819],[123.492912,25.741787],[123.492932,25.741824]]],[[[123.466452,25.74909],[123.466399,25.749097],[123.466378,25.749023],[123.466452,25.74909]]],[[[123.484477,25.749844],[123.484424,25.749844],[123.484414,25.749782],[123.484477,25.749844]]],[[[123.487561,25.750056],[123.487756,25.749889],[123.487913,25.750011],[123.487561,25.750056]]],[[[123.487564,25.750216],[123.487474,25.75024],[123.487463,25.750203],[123.487564,25.750216]]],[[[123.47983,25.750851],[123.47976,25.750876],[123.479747,25.750812],[123.47983,25.750851]]],[[[123.476698,25.751814],[123.474999,25.751222],[123.47255,25.75113],[123.472219,25.750753],[123.470187,25.750343],[123.46964,25.749807],[123.467253,25.748822],[123.466898,25.748866],[123.466908,25.749159],[123.466327,25.748425],[123.46518,25.748026],[123.462211,25.745693],[123.460305,25.744715],[123.457792,25.74032],[123.458309,25.738889],[123.458335,25.737654],[123.459406,25.735643],[123.461245,25.7354],[123.461519,25.73482],[123.464456,25.73491],[123.465687,25.735991],[123.466364,25.735765],[123.467825,25.736149],[123.468895,25.736939],[123.470159,25.737142],[123.470355,25.737579],[123.470875,25.737695],[123.47109,25.738329],[123.471939,25.73846],[123.472282,25.738935],[123.473997,25.738127],[123.473713,25.738688],[123.474134,25.738718],[123.474018,25.739312],[123.474509,25.739873],[123.475323,25.739208],[123.475584,25.739394],[123.475194,25.740108],[123.477218,25.741267],[123.478096,25.740784],[123.478966,25.741375],[123.479134,25.740793],[123.479828,25.740557],[123.480465,25.740857],[123.480764,25.740464],[123.48128,25.740891],[123.481499,25.740438],[123.482786,25.740461],[123.483187,25.740282],[123.483555,25.740657],[123.483573,25.740322],[123.483845,25.740739],[123.484885,25.74094],[123.485866,25.740285],[123.487561,25.74066],[123.488632,25.740188],[123.491118,25.741195],[123.491254,25.740795],[123.491938,25.740997],[123.492471,25.741628],[123.492867,25.741546],[123.492922,25.741581],[123.492876,25.741804],[123.49292,25.741882],[123.493928,25.742235],[123.493887,25.743974],[123.493211,25.744871],[123.490401,25.747408],[123.490101,25.747104],[123.490152,25.747632],[123.489603,25.748227],[123.489259,25.748129],[123.48803,25.74901],[123.487687,25.748934],[123.487373,25.749484],[123.484457,25.749525],[123.484043,25.749916],[123.482981,25.749672],[123.481529,25.750202],[123.480619,25.7501],[123.478465,25.751506],[123.476698,25.751814]]],[[[123.567689,25.755646],[123.566669,25.755301],[123.566114,25.75564],[123.566065,25.755239],[123.56697,25.755019],[123.567689,25.755646]]],[[[123.540614,25.779246],[123.541734,25.779012],[123.541927,25.779265],[123.540614,25.779246]]],[[[123.539034,25.779411],[123.539041,25.779443],[123.538979,25.779468],[123.539034,25.779411]]],[[[123.539573,25.77952],[123.539605,25.779214],[123.540469,25.778868],[123.540524,25.779419],[123.539573,25.77952]]],[[[123.543099,25.779994],[123.542913,25.779908],[123.542937,25.779862],[123.543099,25.779994]]],[[[123.543663,25.781965],[123.543384,25.780083],[123.543824,25.780659],[123.544738,25.780909],[123.543663,25.781965]]],[[[123.683286,25.919156],[123.68327,25.919181],[123.683212,25.91914],[123.683286,25.919156]]],[[[123.682573,25.919171],[123.682537,25.919228],[123.682462,25.91913],[123.682573,25.919171]]],[[[123.686056,25.919649],[123.686045,25.919679],[123.686011,25.919665],[123.686056,25.919649]]],[[[123.686191,25.919756],[123.686082,25.919779],[123.686107,25.919707],[123.686191,25.919756]]],[[[123.679067,25.919968],[123.679053,25.919963],[123.679113,25.919919],[123.679067,25.919968]]],[[[123.687619,25.919975],[123.687529,25.919979],[123.687576,25.919894],[123.687619,25.919975]]],[[[123.678621,25.920351],[123.67859,25.920326],[123.678743,25.920234],[123.678621,25.920351]]],[[[123.678453,25.920485],[123.678424,25.920537],[123.678327,25.920492],[123.678453,25.920485]]],[[[123.687906,25.920799],[123.687854,25.920838],[123.687816,25.920798],[123.687906,25.920799]]],[[[124.555932,25.921432],[124.55586,25.92147],[124.555884,25.921398],[124.555932,25.921432]]],[[[124.556147,25.921618],[124.556022,25.921567],[124.556062,25.921558],[124.556147,25.921618]]],[[[124.556051,25.921655],[124.556015,25.921691],[124.555959,25.921652],[124.556051,25.921655]]],[[[123.688311,25.921721],[123.688255,25.921812],[123.688219,25.921756],[123.688311,25.921721]]],[[[124.556463,25.921822],[124.556143,25.92172],[124.556226,25.92157],[124.556463,25.921822]]],[[[123.689292,25.921866],[123.689061,25.921908],[123.68904,25.921848],[123.689292,25.921866]]],[[[124.556756,25.922111],[124.556751,25.922151],[124.556671,25.922094],[124.556756,25.922111]]],[[[123.67736,25.922233],[123.677348,25.92231],[123.677297,25.922233],[123.67736,25.922233]]],[[[124.556668,25.922144],[124.556491,25.922332],[124.555975,25.922012],[124.556334,25.921888],[124.556668,25.922144]]],[[[124.55676,25.922322],[124.556721,25.922342],[124.556719,25.922313],[124.55676,25.922322]]],[[[123.676767,25.922574],[123.676778,25.922605],[123.676742,25.922603],[123.676767,25.922574]]],[[[123.676819,25.922699],[123.676806,25.922726],[123.676771,25.922681],[123.676819,25.922699]]],[[[123.676464,25.922821],[123.676455,25.922865],[123.676393,25.922837],[123.676464,25.922821]]],[[[123.676489,25.922928],[123.676459,25.922937],[123.676401,25.922892],[123.676489,25.922928]]],[[[123.676082,25.923063],[123.676086,25.9231],[123.675918,25.923113],[123.676082,25.923063]]],[[[124.559132,25.923366],[124.55769,25.923101],[124.556706,25.922217],[124.556849,25.922072],[124.556573,25.921532],[124.560099,25.921869],[124.561154,25.922297],[124.560707,25.922806],[124.559505,25.922822],[124.559752,25.923187],[124.559132,25.923366]]],[[[124.560063,25.923559],[124.559359,25.923533],[124.559283,25.923448],[124.559728,25.923325],[124.560063,25.923559]]],[[[124.559066,25.92383],[124.55875,25.923593],[124.559514,25.923696],[124.559066,25.92383]]],[[[124.560176,25.924137],[124.559502,25.923966],[124.56002,25.923846],[124.560176,25.924137]]],[[[123.687622,25.924197],[123.687555,25.924148],[123.68758,25.924114],[123.687622,25.924197]]],[[[123.676355,25.924211],[123.676442,25.924241],[123.676187,25.924351],[123.676355,25.924211]]],[[[124.559401,25.924401],[124.559115,25.924346],[124.559057,25.924061],[124.55908,25.924052],[124.559401,25.924401]]],[[[123.676179,25.924467],[123.676091,25.924476],[123.676102,25.92444],[123.676179,25.924467]]],[[[123.687308,25.924834],[123.687274,25.924854],[123.687265,25.924833],[123.687308,25.924834]]],[[[123.687421,25.924861],[123.687406,25.924866],[123.68739,25.924847],[123.687421,25.924861]]],[[[123.687303,25.924947],[123.687262,25.924985],[123.687214,25.924929],[123.687303,25.924947]]],[[[123.687913,25.925058],[123.687798,25.924965],[123.68811,25.924907],[123.687913,25.925058]]],[[[123.688149,25.925184],[123.688095,25.925239],[123.688045,25.925177],[123.688149,25.925184]]],[[[123.686488,25.925388],[123.686523,25.92537],[123.686534,25.925401],[123.686488,25.925388]]],[[[123.677034,25.925583],[123.677062,25.925632],[123.676898,25.925606],[123.677034,25.925583]]],[[[123.686069,25.926255],[123.685984,25.926289],[123.685961,25.926258],[123.686069,25.926255]]],[[[123.678001,25.927105],[123.677941,25.927143],[123.677931,25.927078],[123.678001,25.927105]]],[[[123.678752,25.927341],[123.678718,25.927362],[123.678707,25.927338],[123.678752,25.927341]]],[[[123.684992,25.927339],[123.684992,25.927382],[123.684923,25.927373],[123.684992,25.927339]]],[[[123.68537,25.927426],[123.685283,25.927447],[123.685261,25.927396],[123.68537,25.927426]]],[[[123.678796,25.927503],[123.678777,25.927519],[123.678742,25.927494],[123.678796,25.927503]]],[[[123.679642,25.928052],[123.679579,25.928068],[123.679567,25.928024],[123.679642,25.928052]]],[[[123.67893,25.927996],[123.679135,25.927805],[123.679143,25.927928],[123.67893,25.927996]]],[[[123.683839,25.928528],[123.683808,25.928564],[123.683755,25.928505],[123.683839,25.928528]]],[[[123.680788,25.928479],[123.6807,25.928565],[123.68071,25.928476],[123.680788,25.928479]]],[[[123.681329,25.928764],[123.681315,25.928762],[123.681329,25.928702],[123.681329,25.928764]]],[[[123.682448,25.928878],[123.681107,25.928393],[123.680713,25.928396],[123.680546,25.928799],[123.680094,25.928358],[123.679773,25.928612],[123.679783,25.928195],[123.679509,25.927654],[123.678976,25.927611],[123.678837,25.92724],[123.677662,25.926403],[123.67672,25.92505],[123.676519,25.924263],[123.676081,25.923642],[123.676089,25.923127],[123.676379,25.923182],[123.677597,25.922235],[123.678558,25.920448],[123.679258,25.919868],[123.680652,25.919632],[123.681552,25.919089],[123.681798,25.919304],[123.683273,25.919189],[123.684222,25.919659],[123.684787,25.919458],[123.685666,25.919872],[123.686015,25.919704],[123.68632,25.920112],[123.687743,25.92077],[123.688301,25.92209],[123.688691,25.922221],[123.688189,25.923193],[123.688709,25.923555],[123.687843,25.923324],[123.688065,25.923922],[123.687421,25.92416],[123.687671,25.924492],[123.687262,25.924803],[123.687183,25.924942],[123.68721,25.925126],[123.686949,25.925362],[123.686636,25.925171],[123.685386,25.926259],[123.684574,25.927128],[123.684549,25.927611],[123.68399,25.927674],[123.683764,25.928362],[123.682448,25.928878]]],[[[123.682747,25.929092],[123.682754,25.929128],[123.682694,25.929125],[123.682747,25.929092]]]]}},{"type":"Feature","id":"10004","properties":{"CountyID":"J","CountyCode":"10004","NameZh":"新竹縣","NameEn":"Hsinchu County"},"geometry":{"type":"Polygon","coordinates":[[[121.038998,24.944699],[121.038664,24.945996],[121.03814,24.946379],[121.036748,24.946042],[121.034541,24.944908],[121.031786,24.9444],[121.030765,24.943898],[121.030338,24.944055],[121.029755,24.94506],[121.029141,24.945231],[121.026395,24.942176],[121.025884,24.940522],[121.021539,24.941404],[121.019369,24.940416],[121.017812,24.941765],[121.015786,24.941629],[121.012683,24.943142],[121.011938,24.944795],[121.009747,24.944196],[121.00707,24.946214],[121.004258,24.943124],[121.002929,24.940013],[121.000132,24.940377],[120.999065,24.94092],[120.997573,24.940515],[120.996529,24.939648],[120.9942,24.939137],[120.993288,24.938275],[120.992665,24.936889],[120.992852,24.93523],[120.99218,24.935007],[120.990319,24.935659],[120.987385,24.939046],[120.982033,24.939974],[120.981074,24.939349],[120.98046,24.938321],[120.97331,24.9321],[120.969673,24.928465],[120.969034,24.927365],[120.966271,24.921839],[120.964501,24.915777],[120.958888,24.902863],[120.95793,24.901288],[120.952613,24.895376],[120.952005,24.893921],[120.951736,24.890661],[120.947356,24.883826],[120.946548,24.878653],[120.94382,24.874745],[120.942601,24.871528],[120.939256,24.86718],[120.933977,24.862508],[120.93352,24.86166],[120.930913,24.860236],[120.927817,24.859538],[120.927372,24.858983],[120.927517,24.856802],[120.926948,24.855404],[120.925229,24.854811],[120.931275,24.852618],[120.93359,24.852755],[120.935665,24.852229],[120.940449,24.849962],[120.943158,24.846505],[120.944817,24.841066],[120.947714,24.839742],[120.955292,24.834361],[120.957042,24.833574],[120.958057,24.833635],[120.962643,24.832552],[120.967872,24.832539],[120.974646,24.829955],[120.977973,24.829706],[120.979393,24.830056],[120.981374,24.831219],[120.983091,24.830929],[120.985432,24.829392],[120.987911,24.825416],[120.992384,24.823527],[120.995645,24.82335],[121.000391,24.822059],[121.002268,24.820169],[121.004571,24.819159],[121.007145,24.816815],[121.008278,24.816214],[121.015135,24.808562],[121.018208,24.807297],[121.021315,24.801608],[121.025745,24.799074],[121.02206,24.798509],[121.020607,24.798806],[121.022261,24.796684],[121.023152,24.796048],[121.022689,24.79547],[121.021239,24.794943],[121.02062,24.7941],[121.021894,24.791038],[121.021809,24.790446],[121.02335,24.79064],[121.024588,24.789071],[121.024324,24.787561],[121.025089,24.786242],[121.023328,24.785669],[121.023055,24.7851],[121.027523,24.782709],[121.026747,24.780904],[121.025848,24.780284],[121.024955,24.780505],[121.024955,24.779988],[121.026143,24.778878],[121.027946,24.77881],[121.027659,24.777049],[121.028644,24.776697],[121.029702,24.77701],[121.028156,24.773163],[121.029473,24.772764],[121.030377,24.772036],[121.030164,24.77142],[121.029272,24.770902],[121.029462,24.769626],[121.029164,24.768868],[121.029682,24.767986],[121.029893,24.766469],[121.030512,24.765899],[121.033066,24.764889],[121.033506,24.76411],[121.03345,24.76343],[121.032548,24.761819],[121.030524,24.761152],[121.027775,24.758056],[121.026536,24.757917],[121.023657,24.756794],[121.020591,24.756609],[121.020027,24.757143],[121.019293,24.759092],[121.018251,24.763946],[121.016949,24.764865],[121.017018,24.765811],[121.013595,24.770898],[121.009707,24.773791],[121.008026,24.774489],[121.006333,24.774416],[121.003768,24.7756],[120.999162,24.778519],[120.995479,24.780164],[120.993159,24.780597],[120.990284,24.776891],[120.989455,24.776865],[120.988178,24.777419],[120.98584,24.776907],[120.985567,24.776085],[120.984759,24.775897],[120.9864,24.773535],[120.986387,24.772252],[120.986978,24.770314],[120.98838,24.768066],[120.98638,24.768392],[120.984232,24.768088],[120.983168,24.767395],[120.981968,24.767429],[120.980635,24.76546],[120.980471,24.764127],[120.979416,24.763292],[120.978674,24.763538],[120.977129,24.76311],[120.976565,24.764411],[120.974952,24.764027],[120.974423,24.764999],[120.973025,24.764217],[120.97162,24.764682],[120.970993,24.765739],[120.969841,24.765163],[120.968108,24.761082],[120.967549,24.760595],[120.967227,24.758165],[120.967694,24.7575],[120.967412,24.756463],[120.966326,24.75577],[120.965327,24.756201],[120.964351,24.755188],[120.963506,24.755514],[120.962717,24.75491],[120.962853,24.754342],[120.962037,24.753152],[120.961461,24.751221],[120.960956,24.751163],[120.960239,24.750197],[120.958563,24.749214],[120.957475,24.749634],[120.957163,24.748357],[120.957605,24.747565],[120.957619,24.745346],[120.956386,24.745153],[120.955844,24.744458],[120.954998,24.744391],[120.953984,24.743406],[120.952625,24.74414],[120.951957,24.74379],[120.95113,24.744513],[120.948931,24.74445],[120.948109,24.74523],[120.946824,24.744792],[120.945881,24.745305],[120.943983,24.744043],[120.943658,24.741322],[120.943052,24.739846],[120.943164,24.738918],[120.941735,24.737169],[120.94169,24.735009],[120.939861,24.732744],[120.941125,24.731914],[120.94233,24.730442],[120.941822,24.728557],[120.940618,24.728434],[120.940356,24.728989],[120.938953,24.729762],[120.938404,24.729807],[120.938012,24.729421],[120.938576,24.72892],[120.938953,24.727815],[120.93783,24.727243],[120.938699,24.726699],[120.939274,24.725418],[120.938647,24.724875],[120.939098,24.722751],[120.93828,24.721464],[120.938842,24.720416],[120.938717,24.7191],[120.938163,24.718322],[120.938627,24.716611],[120.936033,24.714687],[120.936074,24.713844],[120.935427,24.712517],[120.936492,24.710825],[120.937523,24.710772],[120.937678,24.709963],[120.938538,24.709081],[120.939834,24.708335],[120.940587,24.708341],[120.942213,24.707308],[120.945122,24.707894],[120.94555,24.709868],[120.946647,24.709888],[120.948163,24.711214],[120.949797,24.711197],[120.950834,24.709527],[120.950917,24.707742],[120.951903,24.707573],[120.952464,24.706395],[120.953301,24.706068],[120.952829,24.7045],[120.953408,24.704042],[120.955107,24.704575],[120.956791,24.706571],[120.95935,24.706656],[120.960638,24.709056],[120.962234,24.709585],[120.962293,24.710881],[120.963375,24.711475],[120.963914,24.711554],[120.964552,24.710646],[120.966127,24.709641],[120.968586,24.711209],[120.969145,24.710891],[120.970385,24.710888],[120.970796,24.711262],[120.97068,24.711972],[120.971651,24.712453],[120.972347,24.711931],[120.972862,24.712247],[120.973792,24.711875],[120.974327,24.711119],[120.975032,24.711008],[120.975827,24.709495],[120.974562,24.708565],[120.976653,24.70626],[120.975832,24.704942],[120.974648,24.704366],[120.973279,24.704537],[120.972467,24.704203],[120.972186,24.703358],[120.973147,24.702325],[120.972997,24.701837],[120.973624,24.701159],[120.974093,24.69911],[120.974001,24.696943],[120.973261,24.696752],[120.972581,24.697037],[120.971879,24.696773],[120.971381,24.695586],[120.970565,24.695209],[120.970603,24.694591],[120.970192,24.694098],[120.968432,24.693185],[120.967876,24.691898],[120.966381,24.691167],[120.966015,24.690374],[120.966427,24.689163],[120.965171,24.688107],[120.966747,24.686108],[120.965701,24.684782],[120.964796,24.684679],[120.964405,24.683616],[120.967357,24.684441],[120.969962,24.684463],[120.970582,24.684211],[120.971656,24.685487],[120.972699,24.685854],[120.973518,24.685846],[120.974355,24.684853],[120.975569,24.684564],[120.976428,24.68314],[120.976293,24.68131],[120.976803,24.680551],[120.976792,24.678987],[120.977519,24.678294],[120.976484,24.676175],[120.976524,24.675422],[120.977154,24.674649],[120.976997,24.673682],[120.977759,24.673986],[120.979313,24.673716],[120.981755,24.671783],[120.98173,24.671021],[120.983197,24.669811],[120.98319,24.667194],[120.985323,24.666743],[120.985891,24.664778],[120.986773,24.663766],[120.989084,24.663032],[120.990111,24.664759],[120.990646,24.664789],[120.990638,24.660392],[120.991684,24.659542],[120.994425,24.659595],[120.995091,24.659297],[120.996142,24.658015],[120.995513,24.657245],[120.996096,24.655487],[120.997242,24.654613],[121.000291,24.654766],[121.004015,24.656382],[121.004469,24.656403],[121.005997,24.655259],[121.006974,24.655758],[121.01028,24.656207],[121.010888,24.654504],[121.01068,24.652332],[121.009762,24.651614],[121.008756,24.651568],[121.008102,24.65044],[121.008959,24.647568],[121.008209,24.644323],[121.010602,24.643743],[121.012079,24.642308],[121.014388,24.64085],[121.01848,24.640758],[121.023508,24.641818],[121.025436,24.64121],[121.025982,24.640001],[121.025161,24.637816],[121.025903,24.635912],[121.026959,24.635368],[121.02938,24.63287],[121.030188,24.632462],[121.0315,24.632566],[121.033215,24.632145],[121.037284,24.629642],[121.039059,24.629625],[121.040541,24.626966],[121.043386,24.627144],[121.044102,24.626374],[121.044656,24.624939],[121.045926,24.624092],[121.046442,24.622347],[121.048257,24.619833],[121.049402,24.618592],[121.050306,24.618441],[121.051688,24.617356],[121.051882,24.616335],[121.05154,24.615158],[121.053321,24.615451],[121.054752,24.61665],[121.055354,24.617889],[121.056844,24.618282],[121.058454,24.619955],[121.060303,24.6208],[121.061422,24.62173],[121.062338,24.621828],[121.063886,24.61956],[121.064756,24.619449],[121.065903,24.618247],[121.066928,24.616149],[121.068087,24.614865],[121.073317,24.613415],[121.075142,24.611986],[121.076083,24.609067],[121.075288,24.606063],[121.075435,24.604239],[121.076356,24.603064],[121.080032,24.601496],[121.081278,24.60057],[121.082334,24.595696],[121.082804,24.594829],[121.082532,24.593052],[121.083034,24.589759],[121.081538,24.588634],[121.079504,24.588099],[121.078743,24.583754],[121.07526,24.580667],[121.07473,24.576725],[121.072678,24.572583],[121.072006,24.567894],[121.070754,24.564682],[121.070591,24.563357],[121.067977,24.562129],[121.062734,24.557456],[121.061404,24.560002],[121.058426,24.560634],[121.058205,24.55791],[121.059213,24.556974],[121.062191,24.556154],[121.063023,24.55489],[121.066409,24.553265],[121.069992,24.550582],[121.073466,24.54942],[121.074519,24.548331],[121.074252,24.547141],[121.076232,24.543796],[121.079043,24.542307],[121.080541,24.540961],[121.080045,24.537692],[121.079159,24.535875],[121.077803,24.534237],[121.07867,24.532505],[121.078303,24.528902],[121.077435,24.528208],[121.072178,24.526353],[121.067027,24.522982],[121.06693,24.522549],[121.066689,24.520778],[121.068487,24.516586],[121.068554,24.51245],[121.069317,24.509332],[121.068104,24.507002],[121.070323,24.50608],[121.071002,24.504404],[121.072113,24.503371],[121.072144,24.501448],[121.07165,24.500178],[121.071888,24.498381],[121.075438,24.499452],[121.07892,24.499068],[121.08367,24.501134],[121.085556,24.501308],[121.086686,24.500771],[121.087752,24.499399],[121.090421,24.497858],[121.094545,24.496581],[121.098078,24.496425],[121.100338,24.498228],[121.10246,24.498252],[121.103063,24.499122],[121.104635,24.499809],[121.105328,24.500607],[121.108934,24.500971],[121.113335,24.506465],[121.116961,24.508389],[121.120962,24.50842],[121.123329,24.510233],[121.125379,24.508503],[121.127666,24.50817],[121.129657,24.506695],[121.136995,24.506655],[121.142531,24.510005],[121.145025,24.51192],[121.146088,24.509694],[121.150586,24.506092],[121.155021,24.506799],[121.156669,24.506316],[121.158135,24.505122],[121.161418,24.503581],[121.164937,24.50351],[121.169138,24.502588],[121.17058,24.504117],[121.171402,24.504132],[121.172701,24.504711],[121.174689,24.504841],[121.176127,24.505855],[121.177399,24.507437],[121.179417,24.507984],[121.183189,24.507933],[121.184363,24.506527],[121.18671,24.505361],[121.191622,24.507469],[121.195423,24.507081],[121.19807,24.508837],[121.200523,24.511458],[121.202409,24.511739],[121.203187,24.512507],[121.204589,24.512164],[121.205406,24.512772],[121.206497,24.512957],[121.206972,24.512863],[121.208178,24.511632],[121.209731,24.51153],[121.214123,24.514879],[121.215818,24.515522],[121.216745,24.515046],[121.217619,24.513902],[121.217472,24.509651],[121.219803,24.508335],[121.222143,24.507507],[121.223642,24.506307],[121.221929,24.504817],[121.220941,24.502568],[121.220966,24.50145],[121.219742,24.500765],[121.218673,24.498262],[121.221422,24.496452],[121.223506,24.494392],[121.228785,24.492412],[121.229928,24.488914],[121.233431,24.487456],[121.234435,24.488018],[121.234719,24.483661],[121.23845,24.481362],[121.239396,24.480074],[121.242293,24.478476],[121.243299,24.477294],[121.243978,24.475563],[121.244393,24.472937],[121.244428,24.469938],[121.246426,24.468765],[121.249311,24.46587],[121.252848,24.464547],[121.255686,24.46424],[121.25797,24.463353],[121.258041,24.457463],[121.262639,24.455246],[121.260931,24.452501],[121.260612,24.45141],[121.261101,24.448789],[121.261386,24.448209],[121.262196,24.448032],[121.260881,24.445646],[121.26166,24.444217],[121.260716,24.442523],[121.259076,24.441014],[121.258697,24.439937],[121.258781,24.438203],[121.25972,24.437193],[121.25998,24.43619],[121.259721,24.432021],[121.259148,24.430889],[121.260037,24.429159],[121.261374,24.428555],[121.265079,24.428648],[121.269901,24.427375],[121.271063,24.427956],[121.271527,24.429747],[121.278484,24.429325],[121.28433,24.430582],[121.286112,24.430422],[121.288198,24.430847],[121.290202,24.430777],[121.291286,24.431152],[121.292755,24.430921],[121.294495,24.432465],[121.296754,24.433027],[121.30285,24.433028],[121.30571,24.432648],[121.307674,24.433774],[121.308261,24.434726],[121.310033,24.436218],[121.313449,24.437065],[121.317468,24.441208],[121.318742,24.444066],[121.319637,24.445193],[121.320205,24.448008],[121.322028,24.451654],[121.323342,24.45575],[121.324338,24.457623],[121.326454,24.460425],[121.329497,24.462551],[121.32986,24.464261],[121.330878,24.465206],[121.332815,24.465662],[121.336001,24.467366],[121.336249,24.46808],[121.335641,24.472035],[121.338081,24.474022],[121.340074,24.474851],[121.341406,24.477341],[121.341938,24.48063],[121.342839,24.48226],[121.344253,24.482718],[121.346317,24.484656],[121.347913,24.484846],[121.350739,24.484343],[121.352778,24.485494],[121.356968,24.48621],[121.35775,24.486609],[121.359017,24.488237],[121.361894,24.490787],[121.362805,24.492329],[121.362974,24.493796],[121.363851,24.494957],[121.365036,24.495854],[121.367304,24.496483],[121.371254,24.498363],[121.372519,24.502122],[121.373354,24.509896],[121.376031,24.510054],[121.379287,24.50953],[121.380552,24.509924],[121.382539,24.509818],[121.383568,24.510217],[121.385396,24.513802],[121.385558,24.514568],[121.385117,24.51682],[121.385479,24.517086],[121.387817,24.517249],[121.388534,24.5178],[121.390621,24.523031],[121.391873,24.524111],[121.392863,24.52446],[121.397714,24.524813],[121.398507,24.525869],[121.399592,24.526507],[121.401422,24.528863],[121.401509,24.530218],[121.39886,24.53255],[121.398346,24.534112],[121.398462,24.536256],[121.397175,24.538356],[121.396747,24.539822],[121.398763,24.548203],[121.398319,24.549425],[121.395561,24.552801],[121.39468,24.555574],[121.398365,24.560455],[121.401256,24.562006],[121.401505,24.562665],[121.401311,24.564688],[121.403296,24.567513],[121.403585,24.568707],[121.405667,24.569793],[121.407471,24.569929],[121.40906,24.571624],[121.412257,24.573232],[121.412079,24.574857],[121.410213,24.579387],[121.404555,24.587755],[121.40316,24.590592],[121.403046,24.591707],[121.401697,24.591627],[121.399848,24.59035],[121.395742,24.588933],[121.394762,24.587542],[121.393716,24.587104],[121.391332,24.586458],[121.387208,24.586562],[121.385341,24.587995],[121.381191,24.590364],[121.372783,24.593747],[121.371824,24.597004],[121.366923,24.599066],[121.365874,24.600844],[121.363331,24.603128],[121.364321,24.605861],[121.364177,24.606764],[121.36369,24.607878],[121.361301,24.609877],[121.361314,24.612143],[121.359517,24.613772],[121.358818,24.617174],[121.36178,24.620659],[121.363062,24.620671],[121.363372,24.623589],[121.365429,24.628494],[121.365497,24.630673],[121.366418,24.631791],[121.365625,24.631753],[121.363477,24.632455],[121.361171,24.633751],[121.357815,24.633712],[121.357397,24.634856],[121.357389,24.637598],[121.355928,24.641054],[121.353401,24.64225],[121.352396,24.643541],[121.352233,24.645097],[121.353015,24.648784],[121.352271,24.652209],[121.352329,24.654048],[121.353524,24.655441],[121.352878,24.656432],[121.353818,24.659048],[121.353072,24.660388],[121.353111,24.66127],[121.353528,24.661678],[121.353293,24.662919],[121.353727,24.664955],[121.353045,24.665443],[121.35323,24.666322],[121.35365,24.666484],[121.353519,24.667798],[121.351682,24.666099],[121.350461,24.666518],[121.348992,24.667912],[121.345481,24.666436],[121.344856,24.666735],[121.344337,24.668942],[121.343668,24.669395],[121.342452,24.668852],[121.340412,24.666437],[121.339688,24.666232],[121.339204,24.66656],[121.339619,24.668235],[121.339313,24.669339],[121.339843,24.670133],[121.339808,24.67187],[121.339135,24.674743],[121.33936,24.675667],[121.338992,24.679072],[121.338577,24.679958],[121.329766,24.690966],[121.326681,24.69346],[121.324169,24.694972],[121.320274,24.695793],[121.319409,24.696356],[121.31874,24.697634],[121.317185,24.698137],[121.314754,24.698052],[121.312848,24.697524],[121.3074,24.694679],[121.30671,24.694011],[121.303904,24.692917],[121.30106,24.693819],[121.299841,24.694959],[121.299486,24.695566],[121.299556,24.696589],[121.302263,24.701908],[121.30218,24.703876],[121.303034,24.705719],[121.30328,24.708388],[121.305432,24.711028],[121.306407,24.713083],[121.307617,24.719904],[121.305721,24.723827],[121.305396,24.725993],[121.303873,24.726543],[121.30046,24.729836],[121.29867,24.73071],[121.298231,24.732236],[121.298261,24.734092],[121.299197,24.736471],[121.300201,24.737721],[121.30029,24.739272],[121.30113,24.741993],[121.302575,24.743812],[121.305286,24.746281],[121.305551,24.748053],[121.305107,24.750201],[121.307716,24.754982],[121.305597,24.756083],[121.304142,24.757445],[121.301863,24.761481],[121.301544,24.763008],[121.300302,24.763555],[121.298085,24.762933],[121.29419,24.763866],[121.293092,24.765315],[121.292458,24.767725],[121.287547,24.768682],[121.285559,24.77008],[121.277167,24.771004],[121.275229,24.773309],[121.273552,24.774592],[121.2713,24.774818],[121.271355,24.777272],[121.2706,24.778351],[121.267979,24.779932],[121.266026,24.779793],[121.264859,24.781377],[121.263268,24.781148],[121.260013,24.781959],[121.259718,24.783606],[121.25867,24.784699],[121.258483,24.785873],[121.258667,24.786519],[121.260433,24.787917],[121.261174,24.789956],[121.260937,24.791833],[121.260314,24.793218],[121.259557,24.793713],[121.257605,24.79283],[121.254696,24.793852],[121.253176,24.793654],[121.251089,24.794497],[121.250369,24.795668],[121.247727,24.796719],[121.247098,24.797754],[121.246623,24.800072],[121.247667,24.801384],[121.247442,24.803492],[121.246598,24.805089],[121.245435,24.805977],[121.245423,24.806961],[121.243442,24.80869],[121.243093,24.808704],[121.241496,24.806288],[121.238244,24.804653],[121.2344,24.804261],[121.228489,24.802912],[121.225198,24.800946],[121.221606,24.799378],[121.22086,24.802994],[121.219627,24.804079],[121.219939,24.807438],[121.218724,24.808646],[121.218786,24.809538],[121.219684,24.810737],[121.219588,24.811789],[121.21704,24.812415],[121.214896,24.811971],[121.212829,24.810494],[121.211609,24.810379],[121.210779,24.809766],[121.20954,24.809482],[121.209352,24.808798],[121.208421,24.808185],[121.208051,24.807156],[121.206929,24.806995],[121.205834,24.807514],[121.20543,24.807198],[121.204669,24.807248],[121.204459,24.808401],[121.202845,24.809881],[121.202905,24.810306],[121.203424,24.811269],[121.204283,24.811915],[121.205727,24.812173],[121.205864,24.81265],[121.205126,24.813401],[121.203672,24.813935],[121.203149,24.81457],[121.202966,24.816143],[121.202354,24.816118],[121.202246,24.81643],[121.203314,24.817314],[121.201756,24.81791],[121.200802,24.817814],[121.199338,24.816129],[121.199749,24.815197],[121.198776,24.81496],[121.196822,24.816788],[121.196518,24.817812],[121.192425,24.819748],[121.18909,24.822083],[121.18591,24.823822],[121.176838,24.827288],[121.173663,24.827708],[121.17423,24.82916],[121.175892,24.831119],[121.176186,24.832133],[121.1745,24.83232],[121.17384,24.83344],[121.169922,24.834806],[121.169436,24.834781],[121.168797,24.833984],[121.166445,24.836208],[121.165811,24.835892],[121.161688,24.837478],[121.16011,24.837363],[121.159417,24.838674],[121.158238,24.839208],[121.156422,24.840684],[121.155901,24.842119],[121.154743,24.8423],[121.154416,24.844059],[121.15198,24.843813],[121.15004,24.844288],[121.150319,24.844807],[121.152836,24.846164],[121.153561,24.847398],[121.153609,24.848723],[121.15554,24.849914],[121.156043,24.851275],[121.155946,24.851943],[121.157059,24.852434],[121.156965,24.853279],[121.156304,24.853617],[121.1569,24.855146],[121.156508,24.855908],[121.158083,24.856506],[121.157692,24.856954],[121.159074,24.857921],[121.160232,24.857798],[121.159595,24.858079],[121.15925,24.859022],[121.160073,24.858456],[121.161384,24.859469],[121.160732,24.859914],[121.160942,24.860374],[121.160285,24.860861],[121.160685,24.861747],[121.159882,24.862442],[121.160078,24.862935],[121.16079,24.863139],[121.160662,24.864065],[121.160152,24.864646],[121.159447,24.868731],[121.158004,24.871958],[121.157661,24.872376],[121.15707,24.872337],[121.15699,24.873554],[121.156211,24.874435],[121.158064,24.874604],[121.157885,24.877271],[121.157016,24.87817],[121.15567,24.880709],[121.154514,24.880178],[121.153701,24.880434],[121.152203,24.880222],[121.151116,24.880956],[121.149685,24.880628],[121.14928,24.881222],[121.148547,24.881248],[121.147346,24.88079],[121.145572,24.880818],[121.145282,24.880355],[121.144662,24.880204],[121.142469,24.881741],[121.14171,24.881867],[121.141144,24.881433],[121.139093,24.882437],[121.136761,24.880926],[121.136462,24.879746],[121.135645,24.878975],[121.135589,24.877988],[121.134092,24.878506],[121.133305,24.879606],[121.131233,24.880072],[121.12964,24.879685],[121.12815,24.880952],[121.123902,24.879933],[121.117184,24.881786],[121.116334,24.881678],[121.115013,24.882546],[121.113496,24.882558],[121.110569,24.884857],[121.108538,24.886038],[121.107774,24.886067],[121.108065,24.886633],[121.109284,24.887466],[121.109078,24.887965],[121.109978,24.888776],[121.111024,24.89122],[121.110536,24.892898],[121.110682,24.893838],[121.109855,24.8954],[121.110114,24.896074],[121.109079,24.897736],[121.101313,24.895152],[121.093955,24.893611],[121.09128,24.89336],[121.089429,24.895382],[121.086552,24.896517],[121.085771,24.897635],[121.083449,24.898852],[121.081961,24.898999],[121.080644,24.898352],[121.078827,24.89875],[121.076959,24.898709],[121.076181,24.899397],[121.073839,24.899905],[121.071107,24.899478],[121.070546,24.901854],[121.069095,24.902776],[121.0644,24.903742],[121.062453,24.904597],[121.060705,24.90366],[121.059793,24.904522],[121.058293,24.905213],[121.057588,24.905968],[121.05912,24.907179],[121.059179,24.908051],[121.058141,24.910346],[121.058239,24.913902],[121.060386,24.918394],[121.06087,24.920294],[121.060096,24.920676],[121.060652,24.92149],[121.060961,24.923557],[121.060753,24.924519],[121.059663,24.925761],[121.058365,24.930076],[121.057571,24.930451],[121.058336,24.932377],[121.057657,24.933032],[121.058555,24.935158],[121.058337,24.936841],[121.056987,24.936845],[121.055448,24.93624],[121.053545,24.937268],[121.053338,24.937884],[121.052952,24.937713],[121.051632,24.938697],[121.050252,24.938649],[121.04959,24.939211],[121.048623,24.939427],[121.047993,24.940164],[121.04795,24.941262],[121.046259,24.942381],[121.046292,24.943548],[121.044419,24.943527],[121.042395,24.944162],[121.040631,24.943257],[121.038998,24.944699]]]}},{"type":"Feature","id":"10005","properties":{"CountyID":"K","CountyCode":"10005","NameZh":"苗栗縣","NameEn":"Miaoli County"},"geometry":{"type":"Polygon","coordinates":[[[120.911982,24.732445],[120.908513,24.736505],[120.908666,24.740109],[120.908536,24.740589],[120.907807,24.741071],[120.90587,24.740679],[120.904798,24.739404],[120.903286,24.738561],[120.901512,24.736355],[120.897433,24.733464],[120.89362,24.732316],[120.892354,24.733155],[120.891041,24.731773],[120.887464,24.73387],[120.886926,24.733417],[120.8848,24.732788],[120.883568,24.734528],[120.881036,24.733288],[120.874537,24.73832],[120.873106,24.736357],[120.864796,24.727223],[120.861333,24.721648],[120.861563,24.721086],[120.859719,24.7169],[120.85925,24.714643],[120.857943,24.711331],[120.857729,24.706671],[120.856172,24.702504],[120.855317,24.701584],[120.854531,24.701834],[120.855079,24.701432],[120.851569,24.699444],[120.847572,24.695931],[120.8404,24.687857],[120.837931,24.686419],[120.832591,24.682406],[120.829945,24.67993],[120.827566,24.676846],[120.824094,24.673373],[120.82306,24.672675],[120.820838,24.672847],[120.809383,24.671229],[120.806525,24.670573],[120.802806,24.669092],[120.793378,24.667659],[120.791593,24.667814],[120.78641,24.666211],[120.782238,24.664494],[120.778713,24.662565],[120.776443,24.660891],[120.769433,24.653944],[120.768519,24.654691],[120.768429,24.654467],[120.769338,24.653864],[120.768929,24.651977],[120.767781,24.650446],[120.766476,24.649735],[120.764227,24.649522],[120.763586,24.64907],[120.760854,24.643122],[120.757695,24.64152],[120.757084,24.640141],[120.756374,24.632544],[120.755953,24.631472],[120.754015,24.6312],[120.753895,24.630252],[120.752374,24.627404],[120.748929,24.625953],[120.745835,24.621733],[120.738199,24.62086],[120.734975,24.617395],[120.732682,24.613295],[120.731172,24.611864],[120.729965,24.610844],[120.725995,24.60943],[120.723775,24.608222],[120.721673,24.606144],[120.720259,24.604153],[120.715813,24.600971],[120.712656,24.59348],[120.711328,24.59294],[120.709765,24.591018],[120.70911,24.588861],[120.708085,24.582452],[120.707219,24.580388],[120.705336,24.577588],[120.70501,24.575874],[120.703918,24.575161],[120.704657,24.573852],[120.704549,24.572835],[120.702033,24.568998],[120.701187,24.561534],[120.69824,24.558478],[120.696882,24.555764],[120.696651,24.553398],[120.695612,24.553108],[120.695446,24.552663],[120.695847,24.551173],[120.69419,24.55012],[120.693368,24.548867],[120.691054,24.539044],[120.688688,24.536669],[120.688304,24.535562],[120.688089,24.530472],[120.684682,24.521387],[120.679393,24.515771],[120.677635,24.514525],[120.674274,24.509548],[120.67128,24.502107],[120.670484,24.501002],[120.668439,24.499815],[120.667639,24.496524],[120.667764,24.493399],[120.6653,24.489765],[120.666102,24.488847],[120.665577,24.487545],[120.666402,24.48802],[120.665926,24.487544],[120.665041,24.48723],[120.665306,24.486756],[120.664807,24.484379],[120.665401,24.483607],[120.66183,24.48378],[120.660119,24.480633],[120.659492,24.478737],[120.658494,24.477302],[120.65266,24.470737],[120.648501,24.467492],[120.643766,24.462602],[120.640317,24.460714],[120.639612,24.460009],[120.639623,24.456666],[120.637767,24.454183],[120.635244,24.452506],[120.634195,24.450945],[120.632587,24.449765],[120.631359,24.447633],[120.627897,24.445699],[120.625441,24.443025],[120.621861,24.440287],[120.626295,24.43914],[120.6286,24.438036],[120.629417,24.436152],[120.631128,24.434464],[120.6321,24.432422],[120.639665,24.427766],[120.640289,24.424119],[120.641096,24.423122],[120.643197,24.421707],[120.642851,24.417547],[120.643512,24.415971],[120.643344,24.415342],[120.643886,24.414857],[120.645257,24.414569],[120.64597,24.412293],[120.648172,24.411325],[120.648404,24.410878],[120.648138,24.410134],[120.648839,24.409492],[120.650552,24.409351],[120.651903,24.408318],[120.655241,24.407584],[120.655715,24.407016],[120.65689,24.40716],[120.658004,24.406718],[120.663629,24.402312],[120.665733,24.400275],[120.666167,24.398904],[120.667407,24.397829],[120.667482,24.396194],[120.669039,24.394465],[120.670108,24.391956],[120.671049,24.391138],[120.672399,24.391333],[120.673149,24.390985],[120.675926,24.388367],[120.678649,24.38707],[120.677278,24.384156],[120.685749,24.378902],[120.688537,24.374971],[120.689945,24.374337],[120.692326,24.367542],[120.69337,24.36676],[120.698157,24.364909],[120.7001,24.363171],[120.7032,24.361878],[120.707427,24.361726],[120.707297,24.357865],[120.723153,24.354672],[120.728401,24.352839],[120.730406,24.351808],[120.734456,24.34794],[120.741562,24.342527],[120.743284,24.340508],[120.746791,24.33759],[120.748617,24.336153],[120.75224,24.334169],[120.753735,24.332412],[120.75814,24.328853],[120.760095,24.32823],[120.763003,24.326013],[120.765422,24.325514],[120.767053,24.325573],[120.773121,24.321735],[120.775394,24.320907],[120.777672,24.320624],[120.778402,24.320108],[120.78046,24.319823],[120.783827,24.318352],[120.786469,24.318117],[120.787843,24.318359],[120.791322,24.317387],[120.792459,24.317526],[120.796003,24.316378],[120.803766,24.316144],[120.806532,24.31568],[120.807453,24.315148],[120.809803,24.312743],[120.817571,24.30742],[120.819682,24.303608],[120.825272,24.296822],[120.828162,24.295045],[120.829448,24.293652],[120.831804,24.292379],[120.833257,24.29065],[120.837711,24.289335],[120.847274,24.288595],[120.85055,24.288522],[120.857229,24.289109],[120.866843,24.293073],[120.876117,24.295004],[120.881625,24.294881],[120.884835,24.294385],[120.891582,24.29408],[120.902989,24.292178],[120.904976,24.292284],[120.909042,24.293964],[120.911906,24.294064],[120.916774,24.299012],[120.919888,24.300703],[120.921481,24.302036],[120.922499,24.303944],[120.922176,24.305859],[120.920754,24.308245],[120.920171,24.310626],[120.920019,24.313838],[120.920652,24.317792],[120.920503,24.320107],[120.919654,24.324223],[120.916499,24.333464],[120.916606,24.335128],[120.917182,24.33585],[120.919648,24.337137],[120.926317,24.338648],[120.933403,24.342329],[120.935644,24.342915],[120.938145,24.341706],[120.939968,24.339999],[120.942459,24.339136],[120.945171,24.339786],[120.946523,24.339101],[120.952314,24.339073],[120.954092,24.338603],[120.956786,24.339298],[120.958953,24.336968],[120.960161,24.335054],[120.962658,24.334772],[120.966488,24.33346],[120.972365,24.333507],[120.97722,24.334732],[120.979621,24.334419],[120.981985,24.335904],[120.983841,24.334433],[120.985586,24.33166],[120.991778,24.32962],[120.996158,24.330277],[120.997563,24.330142],[121.000481,24.332662],[121.002303,24.332823],[121.004152,24.3323],[121.004971,24.331637],[121.008215,24.326862],[121.011568,24.323973],[121.012641,24.321971],[121.014495,24.320114],[121.018019,24.311296],[121.020023,24.309244],[121.026205,24.306748],[121.029366,24.304708],[121.031694,24.302],[121.033114,24.298824],[121.034134,24.297817],[121.036984,24.296624],[121.045192,24.295326],[121.047083,24.29614],[121.049142,24.295999],[121.05135,24.297821],[121.052244,24.299327],[121.052114,24.301866],[121.052563,24.304241],[121.054919,24.307664],[121.055526,24.310594],[121.057427,24.311267],[121.0584,24.312729],[121.060901,24.313118],[121.064802,24.315437],[121.070213,24.315759],[121.070914,24.316821],[121.071881,24.317131],[121.072599,24.318429],[121.073855,24.319195],[121.073691,24.321388],[121.073076,24.322823],[121.075307,24.322604],[121.078462,24.322807],[121.081473,24.324136],[121.083063,24.321702],[121.085082,24.319705],[121.086443,24.317679],[121.087509,24.31754],[121.088285,24.318325],[121.08911,24.31859],[121.091926,24.31863],[121.094352,24.319811],[121.095713,24.322568],[121.096798,24.322821],[121.098054,24.323629],[121.100087,24.323837],[121.102256,24.324584],[121.103776,24.326812],[121.105292,24.328151],[121.106344,24.328595],[121.108477,24.330954],[121.114873,24.328637],[121.118551,24.33037],[121.12158,24.330679],[121.121835,24.331851],[121.121503,24.334293],[121.122626,24.337743],[121.124126,24.340554],[121.125299,24.34199],[121.126619,24.341574],[121.12844,24.342171],[121.130198,24.344711],[121.131353,24.348249],[121.131227,24.349357],[121.133574,24.351674],[121.136443,24.353132],[121.1378,24.354692],[121.137605,24.355359],[121.137965,24.356271],[121.14096,24.359643],[121.144909,24.358069],[121.148408,24.35788],[121.150918,24.358712],[121.155538,24.359042],[121.159415,24.360797],[121.162261,24.360563],[121.16467,24.360989],[121.167382,24.360594],[121.168369,24.360912],[121.168871,24.361522],[121.169005,24.364313],[121.171097,24.366133],[121.172449,24.366806],[121.173063,24.368381],[121.174177,24.36892],[121.17305,24.370678],[121.173424,24.373344],[121.174696,24.373851],[121.176969,24.376663],[121.178516,24.377916],[121.181676,24.378861],[121.183297,24.381011],[121.184741,24.381489],[121.186592,24.381185],[121.190236,24.381622],[121.190897,24.383569],[121.192997,24.385834],[121.195307,24.390024],[121.196715,24.391519],[121.197187,24.396588],[121.200713,24.39761],[121.207197,24.397905],[121.208818,24.396584],[121.210292,24.396121],[121.210818,24.39504],[121.210434,24.391616],[121.211249,24.388392],[121.213457,24.384026],[121.213503,24.381852],[121.215876,24.379455],[121.216624,24.380378],[121.218458,24.381262],[121.22562,24.383026],[121.227107,24.38298],[121.232057,24.384005],[121.231618,24.387606],[121.234634,24.391125],[121.234977,24.391923],[121.234661,24.397337],[121.235739,24.398597],[121.238024,24.400285],[121.238141,24.401506],[121.240139,24.403539],[121.242921,24.404765],[121.243569,24.405717],[121.242904,24.409081],[121.24333,24.411203],[121.242913,24.412832],[121.241988,24.414094],[121.242732,24.414723],[121.243596,24.416607],[121.243301,24.418756],[121.243897,24.420076],[121.246113,24.422783],[121.249147,24.423793],[121.249998,24.424907],[121.257613,24.425046],[121.258887,24.427714],[121.260218,24.429009],[121.259148,24.430889],[121.259721,24.432021],[121.25998,24.43619],[121.25972,24.437193],[121.258781,24.438203],[121.258697,24.439937],[121.259076,24.441014],[121.260716,24.442523],[121.26166,24.444217],[121.260881,24.445646],[121.262196,24.448032],[121.261386,24.448209],[121.261101,24.448789],[121.260612,24.45141],[121.260931,24.452501],[121.262639,24.455246],[121.258041,24.457463],[121.25797,24.463353],[121.255686,24.46424],[121.252848,24.464547],[121.249311,24.46587],[121.246426,24.468765],[121.244428,24.469938],[121.244393,24.472937],[121.243978,24.475563],[121.243299,24.477294],[121.242293,24.478476],[121.239396,24.480074],[121.23845,24.481362],[121.234719,24.483661],[121.234435,24.488018],[121.233431,24.487456],[121.229928,24.488914],[121.228785,24.492412],[121.223506,24.494392],[121.221422,24.496452],[121.218673,24.498262],[121.219742,24.500765],[121.220966,24.50145],[121.220941,24.502568],[121.221929,24.504817],[121.223642,24.506307],[121.222143,24.507507],[121.219803,24.508335],[121.217472,24.509651],[121.217655,24.513617],[121.216996,24.514796],[121.215818,24.515522],[121.214782,24.515262],[121.209551,24.511486],[121.208178,24.511632],[121.206667,24.512955],[121.205406,24.512772],[121.204589,24.512164],[121.203187,24.512507],[121.202409,24.511739],[121.200249,24.51129],[121.19807,24.508837],[121.19569,24.507171],[121.194436,24.507027],[121.191622,24.507469],[121.18671,24.505361],[121.184363,24.506527],[121.183189,24.507933],[121.179838,24.508036],[121.177918,24.507652],[121.175099,24.505068],[121.17058,24.504117],[121.169138,24.502588],[121.164937,24.50351],[121.161418,24.503581],[121.158135,24.505122],[121.156669,24.506316],[121.155021,24.506799],[121.150586,24.506092],[121.146088,24.509694],[121.145025,24.51192],[121.142531,24.510005],[121.136995,24.506655],[121.129657,24.506695],[121.127666,24.50817],[121.125379,24.508503],[121.123329,24.510233],[121.120962,24.50842],[121.116961,24.508389],[121.113335,24.506465],[121.108934,24.500971],[121.105328,24.500607],[121.104635,24.499809],[121.103063,24.499122],[121.10246,24.498252],[121.100338,24.498228],[121.098078,24.496425],[121.094545,24.496581],[121.090421,24.497858],[121.087752,24.499399],[121.086686,24.500771],[121.085556,24.501308],[121.08367,24.501134],[121.07892,24.499068],[121.075438,24.499452],[121.071888,24.498381],[121.07165,24.500178],[121.072144,24.501448],[121.072113,24.503371],[121.071002,24.504404],[121.070323,24.50608],[121.068104,24.507002],[121.069317,24.509332],[121.068554,24.51245],[121.068487,24.516586],[121.066689,24.520778],[121.06693,24.522549],[121.067027,24.522982],[121.072178,24.526353],[121.077435,24.528208],[121.078303,24.528902],[121.07867,24.532505],[121.077803,24.534237],[121.079159,24.535875],[121.080045,24.537692],[121.080541,24.540961],[121.079043,24.542307],[121.076232,24.543796],[121.074252,24.547141],[121.074519,24.548331],[121.073466,24.54942],[121.069992,24.550582],[121.066409,24.553265],[121.063023,24.55489],[121.062191,24.556154],[121.059213,24.556974],[121.058205,24.55791],[121.058426,24.560634],[121.061404,24.560002],[121.062734,24.557456],[121.067977,24.562129],[121.070591,24.563357],[121.070754,24.564682],[121.072006,24.567894],[121.072678,24.572583],[121.07473,24.576725],[121.07526,24.580667],[121.078743,24.583754],[121.079504,24.588099],[121.081538,24.588634],[121.083034,24.589759],[121.082532,24.593052],[121.082804,24.594829],[121.082334,24.595696],[121.081278,24.60057],[121.080032,24.601496],[121.076356,24.603064],[121.075497,24.604066],[121.075288,24.606063],[121.076083,24.609067],[121.074929,24.612303],[121.072871,24.613587],[121.068087,24.614865],[121.066928,24.616149],[121.065903,24.618247],[121.064756,24.619449],[121.063886,24.61956],[121.062338,24.621828],[121.061422,24.62173],[121.060303,24.6208],[121.058454,24.619955],[121.056844,24.618282],[121.055354,24.617889],[121.054752,24.61665],[121.053321,24.615451],[121.05154,24.615158],[121.051882,24.616335],[121.051688,24.617356],[121.050306,24.618441],[121.049402,24.618592],[121.048257,24.619833],[121.046442,24.622347],[121.045926,24.624092],[121.044656,24.624939],[121.044102,24.626374],[121.043386,24.627144],[121.040541,24.626966],[121.039059,24.629625],[121.037284,24.629642],[121.033215,24.632145],[121.0315,24.632566],[121.030188,24.632462],[121.02938,24.63287],[121.026959,24.635368],[121.025903,24.635912],[121.025161,24.637816],[121.025982,24.640001],[121.025436,24.64121],[121.023508,24.641818],[121.01848,24.640758],[121.014388,24.64085],[121.012079,24.642308],[121.010602,24.643743],[121.008209,24.644323],[121.008959,24.647568],[121.008102,24.65044],[121.008756,24.651568],[121.009762,24.651614],[121.01068,24.652332],[121.010888,24.654504],[121.01028,24.656207],[121.006974,24.655758],[121.005997,24.655259],[121.004469,24.656403],[121.004015,24.656382],[121.000291,24.654766],[120.997242,24.654613],[120.996096,24.655487],[120.995513,24.657245],[120.996142,24.658015],[120.995091,24.659297],[120.994425,24.659595],[120.991684,24.659542],[120.990638,24.660392],[120.990646,24.664789],[120.990111,24.664759],[120.989084,24.663032],[120.986773,24.663766],[120.985891,24.664778],[120.985323,24.666743],[120.98319,24.667194],[120.983197,24.669811],[120.98173,24.671021],[120.981755,24.671783],[120.979313,24.673716],[120.977759,24.673986],[120.976997,24.673682],[120.977154,24.674649],[120.976524,24.675422],[120.976484,24.676175],[120.977519,24.678294],[120.976792,24.678987],[120.976803,24.680551],[120.976293,24.68131],[120.976428,24.68314],[120.975569,24.684564],[120.974355,24.684853],[120.973518,24.685846],[120.972699,24.685854],[120.971656,24.685487],[120.970582,24.684211],[120.969962,24.684463],[120.967357,24.684441],[120.964405,24.683616],[120.964796,24.684679],[120.965701,24.684782],[120.966747,24.686108],[120.965171,24.688107],[120.966427,24.689163],[120.966015,24.690374],[120.966381,24.691167],[120.967876,24.691898],[120.968432,24.693185],[120.970192,24.694098],[120.970603,24.694591],[120.970565,24.695209],[120.971381,24.695586],[120.971879,24.696773],[120.972581,24.697037],[120.973261,24.696752],[120.974001,24.696943],[120.974093,24.69911],[120.973624,24.701159],[120.972997,24.701837],[120.973147,24.702325],[120.972186,24.703358],[120.972467,24.704203],[120.973279,24.704537],[120.974648,24.704366],[120.975832,24.704942],[120.976653,24.70626],[120.974562,24.708565],[120.975827,24.709495],[120.975032,24.711008],[120.974327,24.711119],[120.973792,24.711875],[120.972862,24.712247],[120.972347,24.711931],[120.971651,24.712453],[120.97068,24.711972],[120.970796,24.711262],[120.970385,24.710888],[120.969145,24.710891],[120.968586,24.711209],[120.966127,24.709641],[120.964552,24.710646],[120.963914,24.711554],[120.963375,24.711475],[120.962293,24.710881],[120.962234,24.709585],[120.960638,24.709056],[120.95935,24.706656],[120.956791,24.706571],[120.955107,24.704575],[120.953408,24.704042],[120.952829,24.7045],[120.953301,24.706068],[120.952464,24.706395],[120.951903,24.707573],[120.950917,24.707742],[120.950834,24.709527],[120.949797,24.711197],[120.948163,24.711214],[120.946647,24.709888],[120.94555,24.709868],[120.945122,24.707894],[120.941826,24.707386],[120.940587,24.708341],[120.939834,24.708335],[120.938538,24.709081],[120.937678,24.709963],[120.937523,24.710772],[120.9363,24.711004],[120.935135,24.712972],[120.933044,24.713286],[120.931454,24.714367],[120.930688,24.715188],[120.930308,24.716616],[120.928839,24.715285],[120.928042,24.715757],[120.926889,24.715046],[120.925116,24.715451],[120.923643,24.714551],[120.922621,24.714806],[120.921967,24.715422],[120.921971,24.71608],[120.921199,24.715921],[120.920586,24.716733],[120.91933,24.716933],[120.917691,24.716218],[120.913667,24.717333],[120.914347,24.718017],[120.914379,24.718974],[120.916011,24.720522],[120.916301,24.721379],[120.913797,24.724203],[120.914182,24.727061],[120.913652,24.727185],[120.91369,24.727862],[120.913087,24.728554],[120.912826,24.730404],[120.911982,24.732445]]]}},{"type":"Feature","id":"10007","properties":{"CountyID":"N","CountyCode":"10007","NameZh":"彰化縣","NameEn":"Changhua County"},"geometry":{"type":"Polygon","coordinates":[[[120.45656,24.207183],[120.456552,24.206476],[120.456469,24.206901],[120.453511,24.203639],[120.453168,24.202037],[120.450662,24.197876],[120.447114,24.194322],[120.446356,24.192483],[120.443957,24.18894],[120.442354,24.188485],[120.440194,24.186293],[120.439164,24.18573],[120.434765,24.186574],[120.432706,24.186651],[120.431092,24.185199],[120.429735,24.184513],[120.424715,24.1833],[120.424386,24.181858],[120.42616,24.179685],[120.425762,24.178657],[120.423373,24.176134],[120.42117,24.175628],[120.418326,24.173671],[120.416082,24.16953],[120.416031,24.166045],[120.415246,24.163999],[120.414874,24.160803],[120.415271,24.158368],[120.415,24.157557],[120.409142,24.156294],[120.408348,24.155705],[120.408053,24.154951],[120.408208,24.154296],[120.40889,24.153888],[120.41173,24.15331],[120.412792,24.152233],[120.412705,24.15111],[120.410243,24.147601],[120.409014,24.142658],[120.407119,24.139557],[120.404805,24.139235],[120.40186,24.138288],[120.399991,24.135289],[120.399704,24.133055],[120.399977,24.131734],[120.401193,24.129932],[120.401144,24.128969],[120.400183,24.127877],[120.399287,24.124777],[120.397673,24.122212],[120.396833,24.117493],[120.396235,24.116689],[120.395842,24.116735],[120.396039,24.116425],[120.394853,24.114832],[120.394441,24.114939],[120.39466,24.114572],[120.393445,24.112938],[120.392934,24.113046],[120.393283,24.112721],[120.392073,24.111094],[120.391592,24.111241],[120.391892,24.11085],[120.390638,24.109165],[120.390153,24.109349],[120.390524,24.109011],[120.389529,24.107674],[120.38899,24.107943],[120.389413,24.107517],[120.388423,24.106187],[120.387899,24.106446],[120.38828,24.10601],[120.37955,24.09429],[120.379695,24.093155],[120.380202,24.092692],[120.380025,24.094491],[120.381818,24.096854],[120.386346,24.097043],[120.385996,24.09362],[120.385821,24.092874],[120.38492,24.091897],[120.384808,24.089165],[120.384171,24.087672],[120.382382,24.086477],[120.375453,24.083015],[120.370825,24.081691],[120.365584,24.081492],[120.36337,24.080848],[120.36117,24.076288],[120.359194,24.074277],[120.354854,24.072505],[120.351314,24.071871],[120.347775,24.069617],[120.345261,24.066779],[120.342086,24.060128],[120.339734,24.059724],[120.339572,24.059368],[120.340673,24.057647],[120.341221,24.057441],[120.342412,24.05472],[120.341416,24.039617],[120.340916,24.036423],[120.340366,24.035113],[120.337803,24.031287],[120.336068,24.017892],[120.335293,24.015743],[120.334142,24.013939],[120.332442,24.012593],[120.32994,24.011466],[120.320022,24.003336],[120.316458,23.999232],[120.31187,23.989772],[120.310932,23.988347],[120.308743,23.987104],[120.308294,23.98345],[120.308384,23.975257],[120.307709,23.973142],[120.306921,23.972223],[120.294627,23.963215],[120.291851,23.960466],[120.290263,23.958224],[120.288824,23.957591],[120.286148,23.957106],[120.284021,23.955782],[120.282833,23.954506],[120.281633,23.952459],[120.280333,23.948401],[120.280572,23.94601],[120.281623,23.943448],[120.279549,23.934894],[120.278811,23.933595],[120.275472,23.932075],[120.273971,23.932039],[120.269142,23.930587],[120.267192,23.928183],[120.265179,23.923744],[120.263753,23.921823],[120.261052,23.919728],[120.260577,23.918118],[120.260891,23.915038],[120.258715,23.911104],[120.256239,23.907894],[120.255615,23.903375],[120.255828,23.902283],[120.256729,23.901364],[120.257743,23.899329],[120.257655,23.898593],[120.25523,23.894187],[120.252216,23.891667],[120.247151,23.888443],[120.239545,23.887689],[120.23533,23.88526],[120.230741,23.880576],[120.226876,23.877801],[120.226151,23.87688],[120.225926,23.875799],[120.226277,23.875098],[120.226202,23.874143],[120.225502,23.87251],[120.223639,23.869345],[120.220537,23.866698],[120.220362,23.866219],[120.229456,23.854982],[120.237851,23.846355],[120.246235,23.839543],[120.250395,23.836761],[120.255019,23.834252],[120.308126,23.820302],[120.316402,23.820058],[120.333145,23.822286],[120.352396,23.822321],[120.358137,23.822813],[120.360115,23.823257],[120.370325,23.828559],[120.382899,23.828557],[120.410336,23.826376],[120.418436,23.827009],[120.425257,23.830248],[120.43311,23.830148],[120.43953,23.826865],[120.443359,23.822661],[120.450652,23.818659],[120.452089,23.817216],[120.458124,23.816124],[120.475263,23.809035],[120.483167,23.806569],[120.498409,23.803608],[120.503191,23.801951],[120.510001,23.8002],[120.521225,23.799779],[120.527927,23.799062],[120.529109,23.799191],[120.535471,23.801294],[120.540917,23.801018],[120.545922,23.801479],[120.551225,23.801128],[120.558182,23.799434],[120.560288,23.798145],[120.573287,23.796358],[120.578028,23.795276],[120.582693,23.793761],[120.586962,23.791912],[120.592094,23.791353],[120.592783,23.791032],[120.615004,23.791362],[120.625037,23.790032],[120.628327,23.790011],[120.630245,23.789789],[120.633132,23.788891],[120.63502,23.78677],[120.640234,23.786076],[120.641548,23.785622],[120.658137,23.791041],[120.66417,23.792287],[120.666808,23.793666],[120.669656,23.796119],[120.674924,23.799724],[120.680132,23.801664],[120.683896,23.801352],[120.683908,23.803357],[120.683413,23.805418],[120.682461,23.806077],[120.679779,23.805751],[120.678984,23.805943],[120.679079,23.806614],[120.678682,23.807013],[120.678415,23.808398],[120.678514,23.811148],[120.67798,23.814076],[120.678819,23.816295],[120.676745,23.818939],[120.674256,23.820037],[120.672589,23.81918],[120.671791,23.819366],[120.67137,23.818711],[120.669936,23.818521],[120.667983,23.817345],[120.667587,23.8166],[120.66594,23.81613],[120.664733,23.81631],[120.665132,23.815785],[120.66505,23.815036],[120.662445,23.815374],[120.660415,23.814625],[120.658654,23.814526],[120.655605,23.81281],[120.650917,23.812505],[120.650065,23.814362],[120.647976,23.816638],[120.646566,23.817253],[120.644588,23.817551],[120.641689,23.819823],[120.639931,23.820327],[120.639955,23.821114],[120.64048,23.821395],[120.639602,23.822083],[120.637761,23.821779],[120.637785,23.822173],[120.63874,23.822633],[120.638494,23.823271],[120.637817,23.823415],[120.637823,23.823702],[120.639192,23.824563],[120.636602,23.824809],[120.636684,23.825309],[120.636352,23.825539],[120.633864,23.825841],[120.634963,23.825896],[120.636759,23.825755],[120.637022,23.825854],[120.637954,23.825379],[120.640009,23.825106],[120.639914,23.825752],[120.637727,23.826382],[120.639133,23.826667],[120.639455,23.827417],[120.638827,23.827597],[120.63748,23.827322],[120.636045,23.827916],[120.636018,23.828483],[120.636771,23.828037],[120.638185,23.828917],[120.636783,23.829997],[120.637362,23.830277],[120.637196,23.830555],[120.634353,23.831113],[120.636047,23.831645],[120.63845,23.831412],[120.637315,23.832048],[120.637054,23.83279],[120.635282,23.833211],[120.633393,23.832963],[120.63042,23.831195],[120.630878,23.832243],[120.630513,23.832428],[120.628131,23.831206],[120.627593,23.831327],[120.626281,23.830866],[120.624306,23.829427],[120.623595,23.829485],[120.622961,23.830364],[120.623914,23.830767],[120.624244,23.831749],[120.628437,23.832047],[120.633647,23.834089],[120.633492,23.83443],[120.632193,23.834605],[120.629105,23.834402],[120.631059,23.835644],[120.628273,23.835822],[120.629961,23.83686],[120.629978,23.837345],[120.626885,23.83718],[120.624924,23.836594],[120.624874,23.836854],[120.625541,23.83718],[120.625562,23.837653],[120.628229,23.837849],[120.629057,23.838676],[120.628116,23.838458],[120.627072,23.839736],[120.626506,23.839883],[120.626324,23.840521],[120.626778,23.84083],[120.626087,23.84114],[120.626125,23.841918],[120.624758,23.840469],[120.624475,23.840593],[120.623973,23.839678],[120.622245,23.838661],[120.621877,23.838766],[120.623011,23.839971],[120.620938,23.839364],[120.620937,23.84021],[120.622138,23.840852],[120.621321,23.841657],[120.62085,23.841657],[120.618453,23.840379],[120.618596,23.839475],[120.617177,23.837625],[120.616778,23.83799],[120.617438,23.838756],[120.61634,23.839419],[120.616769,23.840144],[120.616182,23.840511],[120.615634,23.840256],[120.615497,23.840474],[120.616035,23.84117],[120.618321,23.841415],[120.619783,23.842423],[120.61829,23.842585],[120.61832,23.84306],[120.619649,23.843513],[120.618343,23.844358],[120.618371,23.844622],[120.61941,23.844162],[120.621087,23.844404],[120.621426,23.844995],[120.621251,23.845638],[120.621862,23.846028],[120.621601,23.846581],[120.622486,23.846819],[120.622835,23.846508],[120.623599,23.847067],[120.623343,23.848121],[120.619664,23.848641],[120.620675,23.849086],[120.619434,23.849618],[120.621387,23.84939],[120.621794,23.849592],[120.622055,23.849028],[120.622709,23.848704],[120.622958,23.849861],[120.623444,23.848898],[120.623756,23.850294],[120.624869,23.850978],[120.624495,23.852262],[120.625956,23.852076],[120.625877,23.853345],[120.626272,23.854119],[120.625248,23.855182],[120.626267,23.85475],[120.626308,23.856213],[120.626731,23.856262],[120.627821,23.857398],[120.627579,23.857668],[120.626678,23.857501],[120.626517,23.858597],[120.625447,23.857707],[120.626032,23.858472],[120.625743,23.858696],[120.624868,23.858469],[120.62424,23.859173],[120.624456,23.859763],[120.623492,23.859948],[120.623077,23.860457],[120.62224,23.860121],[120.62326,23.860971],[120.623548,23.861968],[120.622494,23.86254],[120.622755,23.863029],[120.622087,23.863501],[120.620609,23.863715],[120.620575,23.865021],[120.620059,23.865509],[120.620653,23.866335],[120.620342,23.866563],[120.620624,23.867846],[120.619908,23.868368],[120.620395,23.868803],[120.621251,23.868597],[120.62155,23.869833],[120.623254,23.869414],[120.62396,23.868924],[120.623827,23.870095],[120.624221,23.870588],[120.623783,23.871474],[120.624657,23.871629],[120.625807,23.873464],[120.625572,23.873793],[120.625767,23.875244],[120.624965,23.876156],[120.624825,23.877112],[120.62672,23.879497],[120.626357,23.879932],[120.626758,23.880256],[120.62746,23.883508],[120.628197,23.883446],[120.628638,23.884193],[120.629587,23.884625],[120.628952,23.885866],[120.62957,23.886705],[120.629163,23.887905],[120.629422,23.8891],[120.627308,23.889503],[120.629524,23.889424],[120.630353,23.889814],[120.631976,23.889414],[120.632653,23.889687],[120.63223,23.89037],[120.634109,23.891876],[120.632353,23.892046],[120.632226,23.892362],[120.633141,23.893196],[120.634405,23.893548],[120.63376,23.894091],[120.634227,23.894377],[120.634234,23.89514],[120.633142,23.895575],[120.632804,23.896443],[120.632941,23.896722],[120.634362,23.896748],[120.634047,23.897702],[120.634859,23.897823],[120.635065,23.898599],[120.634435,23.89955],[120.633806,23.89964],[120.633713,23.900373],[120.634669,23.900804],[120.634926,23.901454],[120.634034,23.901643],[120.633079,23.902901],[120.632397,23.903075],[120.631571,23.902823],[120.631369,23.903431],[120.632163,23.903383],[120.633032,23.904212],[120.632618,23.904526],[120.632198,23.904353],[120.632587,23.904832],[120.632167,23.905341],[120.632647,23.905788],[120.632126,23.906751],[120.632731,23.906693],[120.633284,23.906175],[120.633549,23.906626],[120.633287,23.907235],[120.634113,23.907332],[120.634222,23.907669],[120.631847,23.90841],[120.630665,23.908213],[120.630513,23.908632],[120.631553,23.908662],[120.631694,23.909277],[120.632771,23.909259],[120.63301,23.9096],[120.631772,23.910446],[120.629949,23.910344],[120.629403,23.910813],[120.629813,23.911179],[120.632011,23.910683],[120.632601,23.910879],[120.632603,23.911506],[120.633368,23.911762],[120.632538,23.912507],[120.633562,23.91243],[120.633464,23.913002],[120.632971,23.913318],[120.633059,23.914201],[120.634714,23.913117],[120.634188,23.914432],[120.633339,23.915176],[120.634048,23.915581],[120.633271,23.915996],[120.633591,23.916316],[120.634154,23.916201],[120.634383,23.916947],[120.633896,23.91781],[120.635092,23.9179],[120.634523,23.918578],[120.6347,23.918857],[120.633943,23.919029],[120.633538,23.919581],[120.634771,23.919249],[120.634971,23.920094],[120.636456,23.919369],[120.636554,23.920092],[120.635322,23.921655],[120.637188,23.921805],[120.636944,23.923456],[120.637411,23.924084],[120.63676,23.925094],[120.635865,23.925472],[120.635501,23.926243],[120.633139,23.926596],[120.633138,23.926929],[120.633769,23.927222],[120.632751,23.928394],[120.631786,23.92832],[120.631957,23.928916],[120.631384,23.928732],[120.630933,23.929361],[120.629149,23.929706],[120.627823,23.931082],[120.628498,23.931369],[120.629723,23.931171],[120.630408,23.932592],[120.630987,23.932156],[120.632139,23.932874],[120.632708,23.934174],[120.632777,23.935645],[120.634104,23.936086],[120.634739,23.936638],[120.634664,23.936991],[120.635361,23.936909],[120.635486,23.937445],[120.636854,23.935764],[120.637642,23.93559],[120.636787,23.936402],[120.636864,23.93711],[120.636391,23.93772],[120.633624,23.939775],[120.632614,23.941289],[120.630161,23.942957],[120.630721,23.943798],[120.630166,23.944282],[120.630829,23.9448],[120.63171,23.943774],[120.633366,23.942881],[120.634656,23.943708],[120.629423,23.94932],[120.627593,23.95177],[120.628015,23.95266],[120.629382,23.952123],[120.630696,23.952681],[120.630935,23.953214],[120.631564,23.953484],[120.634073,23.95226],[120.633845,23.953365],[120.632279,23.9546],[120.631521,23.954772],[120.630896,23.95445],[120.630156,23.954824],[120.629402,23.954557],[120.62927,23.954826],[120.62981,23.955211],[120.628089,23.955359],[120.627778,23.955848],[120.626988,23.9556],[120.626983,23.956442],[120.630039,23.956065],[120.631127,23.956297],[120.631487,23.955597],[120.634343,23.953999],[120.635408,23.952245],[120.636745,23.952695],[120.637758,23.953492],[120.642659,23.958272],[120.642857,23.959517],[120.644224,23.962081],[120.646868,23.963419],[120.646595,23.965597],[120.646961,23.971532],[120.646315,23.973241],[120.646831,23.975374],[120.650178,23.983701],[120.649856,23.985293],[120.645326,23.989617],[120.642558,23.991369],[120.637781,23.993574],[120.636828,23.994512],[120.636232,23.996073],[120.636117,23.998411],[120.638201,24.003756],[120.638095,24.007404],[120.6386,24.007306],[120.640348,24.005729],[120.640507,24.006569],[120.641483,24.008064],[120.642474,24.008957],[120.643389,24.00831],[120.644658,24.008923],[120.646201,24.009149],[120.64732,24.008421],[120.648766,24.008403],[120.64942,24.008081],[120.650986,24.0085],[120.66359,24.008096],[120.666155,24.007744],[120.667584,24.006909],[120.670365,24.006286],[120.671705,24.006483],[120.672581,24.005847],[120.673698,24.008083],[120.671827,24.009525],[120.67009,24.009959],[120.670644,24.010623],[120.672572,24.01024],[120.67426,24.010832],[120.67457,24.010454],[120.675994,24.010712],[120.67741,24.012077],[120.678646,24.014031],[120.664782,24.023287],[120.663493,24.024966],[120.660914,24.025891],[120.65579,24.030663],[120.651753,24.028534],[120.649711,24.030718],[120.64922,24.030729],[120.646405,24.034024],[120.645161,24.034298],[120.644613,24.033436],[120.644828,24.032813],[120.644528,24.0329],[120.644438,24.032309],[120.645501,24.030015],[120.645661,24.028712],[120.646175,24.028335],[120.64626,24.026901],[120.644643,24.025878],[120.643194,24.026362],[120.641925,24.027367],[120.640267,24.027281],[120.637537,24.028529],[120.636771,24.029341],[120.636146,24.03105],[120.633987,24.03108],[120.631404,24.030153],[120.628658,24.02962],[120.625481,24.030019],[120.624469,24.030989],[120.624179,24.031608],[120.624229,24.033371],[120.628113,24.03835],[120.627627,24.040389],[120.626018,24.04162],[120.625798,24.046812],[120.62544,24.047532],[120.6245,24.048235],[120.624482,24.049364],[120.623431,24.052119],[120.623586,24.053265],[120.625691,24.057026],[120.625383,24.068737],[120.62462,24.070691],[120.623717,24.071696],[120.622275,24.072595],[120.620685,24.072324],[120.619666,24.073044],[120.617004,24.079422],[120.616333,24.081925],[120.614944,24.085041],[120.614901,24.089988],[120.613417,24.095311],[120.613241,24.098121],[120.612487,24.099189],[120.612493,24.102566],[120.609032,24.102075],[120.608035,24.10272],[120.602896,24.102891],[120.602218,24.103187],[120.601181,24.10459],[120.599961,24.105185],[120.595083,24.104874],[120.588363,24.10623],[120.585789,24.107397],[120.583524,24.109547],[120.576921,24.109624],[120.572614,24.108315],[120.565599,24.109817],[120.558031,24.112542],[120.553694,24.112808],[120.551995,24.113527],[120.54969,24.11388],[120.546579,24.116091],[120.545385,24.116471],[120.541453,24.122378],[120.540922,24.123659],[120.534108,24.125557],[120.532684,24.126428],[120.53082,24.128858],[120.529126,24.13201],[120.523552,24.139675],[120.523288,24.140949],[120.524787,24.143138],[120.525672,24.146039],[120.525871,24.148543],[120.525479,24.149901],[120.524521,24.152404],[120.523389,24.153812],[120.520798,24.158509],[120.519004,24.16314],[120.517306,24.165794],[120.508111,24.187164],[120.504388,24.191143],[120.45656,24.207183]]]}},{"type":"Feature","id":"10008","properties":{"CountyID":"M","CountyCode":"10008","NameZh":"南投縣","NameEn":"Nantou County"},"geometry":{"type":"Polygon","coordinates":[[[121.27087,24.23661],[121.268919,24.237916],[121.2685,24.239949],[121.266604,24.240554],[121.26592,24.241104],[121.266396,24.242387],[121.265419,24.245668],[121.261495,24.245707],[121.258796,24.245117],[121.256812,24.244404],[121.255073,24.243219],[121.251951,24.239187],[121.249575,24.234485],[121.247132,24.22822],[121.246212,24.226499],[121.245004,24.225268],[121.244165,24.222495],[121.240741,24.221707],[121.237956,24.219708],[121.237344,24.219856],[121.235901,24.221247],[121.232509,24.222309],[121.230413,24.223527],[121.23092,24.225154],[121.230771,24.226052],[121.228344,24.225933],[121.228686,24.224931],[121.228342,24.224706],[121.22733,24.225532],[121.221871,24.22772],[121.220289,24.229053],[121.219427,24.229204],[121.218271,24.228421],[121.216768,24.226145],[121.21581,24.225347],[121.212671,24.224216],[121.208237,24.221704],[121.206274,24.221721],[121.204671,24.222139],[121.201566,24.221645],[121.198428,24.222894],[121.196343,24.223],[121.192317,24.219041],[121.191802,24.218173],[121.191844,24.216909],[121.191559,24.216586],[121.188509,24.214915],[121.185191,24.214451],[121.181714,24.212045],[121.180739,24.21228],[121.178879,24.213615],[121.177685,24.215729],[121.175992,24.217128],[121.173492,24.220326],[121.167644,24.225392],[121.16666,24.223646],[121.164374,24.221787],[121.16407,24.219851],[121.160985,24.215184],[121.158427,24.214584],[121.156521,24.214736],[121.15143,24.212882],[121.149146,24.213187],[121.14789,24.212912],[121.146151,24.208924],[121.143206,24.205853],[121.142694,24.202003],[121.141365,24.199649],[121.137813,24.197606],[121.136358,24.196338],[121.134891,24.196261],[121.132275,24.196901],[121.13089,24.196789],[121.129261,24.196052],[121.12721,24.196771],[121.122951,24.196028],[121.118754,24.197211],[121.113412,24.196845],[121.111317,24.197707],[121.108419,24.198011],[121.105541,24.197159],[121.104204,24.195959],[121.101692,24.195635],[121.10129,24.194714],[121.09633,24.19207],[121.094412,24.190148],[121.093988,24.187885],[121.091066,24.184816],[121.091521,24.183613],[121.091348,24.18273],[121.088884,24.180576],[121.087121,24.177976],[121.084879,24.175923],[121.080959,24.175424],[121.080811,24.17462],[121.078502,24.172611],[121.076632,24.171707],[121.075254,24.170195],[121.07242,24.16987],[121.070164,24.168392],[121.069704,24.167364],[121.068374,24.16685],[121.067398,24.165779],[121.066337,24.165515],[121.06594,24.164386],[121.0646,24.163021],[121.061354,24.163251],[121.059402,24.162781],[121.058828,24.160316],[121.05795,24.159234],[121.05266,24.154796],[121.051977,24.155096],[121.050554,24.158347],[121.049282,24.158763],[121.047586,24.160024],[121.044144,24.159661],[121.042909,24.15861],[121.038046,24.158176],[121.03577,24.15307],[121.035696,24.150914],[121.033335,24.148582],[121.031,24.149336],[121.03122,24.153526],[121.030082,24.15506],[121.029767,24.157346],[121.02776,24.159556],[121.027358,24.158739],[121.024901,24.157967],[121.023341,24.157956],[121.020233,24.158874],[121.019543,24.158714],[121.017425,24.156985],[121.015511,24.156007],[121.013358,24.15352],[121.012248,24.153325],[121.011837,24.1516],[121.01037,24.150119],[121.009715,24.148305],[121.009011,24.147372],[121.008169,24.14704],[121.007734,24.145622],[121.007071,24.144794],[121.007554,24.143782],[121.006807,24.140944],[121.004615,24.137686],[121.00325,24.13353],[121.000361,24.132284],[121.000148,24.129724],[120.999554,24.127762],[120.998259,24.126712],[120.996418,24.126714],[120.992025,24.125254],[120.991602,24.124201],[120.992203,24.122116],[120.99202,24.121055],[120.989085,24.118767],[120.985427,24.120222],[120.98371,24.119161],[120.979277,24.118327],[120.976766,24.117044],[120.975689,24.116867],[120.975222,24.116954],[120.97483,24.11835],[120.974146,24.11922],[120.973583,24.119595],[120.972314,24.119598],[120.971163,24.120242],[120.967046,24.120297],[120.963991,24.119879],[120.962141,24.120298],[120.96121,24.120152],[120.960074,24.120885],[120.958002,24.123333],[120.956343,24.124679],[120.954257,24.125491],[120.951906,24.127252],[120.950109,24.127862],[120.94945,24.127535],[120.948381,24.124939],[120.943952,24.122435],[120.939571,24.118279],[120.937473,24.117189],[120.934958,24.115255],[120.932554,24.112581],[120.931862,24.112213],[120.927146,24.111724],[120.925267,24.110526],[120.922125,24.109433],[120.919882,24.107441],[120.916755,24.107748],[120.914554,24.107573],[120.913545,24.108925],[120.911214,24.108777],[120.909563,24.10923],[120.907205,24.110595],[120.906706,24.112645],[120.904887,24.114486],[120.902843,24.114689],[120.899912,24.115562],[120.898705,24.115557],[120.896163,24.116452],[120.894913,24.116522],[120.893597,24.116036],[120.892648,24.116226],[120.891529,24.115908],[120.890545,24.115165],[120.890244,24.113547],[120.891665,24.111761],[120.893418,24.111277],[120.894175,24.110744],[120.893685,24.108659],[120.894253,24.106847],[120.891092,24.102029],[120.890946,24.100701],[120.891537,24.098695],[120.891325,24.097799],[120.889542,24.09642],[120.885874,24.095409],[120.884952,24.093009],[120.882999,24.090467],[120.882007,24.088325],[120.880311,24.088574],[120.880378,24.08788],[120.879808,24.087329],[120.879148,24.085652],[120.878017,24.085028],[120.878155,24.086233],[120.876861,24.091192],[120.878191,24.093498],[120.878203,24.095197],[120.878985,24.096906],[120.879092,24.098251],[120.879762,24.099311],[120.881499,24.100578],[120.880448,24.103172],[120.880891,24.103944],[120.88014,24.104292],[120.880257,24.105313],[120.879307,24.105939],[120.878874,24.107716],[120.879143,24.109303],[120.877521,24.109871],[120.875165,24.112973],[120.874132,24.113534],[120.874021,24.115014],[120.872733,24.115971],[120.872451,24.116836],[120.869589,24.117105],[120.868867,24.117601],[120.867365,24.116291],[120.865519,24.115482],[120.864432,24.115368],[120.86367,24.115756],[120.861151,24.11577],[120.858605,24.116208],[120.857213,24.117299],[120.857131,24.119366],[120.856362,24.120038],[120.856183,24.121528],[120.855324,24.122213],[120.855233,24.122999],[120.854467,24.12352],[120.853871,24.124509],[120.850576,24.124556],[120.848388,24.1238],[120.84485,24.124526],[120.842584,24.122564],[120.842124,24.120682],[120.84049,24.120218],[120.839513,24.119193],[120.838651,24.119067],[120.837694,24.117793],[120.836276,24.11695],[120.835521,24.114299],[120.834477,24.113005],[120.834547,24.110621],[120.83406,24.109457],[120.834555,24.108491],[120.834506,24.107613],[120.832347,24.104416],[120.830979,24.103629],[120.830318,24.102588],[120.830318,24.102131],[120.831491,24.10114],[120.832408,24.09964],[120.832488,24.098747],[120.831631,24.096893],[120.829904,24.094957],[120.828659,24.094676],[120.828375,24.093945],[120.828558,24.090459],[120.828132,24.088978],[120.828086,24.086898],[120.82891,24.083554],[120.828495,24.082226],[120.828543,24.079179],[120.828259,24.078166],[120.829104,24.074384],[120.8293,24.071509],[120.825954,24.071233],[120.823361,24.070558],[120.822431,24.069821],[120.8207,24.0698],[120.819246,24.068465],[120.816351,24.068463],[120.815554,24.06894],[120.814984,24.069834],[120.814457,24.069895],[120.813687,24.068548],[120.812496,24.067626],[120.811866,24.066069],[120.809181,24.066257],[120.80799,24.06537],[120.806881,24.063996],[120.807282,24.062862],[120.806667,24.061074],[120.804883,24.059144],[120.804307,24.057271],[120.803292,24.056262],[120.80355,24.055494],[120.803288,24.054522],[120.803686,24.053541],[120.803419,24.052359],[120.802621,24.051656],[120.800884,24.051376],[120.801413,24.050496],[120.800653,24.048647],[120.796701,24.043061],[120.796715,24.042233],[120.797515,24.041789],[120.797362,24.041098],[120.795487,24.039736],[120.794322,24.03764],[120.793262,24.037033],[120.791694,24.035262],[120.791524,24.033538],[120.792922,24.032482],[120.791741,24.031783],[120.79154,24.030674],[120.790486,24.030687],[120.78947,24.031228],[120.788889,24.030642],[120.787554,24.030342],[120.78689,24.029571],[120.786203,24.029355],[120.785466,24.028629],[120.785877,24.027944],[120.784699,24.02747],[120.785018,24.025625],[120.784646,24.024079],[120.783125,24.024777],[120.782574,24.023269],[120.779776,24.021151],[120.779702,24.020189],[120.777745,24.019398],[120.776345,24.019325],[120.775202,24.018552],[120.773388,24.015811],[120.772353,24.014747],[120.771255,24.014201],[120.771383,24.012714],[120.770914,24.012197],[120.771134,24.011445],[120.770355,24.010598],[120.770979,24.009768],[120.770562,24.009074],[120.767777,24.009151],[120.762675,24.006257],[120.760731,24.006176],[120.759817,24.006473],[120.758518,24.005952],[120.757974,24.006095],[120.757557,24.004898],[120.75618,24.004516],[120.755896,24.003531],[120.754501,24.003398],[120.754323,24.002712],[120.753246,24.002343],[120.751035,24.002826],[120.748742,24.00101],[120.747603,23.999148],[120.746037,23.998561],[120.74365,24.002169],[120.731731,24.009003],[120.719242,24.009659],[120.706383,24.005191],[120.694883,24.007118],[120.685996,24.010472],[120.678763,24.014222],[120.67741,24.012077],[120.675994,24.010712],[120.67457,24.010454],[120.67426,24.010832],[120.672572,24.01024],[120.670644,24.010623],[120.67009,24.009959],[120.671827,24.009525],[120.673698,24.008083],[120.672581,24.005847],[120.671705,24.006483],[120.670365,24.006286],[120.667584,24.006909],[120.666155,24.007744],[120.66359,24.008096],[120.650986,24.0085],[120.64942,24.008081],[120.648766,24.008403],[120.64732,24.008421],[120.646201,24.009149],[120.644658,24.008923],[120.643389,24.00831],[120.642474,24.008957],[120.641483,24.008064],[120.640507,24.006569],[120.640348,24.005729],[120.6386,24.007306],[120.638095,24.007404],[120.638201,24.003756],[120.636117,23.998411],[120.636232,23.996073],[120.636828,23.994512],[120.637781,23.993574],[120.642558,23.991369],[120.645326,23.989617],[120.649856,23.985293],[120.650178,23.983701],[120.646831,23.975374],[120.646315,23.973241],[120.646961,23.971532],[120.646595,23.965597],[120.646868,23.963419],[120.644224,23.962081],[120.642857,23.959517],[120.642659,23.958272],[120.637758,23.953492],[120.636745,23.952695],[120.635408,23.952245],[120.634343,23.953999],[120.631487,23.955597],[120.631127,23.956297],[120.630039,23.956065],[120.626983,23.956442],[120.626988,23.9556],[120.627778,23.955848],[120.628089,23.955359],[120.62981,23.955211],[120.62927,23.954826],[120.629402,23.954557],[120.630156,23.954824],[120.630896,23.95445],[120.631521,23.954772],[120.632279,23.9546],[120.633845,23.953365],[120.634073,23.95226],[120.631564,23.953484],[120.630935,23.953214],[120.630696,23.952681],[120.629382,23.952123],[120.628015,23.95266],[120.627593,23.95177],[120.629423,23.94932],[120.634656,23.943708],[120.633366,23.942881],[120.63171,23.943774],[120.630829,23.9448],[120.630166,23.944282],[120.630721,23.943798],[120.630161,23.942957],[120.632614,23.941289],[120.633624,23.939775],[120.636391,23.93772],[120.636864,23.93711],[120.636787,23.936402],[120.637642,23.93559],[120.636854,23.935764],[120.635486,23.937445],[120.635361,23.936909],[120.634664,23.936991],[120.634739,23.936638],[120.634104,23.936086],[120.632777,23.935645],[120.632708,23.934174],[120.632139,23.932874],[120.630987,23.932156],[120.630408,23.932592],[120.629723,23.931171],[120.628498,23.931369],[120.627823,23.931082],[120.629149,23.929706],[120.630933,23.929361],[120.631384,23.928732],[120.631957,23.928916],[120.631786,23.92832],[120.632751,23.928394],[120.633769,23.927222],[120.633138,23.926929],[120.633139,23.926596],[120.635501,23.926243],[120.635865,23.925472],[120.63676,23.925094],[120.637411,23.924084],[120.636944,23.923456],[120.637188,23.921805],[120.635322,23.921655],[120.636554,23.920092],[120.636456,23.919369],[120.634971,23.920094],[120.634771,23.919249],[120.633538,23.919581],[120.633943,23.919029],[120.6347,23.918857],[120.634523,23.918578],[120.635092,23.9179],[120.633896,23.91781],[120.634383,23.916947],[120.634154,23.916201],[120.633591,23.916316],[120.633271,23.915996],[120.634048,23.915581],[120.633339,23.915176],[120.634188,23.914432],[120.634714,23.913117],[120.633059,23.914201],[120.632971,23.913318],[120.633464,23.913002],[120.633562,23.91243],[120.632538,23.912507],[120.633368,23.911762],[120.632603,23.911506],[120.632601,23.910879],[120.632011,23.910683],[120.629813,23.911179],[120.629403,23.910813],[120.629949,23.910344],[120.631772,23.910446],[120.63301,23.9096],[120.632771,23.909259],[120.631694,23.909277],[120.631553,23.908662],[120.630513,23.908632],[120.630665,23.908213],[120.631847,23.90841],[120.634222,23.907669],[120.634113,23.907332],[120.633287,23.907235],[120.633549,23.906626],[120.633284,23.906175],[120.632731,23.906693],[120.632126,23.906751],[120.632647,23.905788],[120.632167,23.905341],[120.632587,23.904832],[120.632198,23.904353],[120.632618,23.904526],[120.633032,23.904212],[120.632163,23.903383],[120.631369,23.903431],[120.631571,23.902823],[120.632397,23.903075],[120.633079,23.902901],[120.634034,23.901643],[120.634926,23.901454],[120.634669,23.900804],[120.633713,23.900373],[120.633806,23.89964],[120.634435,23.89955],[120.635065,23.898599],[120.634859,23.897823],[120.634047,23.897702],[120.634362,23.896748],[120.632941,23.896722],[120.632804,23.896443],[120.633142,23.895575],[120.634234,23.89514],[120.634227,23.894377],[120.63376,23.894091],[120.634405,23.893548],[120.633141,23.893196],[120.632226,23.892362],[120.632353,23.892046],[120.634109,23.891876],[120.63223,23.89037],[120.632653,23.889687],[120.631976,23.889414],[120.630353,23.889814],[120.629524,23.889424],[120.627308,23.889503],[120.629422,23.8891],[120.629163,23.887905],[120.62957,23.886705],[120.628952,23.885866],[120.629587,23.884625],[120.628638,23.884193],[120.628197,23.883446],[120.62746,23.883508],[120.626758,23.880256],[120.626357,23.879932],[120.62672,23.879497],[120.624825,23.877112],[120.624965,23.876156],[120.625767,23.875244],[120.625572,23.873793],[120.625807,23.873464],[120.624657,23.871629],[120.623783,23.871474],[120.624221,23.870588],[120.623827,23.870095],[120.62396,23.868924],[120.623254,23.869414],[120.62155,23.869833],[120.621251,23.868597],[120.620395,23.868803],[120.619908,23.868368],[120.620624,23.867846],[120.620342,23.866563],[120.620653,23.866335],[120.620059,23.865509],[120.620575,23.865021],[120.620609,23.863715],[120.622087,23.863501],[120.622755,23.863029],[120.622494,23.86254],[120.623548,23.861968],[120.62326,23.860971],[120.62224,23.860121],[120.623077,23.860457],[120.623492,23.859948],[120.624456,23.859763],[120.62424,23.859173],[120.624868,23.858469],[120.625743,23.858696],[120.626032,23.858472],[120.625447,23.857707],[120.626517,23.858597],[120.626678,23.857501],[120.627579,23.857668],[120.627821,23.857398],[120.626731,23.856262],[120.626308,23.856213],[120.626267,23.85475],[120.625248,23.855182],[120.626272,23.854119],[120.625877,23.853345],[120.625956,23.852076],[120.624495,23.852262],[120.624869,23.850978],[120.623756,23.850294],[120.623444,23.848898],[120.622958,23.849861],[120.622709,23.848704],[120.622055,23.849028],[120.621794,23.849592],[120.621387,23.84939],[120.619434,23.849618],[120.620675,23.849086],[120.619664,23.848641],[120.623343,23.848121],[120.623599,23.847067],[120.622835,23.846508],[120.622486,23.846819],[120.621601,23.846581],[120.621862,23.846028],[120.621251,23.845638],[120.621426,23.844995],[120.621087,23.844404],[120.61941,23.844162],[120.618371,23.844622],[120.618343,23.844358],[120.619649,23.843513],[120.61832,23.84306],[120.61829,23.842585],[120.619783,23.842423],[120.618321,23.841415],[120.616035,23.84117],[120.615497,23.840474],[120.615634,23.840256],[120.616182,23.840511],[120.616769,23.840144],[120.61634,23.839419],[120.617438,23.838756],[120.616778,23.83799],[120.617177,23.837625],[120.618596,23.839475],[120.618453,23.840379],[120.62085,23.841657],[120.621321,23.841657],[120.622138,23.840852],[120.620937,23.84021],[120.620938,23.839364],[120.623011,23.839971],[120.621877,23.838766],[120.622245,23.838661],[120.623973,23.839678],[120.624475,23.840593],[120.624758,23.840469],[120.626125,23.841918],[120.626087,23.84114],[120.626778,23.84083],[120.626324,23.840521],[120.626506,23.839883],[120.627072,23.839736],[120.628116,23.838458],[120.629057,23.838676],[120.628229,23.837849],[120.625562,23.837653],[120.625541,23.83718],[120.624874,23.836854],[120.624924,23.836594],[120.626885,23.83718],[120.629978,23.837345],[120.629961,23.83686],[120.628273,23.835822],[120.631059,23.835644],[120.629105,23.834402],[120.632193,23.834605],[120.633492,23.83443],[120.633647,23.834089],[120.628437,23.832047],[120.624244,23.831749],[120.623914,23.830767],[120.622961,23.830364],[120.623595,23.829485],[120.624306,23.829427],[120.626281,23.830866],[120.627593,23.831327],[120.628131,23.831206],[120.630513,23.832428],[120.630878,23.832243],[120.63042,23.831195],[120.633393,23.832963],[120.635282,23.833211],[120.637054,23.83279],[120.637315,23.832048],[120.63845,23.831412],[120.636047,23.831645],[120.634353,23.831113],[120.637196,23.830555],[120.637362,23.830277],[120.636783,23.829997],[120.638185,23.828917],[120.636771,23.828037],[120.636018,23.828483],[120.636045,23.827916],[120.63748,23.827322],[120.638827,23.827597],[120.639455,23.827417],[120.639133,23.826667],[120.637727,23.826382],[120.639914,23.825752],[120.640009,23.825106],[120.637954,23.825379],[120.637022,23.825854],[120.633864,23.825841],[120.636352,23.825539],[120.636684,23.825309],[120.636602,23.824809],[120.639192,23.824563],[120.637823,23.823702],[120.637817,23.823415],[120.638494,23.823271],[120.63874,23.822633],[120.637785,23.822173],[120.637761,23.821779],[120.639602,23.822083],[120.64048,23.821395],[120.639955,23.821114],[120.639931,23.820327],[120.641689,23.819823],[120.644588,23.817551],[120.646566,23.817253],[120.647976,23.816638],[120.650065,23.814362],[120.650917,23.812505],[120.655605,23.81281],[120.658654,23.814526],[120.660415,23.814625],[120.662445,23.815374],[120.66505,23.815036],[120.665132,23.815785],[120.664733,23.81631],[120.66594,23.81613],[120.667587,23.8166],[120.667983,23.817345],[120.669936,23.818521],[120.67137,23.818711],[120.671889,23.819407],[120.672589,23.81918],[120.6744,23.820061],[120.676355,23.819287],[120.678819,23.816295],[120.67798,23.814076],[120.678514,23.811148],[120.678415,23.808398],[120.678682,23.807013],[120.679079,23.806614],[120.678984,23.805943],[120.679779,23.805751],[120.682461,23.806077],[120.683413,23.805418],[120.683953,23.801563],[120.683801,23.80134],[120.679904,23.801621],[120.674924,23.799724],[120.669656,23.796119],[120.666808,23.793666],[120.66378,23.792142],[120.658137,23.791041],[120.646791,23.787184],[120.64468,23.786799],[120.642342,23.785692],[120.641548,23.785622],[120.640374,23.786048],[120.642433,23.781699],[120.648477,23.773275],[120.655698,23.755022],[120.655973,23.753762],[120.65463,23.748311],[120.65436,23.741992],[120.654469,23.73979],[120.655843,23.735119],[120.655431,23.734516],[120.654603,23.734461],[120.650898,23.736169],[120.649947,23.735708],[120.647863,23.736038],[120.646635,23.735899],[120.646302,23.735571],[120.644541,23.736642],[120.643945,23.735541],[120.64387,23.734594],[120.643428,23.73417],[120.643446,23.733271],[120.642069,23.730643],[120.64156,23.730379],[120.640213,23.73072],[120.639818,23.728574],[120.640149,23.72767],[120.63971,23.726214],[120.640157,23.725166],[120.641005,23.725032],[120.641348,23.724527],[120.640938,23.723592],[120.641683,23.722281],[120.640413,23.719391],[120.640773,23.718555],[120.640182,23.716241],[120.640487,23.715303],[120.639738,23.714502],[120.640707,23.714243],[120.640585,23.713277],[120.638985,23.710576],[120.639898,23.710406],[120.640195,23.710002],[120.639718,23.708777],[120.64043,23.708177],[120.64063,23.707454],[120.640352,23.706975],[120.640979,23.706514],[120.641376,23.705627],[120.643095,23.705308],[120.643955,23.704366],[120.645071,23.703986],[120.645164,23.703503],[120.645673,23.703205],[120.645289,23.701923],[120.644195,23.701026],[120.64341,23.699702],[120.643896,23.699451],[120.644575,23.697324],[120.645704,23.695902],[120.645446,23.695355],[120.646049,23.693399],[120.646596,23.692806],[120.646598,23.691737],[120.645517,23.690076],[120.645929,23.689447],[120.645581,23.688556],[120.645713,23.687212],[120.646829,23.686906],[120.646989,23.686574],[120.646725,23.685288],[120.646245,23.684776],[120.648271,23.68279],[120.648122,23.682203],[120.647662,23.682012],[120.648017,23.681011],[120.647434,23.680082],[120.647586,23.679526],[120.646936,23.678959],[120.646977,23.678265],[120.646046,23.677129],[120.646528,23.675869],[120.646052,23.67503],[120.646968,23.674327],[120.646931,23.672707],[120.644935,23.671629],[120.645044,23.671079],[120.644163,23.668756],[120.644393,23.667606],[120.642934,23.666239],[120.641336,23.665663],[120.640571,23.664381],[120.640136,23.661141],[120.639289,23.660675],[120.638082,23.65891],[120.638069,23.658239],[120.636854,23.656977],[120.636921,23.65543],[120.636274,23.654533],[120.63602,23.653057],[120.634971,23.651573],[120.635318,23.650744],[120.634996,23.650307],[120.635098,23.649711],[120.636352,23.648244],[120.634808,23.647008],[120.635007,23.64621],[120.634682,23.645445],[120.635264,23.64431],[120.635207,23.642862],[120.633467,23.641014],[120.631789,23.640195],[120.631645,23.638792],[120.629077,23.635165],[120.630013,23.633869],[120.630162,23.632637],[120.628713,23.63001],[120.629896,23.627438],[120.630787,23.622088],[120.633702,23.619126],[120.635365,23.619847],[120.638735,23.624742],[120.640933,23.625841],[120.642975,23.628159],[120.643871,23.628247],[120.645135,23.630984],[120.646684,23.631007],[120.649087,23.629837],[120.651371,23.629927],[120.652081,23.629491],[120.653003,23.629506],[120.653623,23.628387],[120.652544,23.624558],[120.652423,23.622745],[120.652923,23.621865],[120.651449,23.616106],[120.653896,23.615682],[120.658353,23.613833],[120.660041,23.61136],[120.661203,23.61047],[120.663662,23.611167],[120.664512,23.611118],[120.667189,23.610069],[120.667901,23.609412],[120.669136,23.60934],[120.675476,23.610264],[120.677778,23.611049],[120.683729,23.610938],[120.685472,23.61284],[120.685383,23.615477],[120.686157,23.617345],[120.686058,23.618209],[120.691319,23.620353],[120.692778,23.619964],[120.694681,23.620295],[120.696447,23.620094],[120.697652,23.619185],[120.699555,23.618791],[120.70199,23.617452],[120.705029,23.617268],[120.706883,23.618688],[120.708349,23.618561],[120.711102,23.619504],[120.714071,23.621017],[120.714152,23.622808],[120.713104,23.627911],[120.715591,23.629363],[120.718371,23.629956],[120.719584,23.628519],[120.720429,23.626261],[120.721919,23.62457],[120.723087,23.622532],[120.724115,23.621769],[120.725614,23.621716],[120.726938,23.619966],[120.728436,23.619652],[120.730676,23.618274],[120.730594,23.616683],[120.731296,23.614366],[120.731248,23.612106],[120.730865,23.610807],[120.735859,23.609547],[120.737398,23.609632],[120.739399,23.610355],[120.741365,23.61227],[120.744388,23.612665],[120.746355,23.612478],[120.74748,23.611164],[120.749215,23.612201],[120.750918,23.614451],[120.753562,23.614816],[120.755383,23.614169],[120.758081,23.612488],[120.763262,23.612516],[120.764282,23.612237],[120.766899,23.609764],[120.769413,23.608371],[120.77005,23.606055],[120.774576,23.605205],[120.776534,23.604028],[120.777472,23.602511],[120.778311,23.602033],[120.783129,23.600737],[120.78745,23.60127],[120.790871,23.600944],[120.794917,23.597248],[120.798074,23.597444],[120.801091,23.596625],[120.803329,23.596646],[120.805124,23.598617],[120.809791,23.598688],[120.811259,23.600134],[120.813707,23.60095],[120.818021,23.59933],[120.818612,23.598242],[120.817122,23.59634],[120.817048,23.595191],[120.817661,23.594322],[120.81867,23.593714],[120.819019,23.592188],[120.820692,23.589537],[120.823705,23.587159],[120.825527,23.586367],[120.824628,23.585317],[120.824692,23.584202],[120.823493,23.583974],[120.822366,23.582493],[120.821618,23.582142],[120.821316,23.581253],[120.821566,23.579902],[120.820226,23.578692],[120.819906,23.577679],[120.819626,23.574531],[120.821897,23.57091],[120.821667,23.570376],[120.821111,23.570146],[120.821527,23.568478],[120.819924,23.564517],[120.820627,23.5624],[120.819195,23.560634],[120.818103,23.560123],[120.817812,23.559404],[120.816665,23.558558],[120.815882,23.557368],[120.814148,23.556242],[120.814046,23.555405],[120.815903,23.553666],[120.815864,23.553109],[120.814481,23.55173],[120.811494,23.551054],[120.811288,23.549427],[120.809989,23.547876],[120.809809,23.54678],[120.808833,23.54586],[120.808177,23.542133],[120.808476,23.540855],[120.808325,23.539299],[120.80897,23.537609],[120.808637,23.535971],[120.810288,23.535185],[120.811609,23.533709],[120.813641,23.530775],[120.814577,23.528696],[120.816961,23.525761],[120.817969,23.523686],[120.820349,23.521482],[120.819114,23.519534],[120.81977,23.517496],[120.819556,23.515581],[120.820134,23.514144],[120.822803,23.511745],[120.823178,23.510941],[120.82283,23.508623],[120.823951,23.505804],[120.82408,23.504485],[120.822851,23.498671],[120.823739,23.496984],[120.824635,23.496606],[120.825314,23.495309],[120.825304,23.489709],[120.826181,23.488514],[120.827076,23.483381],[120.827898,23.482147],[120.829896,23.480728],[120.831652,23.477662],[120.832643,23.474731],[120.834898,23.473699],[120.835999,23.472557],[120.839331,23.471221],[120.842092,23.473258],[120.844085,23.47281],[120.847011,23.473009],[120.849145,23.472092],[120.854202,23.473303],[120.856224,23.473424],[120.858126,23.472847],[120.8632,23.47355],[120.866689,23.472298],[120.868339,23.470625],[120.873095,23.468527],[120.87653,23.467816],[120.880797,23.467642],[120.881899,23.468289],[120.882058,23.470013],[120.883198,23.472157],[120.884138,23.473141],[120.884269,23.474308],[120.886706,23.475564],[120.893882,23.475466],[120.896498,23.475895],[120.898313,23.475807],[120.899624,23.475367],[120.901952,23.476081],[120.908054,23.475822],[120.910212,23.47623],[120.915089,23.474632],[120.917483,23.475693],[120.918973,23.474882],[120.920922,23.474928],[120.924558,23.473318],[120.926496,23.47296],[120.928823,23.471739],[120.93007,23.471434],[120.930963,23.470664],[120.932381,23.471131],[120.93465,23.473113],[120.937568,23.473054],[120.939327,23.472133],[120.942262,23.469322],[120.945189,23.467759],[120.946572,23.467618],[120.947519,23.467123],[120.949123,23.467585],[120.952202,23.467719],[120.954798,23.469114],[120.95688,23.469622],[120.957849,23.469414],[120.958875,23.469653],[120.960986,23.470691],[120.965217,23.470701],[120.966706,23.4717],[120.968467,23.471227],[120.970631,23.469042],[120.980537,23.469214],[120.982197,23.468487],[120.98355,23.467024],[120.984602,23.46657],[120.986391,23.466309],[120.993963,23.463772],[120.996622,23.463363],[120.998789,23.46238],[120.999693,23.462167],[121.003815,23.462956],[121.005896,23.462971],[121.007447,23.462785],[121.008461,23.462086],[121.010428,23.459599],[121.011718,23.457171],[121.014949,23.454278],[121.015855,23.451609],[121.015024,23.449777],[121.012677,23.448618],[121.010533,23.44632],[121.010581,23.441244],[121.012198,23.439411],[121.014141,23.437925],[121.015268,23.43541],[121.018514,23.435951],[121.021119,23.437641],[121.022034,23.438997],[121.026412,23.439095],[121.027664,23.440159],[121.02866,23.441608],[121.032116,23.44258],[121.033654,23.443941],[121.033649,23.445507],[121.035144,23.446122],[121.037541,23.446457],[121.039701,23.447859],[121.043964,23.448957],[121.046465,23.450872],[121.051817,23.450802],[121.053273,23.45321],[121.053241,23.455439],[121.054528,23.457379],[121.055912,23.459279],[121.058148,23.460041],[121.05848,23.460484],[121.058928,23.461942],[121.055661,23.462694],[121.054119,23.463755],[121.051307,23.46431],[121.049652,23.467833],[121.044411,23.470122],[121.042603,23.471876],[121.039515,23.473164],[121.038896,23.474083],[121.03943,23.474913],[121.043088,23.478048],[121.04497,23.48054],[121.046923,23.4814],[121.047353,23.482176],[121.048553,23.482415],[121.050117,23.48653],[121.052618,23.487132],[121.053612,23.487829],[121.05412,23.490115],[121.052799,23.493677],[121.054097,23.495603],[121.055102,23.496128],[121.057245,23.496188],[121.05844,23.497385],[121.062167,23.499536],[121.062879,23.501546],[121.062981,23.503837],[121.063785,23.50474],[121.066138,23.50631],[121.066099,23.507967],[121.067924,23.511955],[121.06876,23.514767],[121.068458,23.518447],[121.073205,23.517457],[121.075377,23.517333],[121.078674,23.516417],[121.079976,23.515572],[121.083074,23.514631],[121.088105,23.514046],[121.090463,23.514587],[121.091851,23.514517],[121.093268,23.517779],[121.097363,23.521646],[121.09914,23.521242],[121.101023,23.521245],[121.102223,23.519685],[121.103674,23.51893],[121.10579,23.519024],[121.107037,23.519461],[121.110799,23.519061],[121.115488,23.520234],[121.116584,23.521369],[121.117698,23.521643],[121.120452,23.520995],[121.126351,23.517047],[121.128267,23.518486],[121.128789,23.518498],[121.131128,23.517485],[121.132255,23.515106],[121.132924,23.514833],[121.135262,23.514961],[121.136644,23.518023],[121.138335,23.520592],[121.142951,23.524005],[121.144399,23.525595],[121.147171,23.527246],[121.147903,23.526863],[121.149502,23.527068],[121.150758,23.526534],[121.151099,23.527046],[121.150756,23.528812],[121.149511,23.531002],[121.146876,23.534106],[121.148083,23.53567],[121.148446,23.539529],[121.150099,23.543216],[121.151043,23.544369],[121.15106,23.545175],[121.148053,23.552402],[121.146117,23.55437],[121.14803,23.556576],[121.149953,23.557349],[121.151188,23.559856],[121.151877,23.560474],[121.153345,23.55989],[121.155333,23.560026],[121.157143,23.559556],[121.157638,23.560891],[121.158017,23.564049],[121.160341,23.567828],[121.160352,23.569764],[121.158417,23.569801],[121.157149,23.570489],[121.155113,23.570863],[121.153602,23.571532],[121.15215,23.573159],[121.151883,23.574384],[121.152201,23.577905],[121.152018,23.581657],[121.152395,23.584108],[121.153392,23.586778],[121.15557,23.587051],[121.156587,23.586272],[121.15819,23.585731],[121.15959,23.586263],[121.160509,23.587035],[121.166746,23.587142],[121.16987,23.586318],[121.171396,23.584142],[121.175012,23.58382],[121.176879,23.582693],[121.178044,23.582637],[121.178827,23.583122],[121.179097,23.585185],[121.180006,23.587458],[121.17973,23.590032],[121.180611,23.590078],[121.182044,23.590943],[121.183474,23.593164],[121.189409,23.594812],[121.190301,23.597189],[121.193962,23.600499],[121.194561,23.600524],[121.196838,23.598516],[121.200125,23.596402],[121.201728,23.596787],[121.202763,23.59611],[121.206229,23.595788],[121.2067,23.595993],[121.208125,23.598242],[121.21002,23.598631],[121.21341,23.60037],[121.214508,23.604914],[121.215944,23.607268],[121.217323,23.614697],[121.219955,23.616927],[121.221388,23.620223],[121.223555,23.62298],[121.22473,23.626818],[121.224955,23.629696],[121.22401,23.632931],[121.224119,23.638855],[121.225425,23.640555],[121.227848,23.645382],[121.230249,23.647987],[121.230456,23.65019],[121.231228,23.651562],[121.230687,23.653546],[121.231594,23.654936],[121.231927,23.657879],[121.234161,23.660509],[121.235199,23.661113],[121.235839,23.662521],[121.235955,23.670772],[121.234783,23.673588],[121.232635,23.676294],[121.232447,23.677466],[121.23368,23.679322],[121.234279,23.680959],[121.236,23.682342],[121.237521,23.685292],[121.239432,23.686973],[121.23937,23.694686],[121.240059,23.696783],[121.241212,23.698464],[121.239354,23.699781],[121.239323,23.70019],[121.24042,23.702672],[121.240985,23.7051],[121.241208,23.708733],[121.240915,23.709504],[121.239788,23.710136],[121.239266,23.710964],[121.238848,23.713515],[121.23956,23.715418],[121.239519,23.716279],[121.237785,23.72007],[121.239408,23.724347],[121.238005,23.724157],[121.235767,23.724638],[121.233573,23.72783],[121.233106,23.730129],[121.232267,23.729531],[121.230993,23.730123],[121.22967,23.73008],[121.229949,23.731419],[121.229764,23.732892],[121.228577,23.735084],[121.22885,23.744516],[121.230076,23.747184],[121.233322,23.7482],[121.232516,23.750601],[121.230656,23.750995],[121.229306,23.752269],[121.228434,23.751859],[121.226898,23.752083],[121.225082,23.751786],[121.223212,23.752684],[121.221398,23.752756],[121.220004,23.754207],[121.218645,23.756384],[121.217295,23.757008],[121.213402,23.75747],[121.210967,23.761112],[121.206483,23.762637],[121.208104,23.764485],[121.20867,23.765846],[121.206747,23.76724],[121.204651,23.772399],[121.206006,23.772649],[121.206762,23.773744],[121.206973,23.775103],[121.208676,23.77593],[121.212191,23.775686],[121.212966,23.776908],[121.218421,23.779835],[121.219545,23.781796],[121.220651,23.781742],[121.223654,23.782397],[121.226293,23.783674],[121.228346,23.785223],[121.230401,23.787967],[121.230616,23.789462],[121.230332,23.790278],[121.227273,23.791094],[121.226621,23.792444],[121.226367,23.793652],[121.226578,23.79609],[121.225507,23.798235],[121.226055,23.802278],[121.226578,23.804579],[121.22791,23.805335],[121.227541,23.808538],[121.229256,23.808833],[121.230329,23.81016],[121.232127,23.810364],[121.23446,23.812],[121.234773,23.817943],[121.236118,23.819078],[121.237873,23.821383],[121.239134,23.821863],[121.237147,23.823512],[121.236677,23.825213],[121.238113,23.829625],[121.237731,23.832493],[121.239126,23.836354],[121.239423,23.840423],[121.243481,23.844985],[121.244063,23.846236],[121.243826,23.847535],[121.244518,23.848913],[121.245878,23.850016],[121.247351,23.85068],[121.248924,23.852132],[121.248684,23.853657],[121.249482,23.854562],[121.250216,23.856779],[121.249967,23.85982],[121.250498,23.860969],[121.252143,23.861302],[121.252921,23.862955],[121.252665,23.865361],[121.253036,23.867895],[121.253624,23.868396],[121.255193,23.868571],[121.256939,23.869456],[121.258151,23.87251],[121.260074,23.872668],[121.261674,23.872284],[121.265191,23.872829],[121.264209,23.876625],[121.263043,23.879005],[121.263178,23.880771],[121.265318,23.883031],[121.268094,23.883358],[121.268451,23.883753],[121.268359,23.884946],[121.267583,23.886045],[121.267413,23.889],[121.265508,23.891242],[121.265475,23.892408],[121.266044,23.894197],[121.265178,23.896719],[121.266536,23.898411],[121.26244,23.89908],[121.262699,23.900143],[121.261062,23.902602],[121.262716,23.904334],[121.265262,23.905933],[121.266271,23.907266],[121.270433,23.906497],[121.274453,23.907318],[121.274902,23.907535],[121.276078,23.909864],[121.27538,23.912055],[121.275436,23.914696],[121.276295,23.916221],[121.275244,23.917427],[121.275068,23.918584],[121.276515,23.923163],[121.276314,23.923939],[121.275237,23.924775],[121.273408,23.92849],[121.273675,23.929257],[121.274786,23.930376],[121.27485,23.931542],[121.273749,23.933748],[121.273857,23.93622],[121.272057,23.938345],[121.273143,23.93964],[121.273963,23.941585],[121.273526,23.944143],[121.274334,23.94564],[121.272851,23.946621],[121.271752,23.948505],[121.274705,23.951446],[121.275817,23.955865],[121.275179,23.9582],[121.275173,23.960101],[121.276259,23.963406],[121.27778,23.965244],[121.27791,23.965833],[121.275617,23.968359],[121.27508,23.971874],[121.273567,23.975252],[121.265119,23.97532],[121.26423,23.97598],[121.263199,23.978706],[121.261427,23.981798],[121.261141,23.987229],[121.259951,23.990237],[121.260112,23.992324],[121.261634,23.99501],[121.264176,23.998101],[121.265575,24.001248],[121.267094,24.002606],[121.269421,24.006345],[121.270051,24.006711],[121.269565,24.008012],[121.270257,24.00912],[121.270314,24.010015],[121.271379,24.011382],[121.271787,24.013118],[121.273791,24.015169],[121.273959,24.016278],[121.276316,24.020152],[121.27661,24.024615],[121.278656,24.026821],[121.280182,24.030601],[121.281856,24.032146],[121.282434,24.034688],[121.285661,24.039533],[121.285627,24.044948],[121.284915,24.046666],[121.284977,24.04857],[121.282612,24.051278],[121.283208,24.054267],[121.283707,24.05495],[121.28482,24.055331],[121.286473,24.057959],[121.288146,24.058903],[121.289426,24.058891],[121.290519,24.060342],[121.293548,24.061692],[121.295544,24.06378],[121.298636,24.06169],[121.299888,24.062174],[121.300835,24.0633],[121.301396,24.06504],[121.302329,24.066349],[121.30606,24.069504],[121.306438,24.070872],[121.308192,24.073307],[121.310246,24.074958],[121.311954,24.075651],[121.314221,24.077646],[121.317932,24.079699],[121.323132,24.084941],[121.323297,24.086544],[121.321148,24.088872],[121.319189,24.092767],[121.318948,24.09501],[121.322332,24.099488],[121.3243,24.100863],[121.325658,24.102463],[121.325816,24.104193],[121.326472,24.106001],[121.326288,24.1083],[121.326931,24.110261],[121.328226,24.112029],[121.328404,24.114634],[121.327127,24.114743],[121.324997,24.116083],[121.323432,24.115941],[121.319679,24.116561],[121.315662,24.116494],[121.314108,24.118336],[121.311626,24.12019],[121.307992,24.122417],[121.305273,24.123475],[121.303542,24.124579],[121.30164,24.127296],[121.299825,24.129211],[121.298442,24.130406],[121.296689,24.131136],[121.295864,24.132443],[121.284809,24.134714],[121.281369,24.135873],[121.281808,24.136835],[121.282206,24.140101],[121.283624,24.143318],[121.284222,24.145851],[121.28468,24.152289],[121.284504,24.152841],[121.283225,24.153837],[121.28103,24.154493],[121.280335,24.157866],[121.281978,24.158194],[121.286203,24.157077],[121.2878,24.15721],[121.288352,24.157739],[121.287935,24.161658],[121.288296,24.166556],[121.287876,24.172024],[121.287678,24.173283],[121.286073,24.176651],[121.286204,24.177361],[121.286612,24.177634],[121.29299,24.177202],[121.296445,24.178325],[121.298788,24.180092],[121.305648,24.180047],[121.30708,24.180332],[121.31103,24.183249],[121.315787,24.185172],[121.317367,24.188109],[121.318645,24.18925],[121.319916,24.191236],[121.322711,24.19171],[121.324178,24.194675],[121.32562,24.196125],[121.328248,24.196465],[121.330698,24.197763],[121.333945,24.198307],[121.335811,24.19911],[121.338252,24.199244],[121.34086,24.19846],[121.343756,24.199144],[121.345444,24.200004],[121.348988,24.199538],[121.349687,24.200323],[121.349163,24.204477],[121.348333,24.20719],[121.349321,24.209305],[121.349378,24.210438],[121.347866,24.21258],[121.34627,24.216586],[121.343326,24.222134],[121.34302,24.223554],[121.339751,24.226318],[121.333171,24.229826],[121.331679,24.229875],[121.330226,24.231155],[121.324444,24.233007],[121.322074,24.232061],[121.319653,24.231869],[121.317847,24.232992],[121.316453,24.234389],[121.314095,24.234997],[121.308823,24.234937],[121.306201,24.233771],[121.303894,24.233682],[121.303165,24.234419],[121.302519,24.236327],[121.301172,24.236693],[121.298749,24.235614],[121.298028,24.233995],[121.298817,24.233408],[121.298687,24.233135],[121.29641,24.232902],[121.295148,24.23225],[121.294011,24.22959],[121.293135,24.229164],[121.291022,24.230153],[121.290386,24.230099],[121.290064,24.229703],[121.288885,24.230161],[121.285889,24.229093],[121.285305,24.229507],[121.284206,24.229593],[121.283679,24.230651],[121.282971,24.231031],[121.280827,24.230608],[121.279997,24.229777],[121.279165,24.230968],[121.277546,24.23213],[121.27686,24.235469],[121.274082,24.235602],[121.273493,24.236447],[121.27255,24.236091],[121.271916,24.236527],[121.27087,24.23661]]]}},{"type":"Feature","id":"10009","properties":{"CountyID":"P","CountyCode":"10009","NameZh":"雲林縣","NameEn":"Yunlin County"},"geometry":{"type":"MultiPolygon","coordinates":[[[[120.081084,23.52412],[120.081607,23.525893],[120.081419,23.526379],[120.080923,23.526295],[120.080028,23.524655],[120.078663,23.524313],[120.07854,23.523942],[120.07907,23.523142],[120.078884,23.522798],[120.078233,23.522739],[120.077645,23.522194],[120.075845,23.522193],[120.074856,23.521013],[120.073275,23.520697],[120.071017,23.518227],[120.068445,23.517507],[120.068136,23.516711],[120.066622,23.515158],[120.063398,23.514841],[120.062319,23.512378],[120.060553,23.512115],[120.060119,23.511805],[120.060029,23.511172],[120.058666,23.510686],[120.057987,23.509562],[120.057213,23.509539],[120.05644,23.508731],[120.055138,23.508786],[120.05415,23.507643],[120.052292,23.507099],[120.051983,23.506726],[120.052234,23.505663],[120.049818,23.505205],[120.049046,23.50437],[120.040296,23.498899],[120.037867,23.496852],[120.037743,23.496282],[120.035199,23.495626],[120.0325,23.493758],[120.031073,23.493415],[120.030173,23.492181],[120.027692,23.491588],[120.026451,23.490208],[120.025428,23.490156],[120.024993,23.48898],[120.02394,23.489208],[120.021519,23.48689],[120.019566,23.48612],[120.017303,23.484543],[120.016373,23.484429],[120.015876,23.483306],[120.014915,23.483083],[120.014326,23.481933],[120.0129,23.482141],[120.012496,23.480477],[120.011659,23.479758],[120.010915,23.480042],[120.010172,23.479505],[120.010821,23.478642],[120.009397,23.478561],[120.009117,23.477638],[120.008249,23.477696],[120.004191,23.474205],[120.00174,23.474036],[120.000875,23.473701],[120.00032,23.472943],[119.998491,23.468281],[119.996904,23.465768],[119.996958,23.465391],[119.998238,23.464835],[120.000307,23.463022],[120.004098,23.460943],[120.008105,23.451962],[120.010518,23.449611],[120.011324,23.449327],[120.012034,23.448348],[120.011972,23.447462],[120.012962,23.446656],[120.012806,23.444795],[120.013208,23.444626],[120.013859,23.445136],[120.015468,23.443819],[120.015499,23.443358],[120.014197,23.441815],[120.015867,23.439866],[120.01627,23.439923],[120.016674,23.441271],[120.0172,23.44141],[120.019178,23.436284],[120.020323,23.435705],[120.020664,23.436799],[120.021377,23.437165],[120.022246,23.438516],[120.020915,23.439203],[120.020916,23.441036],[120.020329,23.442034],[120.018471,23.442528],[120.018967,23.443534],[120.019897,23.443612],[120.020083,23.444073],[120.018814,23.444761],[120.016029,23.448093],[120.015784,23.44978],[120.014793,23.450496],[120.014454,23.452787],[120.01238,23.454192],[120.010803,23.457062],[120.01068,23.457955],[120.007574,23.461062],[120.007569,23.461777],[120.008857,23.46291],[120.008889,23.463858],[120.010501,23.465602],[120.012701,23.466916],[120.012113,23.46758],[120.0123,23.467834],[120.015925,23.469347],[120.018032,23.469523],[120.018465,23.468803],[120.01958,23.468829],[120.019642,23.468576],[120.018867,23.468029],[120.016419,23.467833],[120.01617,23.465683],[120.015488,23.4652],[120.01468,23.462306],[120.015236,23.461072],[120.013903,23.45998],[120.015389,23.458924],[120.01765,23.458686],[120.019169,23.459435],[120.020129,23.45871],[120.022112,23.46023],[120.022918,23.460199],[120.023878,23.459537],[120.024685,23.460743],[120.024564,23.463867],[120.025401,23.464838],[120.023729,23.465189],[120.023481,23.465729],[120.024103,23.467448],[120.025777,23.468597],[120.024848,23.469087],[120.02302,23.469284],[120.022556,23.469633],[120.022588,23.470464],[120.022929,23.47089],[120.023828,23.471067],[120.02386,23.471781],[120.024727,23.471606],[120.025161,23.471888],[120.025906,23.47304],[120.024822,23.47436],[120.024855,23.475245],[120.025567,23.475792],[120.027303,23.475992],[120.026964,23.476965],[120.027088,23.477851],[120.028514,23.478167],[120.028888,23.479252],[120.029787,23.479601],[120.033041,23.479621],[120.034342,23.478853],[120.03496,23.477358],[120.035798,23.477526],[120.035458,23.479049],[120.036512,23.479417],[120.036637,23.479734],[120.035894,23.480479],[120.036267,23.481366],[120.034904,23.482116],[120.034935,23.48301],[120.037012,23.482517],[120.037289,23.480794],[120.03763,23.48039],[120.038311,23.480394],[120.038497,23.480052],[120.037628,23.478819],[120.037751,23.478242],[120.038774,23.47879],[120.039394,23.478324],[120.040944,23.478523],[120.040017,23.48045],[120.040389,23.48094],[120.041381,23.48128],[120.041754,23.482221],[120.042376,23.482686],[120.041974,23.483803],[120.043959,23.484312],[120.044799,23.486926],[120.044678,23.489192],[120.045454,23.489675],[120.045734,23.490309],[120.045611,23.490823],[120.044651,23.491512],[120.045148,23.492111],[120.045025,23.493573],[120.046576,23.49398],[120.04726,23.495185],[120.04791,23.493573],[120.049615,23.493746],[120.050452,23.493083],[120.051258,23.492997],[120.051442,23.492511],[120.050667,23.491766],[120.048651,23.49197],[120.048154,23.491019],[120.046788,23.490081],[120.046849,23.489386],[120.045732,23.488214],[120.045602,23.484231],[120.044764,23.483567],[120.044235,23.482453],[120.042963,23.481362],[120.04203,23.47993],[120.042678,23.476837],[120.04308,23.476722],[120.043826,23.477431],[120.045159,23.477258],[120.045965,23.477976],[120.04671,23.477746],[120.047237,23.478688],[120.048475,23.476881],[120.048971,23.476794],[120.047984,23.48021],[120.048448,23.480294],[120.049501,23.479524],[120.050092,23.480295],[120.050588,23.480298],[120.052016,23.481327],[120.052299,23.483938],[120.05264,23.484022],[120.053352,23.483213],[120.05357,23.483359],[120.053541,23.485084],[120.052332,23.485573],[120.053542,23.486483],[120.053357,23.486834],[120.052055,23.487061],[120.052676,23.48795],[120.05432,23.488059],[120.05593,23.486082],[120.056921,23.485709],[120.056827,23.484905],[120.055803,23.484158],[120.056732,23.48336],[120.058034,23.483124],[120.058312,23.482693],[120.057877,23.481859],[120.056854,23.481691],[120.056419,23.481092],[120.054837,23.481155],[120.053534,23.480695],[120.052882,23.479635],[120.053686,23.478944],[120.054926,23.478826],[120.055455,23.479605],[120.055889,23.479689],[120.056943,23.478865],[120.058834,23.478912],[120.059641,23.479594],[120.060634,23.479591],[120.061472,23.480229],[120.062527,23.480479],[120.062589,23.480858],[120.060264,23.481431],[120.060606,23.481776],[120.061537,23.481863],[120.062406,23.48269],[120.063771,23.482771],[120.063277,23.484005],[120.063867,23.484839],[120.063218,23.486099],[120.063684,23.486562],[120.064615,23.486414],[120.065142,23.486761],[120.065143,23.487185],[120.06412,23.487621],[120.062914,23.489402],[120.061518,23.489692],[120.059843,23.489573],[120.058634,23.490008],[120.056153,23.490237],[120.055844,23.49047],[120.055814,23.491418],[120.054015,23.491786],[120.053861,23.492282],[120.055444,23.492508],[120.057272,23.491526],[120.06239,23.491728],[120.062793,23.492038],[120.06202,23.493162],[120.063694,23.492928],[120.064098,23.493183],[120.06441,23.494359],[120.065404,23.494645],[120.06562,23.494357],[120.065275,23.491926],[120.065584,23.491549],[120.066702,23.491836],[120.067846,23.490145],[120.068219,23.490138],[120.068374,23.490798],[120.069027,23.490883],[120.069275,23.491255],[120.069186,23.493295],[120.070334,23.493898],[120.072103,23.493954],[120.069375,23.49522],[120.069438,23.495816],[120.07006,23.496307],[120.06975,23.496648],[120.066677,23.496133],[120.065313,23.496369],[120.06519,23.496657],[120.066059,23.497258],[120.066402,23.498552],[120.069998,23.4987],[120.070961,23.497279],[120.072947,23.497417],[120.074045,23.49829],[120.074109,23.498787],[120.070975,23.499184],[120.06688,23.500297],[120.066972,23.500668],[120.068552,23.501246],[120.068611,23.502195],[120.069137,23.502622],[120.070097,23.502827],[120.070565,23.501963],[120.071093,23.50202],[120.071058,23.503193],[120.069908,23.503764],[120.071055,23.504259],[120.07171,23.502592],[120.072364,23.501964],[120.074101,23.501938],[120.075374,23.501368],[120.076489,23.502115],[120.077667,23.502059],[120.077573,23.502654],[120.07509,23.503001],[120.074872,23.50337],[120.076139,23.505346],[120.077036,23.505838],[120.077159,23.506697],[120.076599,23.507326],[120.079293,23.508958],[120.080813,23.509138],[120.081684,23.508394],[120.08249,23.50848],[120.082706,23.509168],[120.082392,23.510367],[120.083043,23.510795],[120.08214,23.511855],[120.082573,23.512571],[120.083505,23.5118],[120.084809,23.511519],[120.085491,23.511947],[120.087415,23.512211],[120.088843,23.512156],[120.089216,23.511526],[120.090149,23.511378],[120.091823,23.512101],[120.093564,23.51064],[120.095805,23.510554],[120.095986,23.51088],[120.096155,23.511603],[120.094958,23.512129],[120.095141,23.513421],[120.094736,23.514276],[120.095229,23.515453],[120.093861,23.516484],[120.093547,23.51789],[120.092303,23.518605],[120.092301,23.51912],[120.091586,23.519838],[120.090808,23.520258],[120.088573,23.520317],[120.08792,23.520828],[120.0877,23.521946],[120.086645,23.522058],[120.085898,23.522776],[120.083881,23.522917],[120.083103,23.523662],[120.081612,23.523662],[120.081084,23.52412]]],[[[120.098518,23.542055],[120.098115,23.541646],[120.098148,23.540852],[120.097775,23.540615],[120.096655,23.541448],[120.096376,23.541275],[120.096847,23.539273],[120.095578,23.537722],[120.094836,23.536029],[120.092637,23.534021],[120.092207,23.531815],[120.091154,23.531204],[120.091903,23.529348],[120.09091,23.529198],[120.091131,23.527772],[120.091661,23.527315],[120.092249,23.527833],[120.092995,23.527684],[120.092779,23.526996],[120.093527,23.525628],[120.094989,23.524481],[120.095925,23.52259],[120.095927,23.521841],[120.096549,23.52142],[120.097605,23.521417],[120.098068,23.522765],[120.098534,23.522651],[120.098967,23.523222],[120.098904,23.523772],[120.09825,23.524337],[120.098311,23.52497],[120.098868,23.525515],[120.098184,23.526089],[120.099423,23.527207],[120.09883,23.528386],[120.099884,23.529449],[120.10184,23.529622],[120.103611,23.52919],[120.104204,23.528273],[120.10554,23.52828],[120.107281,23.527451],[120.108896,23.527821],[120.109954,23.527222],[120.110293,23.528109],[120.10936,23.528708],[120.109327,23.529196],[120.109762,23.529433],[120.111222,23.529315],[120.111626,23.529606],[120.111408,23.530002],[120.110599,23.530088],[120.110505,23.530692],[120.108982,23.530575],[120.108762,23.531865],[120.108357,23.532035],[120.106897,23.532089],[120.103793,23.531367],[120.103078,23.531652],[120.104101,23.53229],[120.105495,23.534041],[120.107144,23.532922],[120.108011,23.533983],[120.107047,23.534302],[120.106455,23.535301],[120.105273,23.536017],[120.10524,23.536757],[120.104245,23.537194],[120.103651,23.538617],[120.102812,23.538567],[120.102343,23.540226],[120.101875,23.540738],[120.098518,23.542055]]],[[[120.132418,23.546726],[120.13198,23.548186],[120.130456,23.548187],[120.13027,23.547608],[120.129214,23.547033],[120.130211,23.546434],[120.130089,23.545142],[120.1295,23.544109],[120.128474,23.54376],[120.127695,23.544424],[120.126358,23.544453],[120.12611,23.544162],[120.126423,23.543072],[120.128444,23.543218],[120.128694,23.542931],[120.128384,23.542414],[120.127575,23.542247],[120.126769,23.541412],[120.127113,23.540322],[120.126617,23.539949],[120.126649,23.539578],[120.128452,23.539345],[120.128983,23.538436],[120.128767,23.538001],[120.127211,23.537884],[120.127337,23.537542],[120.126747,23.536933],[120.127619,23.536505],[120.127806,23.535991],[120.126811,23.53585],[120.126099,23.534871],[120.126193,23.53461],[120.127001,23.534533],[120.12722,23.533929],[120.126665,23.53212],[120.125702,23.531546],[120.125641,23.531176],[120.126636,23.530946],[120.127103,23.530172],[120.132577,23.53032],[120.131207,23.530836],[120.129652,23.530945],[120.129028,23.531781],[120.127503,23.532378],[120.127502,23.532838],[120.128062,23.533212],[120.129244,23.532523],[120.129959,23.532897],[120.130112,23.533846],[120.130735,23.533245],[120.132009,23.534164],[120.132503,23.535909],[120.133848,23.536495],[120.134134,23.536939],[120.134284,23.539242],[120.135922,23.540651],[120.135982,23.541861],[120.136939,23.542923],[120.136752,23.543418],[120.135358,23.543356],[120.134737,23.543669],[120.134545,23.545907],[120.133861,23.546481],[120.133796,23.547609],[120.133125,23.547461],[120.132791,23.546728],[120.132418,23.546726]]],[[[120.133037,23.563533],[120.132755,23.564362],[120.132257,23.564251],[120.131419,23.5631],[120.130796,23.563791],[120.128961,23.563871],[120.127717,23.563269],[120.126379,23.563776],[120.125944,23.563204],[120.124484,23.562916],[120.124362,23.561796],[120.123598,23.561015],[120.123602,23.559561],[120.122814,23.558609],[120.121913,23.558288],[120.121944,23.557945],[120.12291,23.557409],[120.122879,23.556975],[120.121451,23.556109],[120.120518,23.555995],[120.119989,23.556525],[120.11576,23.556619],[120.115324,23.556562],[120.114737,23.555701],[120.11225,23.555723],[120.111442,23.555348],[120.111197,23.553938],[120.107381,23.550837],[120.105058,23.547971],[120.104999,23.546679],[120.10441,23.546161],[120.104505,23.545105],[120.10367,23.543836],[120.104479,23.543064],[120.105537,23.542637],[120.105729,23.540489],[120.107096,23.540316],[120.108122,23.539636],[120.108867,23.54029],[120.109175,23.541529],[120.110634,23.541817],[120.110633,23.542269],[120.109638,23.542588],[120.109387,23.543418],[120.109415,23.545025],[120.110097,23.545688],[120.110625,23.545944],[120.11162,23.545769],[120.112488,23.546487],[120.113079,23.546436],[120.113547,23.54578],[120.114043,23.546433],[120.11538,23.546034],[120.115566,23.546378],[120.115036,23.546836],[120.115127,23.548046],[120.116522,23.549508],[120.117301,23.548934],[120.118232,23.549481],[120.118918,23.548853],[120.119258,23.549],[120.119847,23.550005],[120.119473,23.550771],[120.120589,23.552068],[120.123013,23.552678],[120.122514,23.553334],[120.122481,23.554309],[120.123382,23.554368],[120.123878,23.55503],[120.122728,23.555313],[120.122569,23.556287],[120.123657,23.556492],[120.12375,23.55698],[120.125518,23.558841],[120.126484,23.558648],[120.127668,23.557273],[120.128077,23.555325],[120.127832,23.55331],[120.129046,23.553028],[120.129295,23.552487],[120.12855,23.551941],[120.129266,23.551711],[120.129485,23.551134],[120.129858,23.551163],[120.130541,23.552052],[120.130135,23.552627],[120.13063,23.553687],[120.129883,23.554062],[120.129819,23.555036],[120.13168,23.557223],[120.130838,23.558338],[120.130711,23.559538],[120.131489,23.559714],[120.132143,23.559176],[120.132422,23.559521],[120.130772,23.560432],[120.130582,23.56175],[120.130706,23.562093],[120.131825,23.562443],[120.133037,23.563533]]],[[[120.13038,23.569008],[120.130441,23.569812],[120.131807,23.571246],[120.131959,23.572909],[120.132517,23.573715],[120.132138,23.576521],[120.132663,23.578646],[120.13235,23.57896],[120.13058,23.578011],[120.130333,23.576665],[120.128967,23.57514],[120.128346,23.574965],[120.128379,23.573936],[120.127446,23.573759],[120.127291,23.573415],[120.12913,23.571728],[120.129851,23.569177],[120.13038,23.569008]]],[[[120.256376,23.83373],[120.251858,23.835915],[120.24377,23.841355],[120.235955,23.848146],[120.228467,23.856115],[120.220362,23.866219],[120.219251,23.858473],[120.215362,23.85288],[120.214325,23.850717],[120.213399,23.84998],[120.210973,23.849184],[120.205206,23.848375],[120.204631,23.847661],[120.204181,23.845602],[120.204519,23.8449],[120.206358,23.844108],[120.208398,23.841924],[120.208348,23.840221],[120.207674,23.837218],[120.206048,23.834283],[120.201509,23.828413],[120.200084,23.826674],[120.19817,23.825431],[120.195606,23.823082],[120.192943,23.819203],[120.191692,23.818247],[120.186777,23.816402],[120.182549,23.816192],[120.182061,23.815686],[120.181425,23.810439],[120.181087,23.809794],[120.178023,23.809067],[120.176885,23.807191],[120.174988,23.805823],[120.170433,23.806659],[120.170242,23.805486],[120.175662,23.804434],[120.175075,23.803564],[120.175461,23.803146],[120.165072,23.794434],[120.160156,23.786702],[120.156758,23.78455],[120.161911,23.779706],[120.162886,23.779714],[120.162924,23.772471],[120.169188,23.758933],[120.16681,23.755586],[120.165812,23.7419],[120.155825,23.719442],[120.156186,23.715461],[120.155728,23.715429],[120.152713,23.713129],[120.148962,23.708175],[120.146923,23.706746],[120.146385,23.703112],[120.147213,23.701869],[120.146781,23.700735],[120.145913,23.700379],[120.145591,23.699877],[120.145688,23.698219],[120.146367,23.696264],[120.146031,23.692712],[120.141042,23.687569],[120.139222,23.684233],[120.135228,23.667138],[120.132321,23.660905],[120.128598,23.654465],[120.125472,23.645724],[120.123966,23.6432],[120.122152,23.641671],[120.118112,23.639379],[120.116332,23.637677],[120.114957,23.636234],[120.114438,23.63441],[120.114486,23.632855],[120.115125,23.631429],[120.118318,23.626628],[120.123538,23.621845],[120.12523,23.621372],[120.128541,23.621936],[120.131208,23.624363],[120.13252,23.627212],[120.134453,23.63421],[120.135382,23.635901],[120.137087,23.636165],[120.137519,23.635837],[120.137911,23.634634],[120.138325,23.631784],[120.13725,23.624566],[120.137167,23.620388],[120.134901,23.620327],[120.13483,23.619903],[120.133466,23.619499],[120.133018,23.615692],[120.135814,23.615698],[120.136556,23.614713],[120.139186,23.614708],[120.139959,23.614073],[120.140303,23.608675],[120.139447,23.599575],[120.139641,23.59849],[120.140069,23.597217],[120.140436,23.597476],[120.141481,23.601516],[120.141874,23.598182],[120.142757,23.597916],[120.14459,23.598172],[120.144811,23.597289],[120.144359,23.594136],[120.141936,23.592582],[120.141515,23.591907],[120.140758,23.58388],[120.140952,23.58034],[120.140568,23.573576],[120.141374,23.571985],[120.141676,23.572207],[120.143453,23.571993],[120.143028,23.570616],[120.143114,23.567647],[120.141497,23.563015],[120.140801,23.562305],[120.137809,23.562339],[120.137671,23.561976],[120.137803,23.561273],[120.138811,23.560416],[120.139052,23.559546],[120.140055,23.558809],[120.140393,23.554328],[120.139417,23.549514],[120.140481,23.549136],[120.141138,23.545388],[120.145469,23.538999],[120.148632,23.53689],[120.149132,23.533617],[120.150276,23.531935],[120.148544,23.530463],[120.148368,23.52976],[120.145383,23.526463],[120.145738,23.526138],[120.145134,23.525625],[120.146425,23.523776],[120.145846,23.520823],[120.149311,23.518921],[120.15229,23.518237],[120.158136,23.515923],[120.164562,23.51583],[120.165408,23.517208],[120.166587,23.517232],[120.172411,23.514678],[120.177092,23.511767],[120.180978,23.50985],[120.183098,23.50985],[120.187552,23.510604],[120.189928,23.510043],[120.194591,23.512497],[120.196382,23.512353],[120.196737,23.512995],[120.198393,23.512583],[120.198535,23.513041],[120.201277,23.512437],[120.200986,23.5114],[120.202844,23.511124],[120.203095,23.512047],[120.205012,23.511807],[120.206271,23.511142],[120.20633,23.511615],[120.20681,23.511584],[120.206669,23.510598],[120.210065,23.50966],[120.215774,23.506907],[120.223047,23.504318],[120.230884,23.505438],[120.239104,23.50769],[120.242069,23.509394],[120.24478,23.511633],[120.246652,23.51383],[120.247081,23.515269],[120.244051,23.532608],[120.241912,23.53949],[120.242094,23.541538],[120.243356,23.543611],[120.245217,23.544647],[120.248905,23.545758],[120.253824,23.546419],[120.256098,23.546092],[120.258105,23.543754],[120.261364,23.536336],[120.263451,23.533527],[120.264821,23.532797],[120.266603,23.531062],[120.268428,23.530277],[120.270316,23.530224],[120.271913,23.530748],[120.272588,23.531484],[120.273386,23.533514],[120.274229,23.537615],[120.276361,23.543469],[120.278415,23.545023],[120.280198,23.545878],[120.282601,23.546026],[120.286226,23.547559],[120.290766,23.550542],[120.290912,23.551155],[120.289264,23.556624],[120.289055,23.55899],[120.289256,23.561178],[120.290372,23.562569],[120.292667,23.563959],[120.295358,23.564583],[120.297656,23.564533],[120.306551,23.562869],[120.310547,23.564446],[120.310236,23.567207],[120.306475,23.572063],[120.306446,23.573575],[120.307441,23.574654],[120.311561,23.575027],[120.31962,23.572381],[120.324018,23.572999],[120.327002,23.574169],[120.331597,23.577449],[120.333121,23.579202],[120.333608,23.591458],[120.334438,23.592673],[120.335245,23.592999],[120.339876,23.591974],[120.34332,23.591917],[120.354976,23.593592],[120.359055,23.595051],[120.360281,23.596133],[120.361774,23.5985],[120.365711,23.602475],[120.36651,23.607806],[120.367403,23.607869],[120.368119,23.607478],[120.369107,23.608558],[120.37114,23.609485],[120.379987,23.610015],[120.380685,23.611718],[120.383382,23.612908],[120.383248,23.613626],[120.382739,23.614086],[120.382807,23.614629],[120.386054,23.620699],[120.392408,23.622387],[120.392208,23.62346],[120.393096,23.624217],[120.394482,23.624052],[120.402645,23.626937],[120.400887,23.632154],[120.40147,23.632901],[120.404619,23.634192],[120.405912,23.633616],[120.406414,23.632545],[120.406626,23.625183],[120.409598,23.625241],[120.412976,23.623952],[120.414229,23.623048],[120.414278,23.622715],[120.413815,23.622407],[120.415795,23.621379],[120.416533,23.621912],[120.416866,23.622935],[120.418105,23.623981],[120.419025,23.6243],[120.41983,23.625102],[120.420703,23.625164],[120.421169,23.623252],[120.421144,23.621434],[120.422027,23.619266],[120.425379,23.61801],[120.426275,23.61891],[120.427327,23.619314],[120.429932,23.618356],[120.430342,23.618468],[120.43154,23.61984],[120.431814,23.62156],[120.433624,23.622865],[120.43597,23.621783],[120.437039,23.621913],[120.437363,23.622475],[120.43712,23.62356],[120.435348,23.624394],[120.435081,23.624897],[120.435292,23.625523],[120.435996,23.62607],[120.43787,23.626533],[120.44113,23.625974],[120.442642,23.628892],[120.444503,23.630534],[120.44522,23.630542],[120.446992,23.629653],[120.448781,23.629778],[120.449965,23.62942],[120.452225,23.630749],[120.453034,23.630691],[120.454182,23.62992],[120.45403,23.629458],[120.453366,23.628495],[120.451047,23.627124],[120.454272,23.626312],[120.458476,23.627671],[120.460395,23.62934],[120.463913,23.629428],[120.466139,23.630266],[120.469589,23.630232],[120.473994,23.631067],[120.476348,23.629527],[120.477023,23.629535],[120.477704,23.63024],[120.478638,23.632632],[120.479255,23.632947],[120.482632,23.632195],[120.485857,23.630631],[120.487871,23.630708],[120.488145,23.631442],[120.487168,23.634157],[120.487549,23.635226],[120.488726,23.635896],[120.491097,23.634832],[120.493213,23.633127],[120.497625,23.634723],[120.500074,23.635091],[120.5017,23.634795],[120.503829,23.635232],[120.504683,23.634908],[120.506132,23.633621],[120.507495,23.631178],[120.507647,23.630235],[120.506495,23.62815],[120.506455,23.625861],[120.507597,23.624052],[120.507702,23.62299],[120.509457,23.621754],[120.51025,23.619349],[120.512398,23.61796],[120.513072,23.616871],[120.515038,23.615188],[120.518094,23.61046],[120.519617,23.609067],[120.522917,23.607156],[120.524354,23.605544],[120.525994,23.604744],[120.527729,23.603207],[120.529154,23.600264],[120.530102,23.599547],[120.532136,23.598835],[120.533045,23.59701],[120.537517,23.594531],[120.543202,23.594407],[120.545216,23.593937],[120.548709,23.593731],[120.551922,23.593947],[120.556576,23.592849],[120.557075,23.592223],[120.557291,23.589866],[120.558142,23.589058],[120.560841,23.588592],[120.561897,23.588791],[120.56309,23.589638],[120.564966,23.589511],[120.565865,23.589319],[120.566267,23.588408],[120.567093,23.587741],[120.570711,23.588041],[120.574119,23.585989],[120.574949,23.584676],[120.576364,23.584418],[120.576743,23.583514],[120.578497,23.583359],[120.580299,23.582273],[120.581403,23.582128],[120.585042,23.582977],[120.585919,23.582598],[120.588838,23.585498],[120.589746,23.585718],[120.591087,23.585013],[120.593328,23.584963],[120.594824,23.585404],[120.596001,23.584744],[120.597727,23.584602],[120.600315,23.58313],[120.605512,23.583664],[120.606515,23.584211],[120.608222,23.583155],[120.610197,23.582619],[120.612138,23.583571],[120.612888,23.584408],[120.615464,23.585319],[120.618999,23.584168],[120.620218,23.585284],[120.620811,23.586438],[120.622965,23.588014],[120.623202,23.58998],[120.62474,23.590538],[120.628283,23.590158],[120.629565,23.590359],[120.630831,23.589951],[120.631955,23.590472],[120.63477,23.590971],[120.636781,23.591929],[120.639808,23.592539],[120.643067,23.592565],[120.645621,23.593533],[120.647457,23.593215],[120.649121,23.592469],[120.648639,23.590259],[120.64708,23.58748],[120.647327,23.585806],[120.649264,23.585698],[120.649197,23.583452],[120.648929,23.582515],[120.64726,23.580387],[120.645963,23.579434],[120.644708,23.579446],[120.643482,23.578211],[120.64346,23.575713],[120.644146,23.575287],[120.645486,23.575738],[120.646576,23.576748],[120.647339,23.576652],[120.649212,23.574955],[120.649864,23.572791],[120.650702,23.572447],[120.65535,23.572199],[120.656705,23.572403],[120.658055,23.572878],[120.658373,23.573704],[120.660685,23.576293],[120.665686,23.577775],[120.668582,23.577782],[120.669959,23.578784],[120.671338,23.578003],[120.672461,23.576555],[120.673317,23.57367],[120.674888,23.571248],[120.676241,23.570711],[120.681987,23.571847],[120.686333,23.574879],[120.689414,23.57521],[120.691342,23.57611],[120.693697,23.576505],[120.695833,23.576215],[120.698913,23.576338],[120.70466,23.574975],[120.706496,23.575048],[120.707934,23.575712],[120.7089,23.575707],[120.709471,23.574671],[120.7095,23.572075],[120.710051,23.571188],[120.711005,23.570831],[120.7126,23.571346],[120.714735,23.570811],[120.716099,23.571064],[120.716574,23.56952],[120.717945,23.569042],[120.719465,23.569576],[120.721689,23.57097],[120.724497,23.571895],[120.727905,23.570326],[120.733146,23.571003],[120.736159,23.570457],[120.736059,23.573053],[120.735172,23.575026],[120.733467,23.576478],[120.732161,23.577128],[120.7324,23.579849],[120.733626,23.582419],[120.733993,23.584211],[120.732337,23.58784],[120.732587,23.589688],[120.729903,23.593638],[120.730615,23.594968],[120.73271,23.597172],[120.728751,23.598988],[120.727814,23.601376],[120.724552,23.60377],[120.726743,23.607425],[120.728956,23.608775],[120.729564,23.610217],[120.731011,23.611091],[120.731296,23.614366],[120.730594,23.616683],[120.730769,23.61808],[120.728436,23.619652],[120.726938,23.619966],[120.725614,23.621716],[120.724115,23.621769],[120.723087,23.622532],[120.721919,23.62457],[120.720429,23.626261],[120.719732,23.628254],[120.718609,23.629894],[120.715801,23.629442],[120.713104,23.627911],[120.714152,23.622808],[120.714071,23.621017],[120.710287,23.619163],[120.708065,23.618509],[120.706883,23.618688],[120.705029,23.617268],[120.702274,23.617392],[120.699555,23.618791],[120.697652,23.619185],[120.696796,23.620011],[120.694681,23.620295],[120.692778,23.619964],[120.691319,23.620353],[120.686058,23.618209],[120.686157,23.617345],[120.685383,23.615477],[120.685472,23.61284],[120.683729,23.610938],[120.677778,23.611049],[120.675476,23.610264],[120.669136,23.60934],[120.667901,23.609412],[120.667189,23.610069],[120.664512,23.611118],[120.663662,23.611167],[120.661203,23.61047],[120.660041,23.61136],[120.658353,23.613833],[120.653896,23.615682],[120.651449,23.616106],[120.652923,23.621865],[120.652423,23.622745],[120.652544,23.624558],[120.653623,23.628387],[120.653003,23.629506],[120.652081,23.629491],[120.651371,23.629927],[120.649087,23.629837],[120.646684,23.631007],[120.645135,23.630984],[120.643871,23.628247],[120.642975,23.628159],[120.640933,23.625841],[120.638735,23.624742],[120.635365,23.619847],[120.633702,23.619126],[120.630787,23.622088],[120.629896,23.627438],[120.628713,23.63001],[120.630162,23.632637],[120.630013,23.633869],[120.629077,23.635165],[120.631645,23.638792],[120.631789,23.640195],[120.633467,23.641014],[120.635207,23.642862],[120.635264,23.64431],[120.634682,23.645445],[120.635007,23.64621],[120.634808,23.647008],[120.636352,23.648244],[120.635098,23.649711],[120.634996,23.650307],[120.635318,23.650744],[120.634971,23.651573],[120.63602,23.653057],[120.636274,23.654533],[120.636921,23.65543],[120.636854,23.656977],[120.638069,23.658239],[120.638082,23.65891],[120.639289,23.660675],[120.640136,23.661141],[120.640571,23.664381],[120.641336,23.665663],[120.642934,23.666239],[120.644393,23.667606],[120.644163,23.668756],[120.645044,23.671079],[120.644935,23.671629],[120.646931,23.672707],[120.646968,23.674327],[120.646052,23.67503],[120.646528,23.675869],[120.646046,23.677129],[120.646977,23.678265],[120.646936,23.678959],[120.647586,23.679526],[120.647434,23.680082],[120.648017,23.681011],[120.647662,23.682012],[120.648122,23.682203],[120.648271,23.68279],[120.646245,23.684776],[120.646725,23.685288],[120.646989,23.686574],[120.646829,23.686906],[120.645713,23.687212],[120.645581,23.688556],[120.645929,23.689447],[120.645517,23.690076],[120.646598,23.691737],[120.646596,23.692806],[120.646049,23.693399],[120.645446,23.695355],[120.645704,23.695902],[120.644575,23.697324],[120.643896,23.699451],[120.64341,23.699702],[120.644195,23.701026],[120.645289,23.701923],[120.645673,23.703205],[120.645164,23.703503],[120.645071,23.703986],[120.643955,23.704366],[120.643095,23.705308],[120.641376,23.705627],[120.640979,23.706514],[120.640352,23.706975],[120.64063,23.707454],[120.64043,23.708177],[120.639718,23.708777],[120.640195,23.710002],[120.639898,23.710406],[120.638985,23.710576],[120.640585,23.713277],[120.640707,23.714243],[120.639738,23.714502],[120.640487,23.715303],[120.640182,23.716241],[120.640773,23.718555],[120.640413,23.719391],[120.641683,23.722281],[120.640938,23.723592],[120.641348,23.724527],[120.641005,23.725032],[120.640157,23.725166],[120.63971,23.726214],[120.640149,23.72767],[120.639818,23.728574],[120.640213,23.73072],[120.64156,23.730379],[120.642069,23.730643],[120.643446,23.733271],[120.643428,23.73417],[120.64387,23.734594],[120.643945,23.735541],[120.644541,23.736642],[120.646302,23.735571],[120.646635,23.735899],[120.647863,23.736038],[120.649947,23.735708],[120.650898,23.736169],[120.654603,23.734461],[120.655431,23.734516],[120.655843,23.735119],[120.654469,23.73979],[120.65436,23.741992],[120.65463,23.748311],[120.655973,23.753762],[120.655698,23.755022],[120.648477,23.773275],[120.642433,23.781699],[120.640374,23.786048],[120.63502,23.78677],[120.633132,23.788891],[120.630245,23.789789],[120.628327,23.790011],[120.625037,23.790032],[120.615004,23.791362],[120.592783,23.791032],[120.592094,23.791353],[120.586962,23.791912],[120.582693,23.793761],[120.578028,23.795276],[120.573287,23.796358],[120.560288,23.798145],[120.558182,23.799434],[120.551225,23.801128],[120.545922,23.801479],[120.540917,23.801018],[120.535471,23.801294],[120.529109,23.799191],[120.527818,23.799059],[120.52135,23.79977],[120.511054,23.800092],[120.50874,23.800447],[120.498409,23.803608],[120.483167,23.806569],[120.475263,23.809035],[120.458124,23.816124],[120.452089,23.817216],[120.450652,23.818659],[120.443359,23.822661],[120.43953,23.826865],[120.43311,23.830148],[120.425257,23.830248],[120.418436,23.827009],[120.410336,23.826376],[120.382899,23.828557],[120.370325,23.828559],[120.360115,23.823257],[120.358137,23.822813],[120.352396,23.822321],[120.333145,23.822286],[120.316402,23.820058],[120.308126,23.820302],[120.256376,23.83373]]]]}},{"type":"Feature","id":"10010","properties":{"CountyID":"Q","CountyCode":"10010","NameZh":"嘉義縣","NameEn":"Chiayi County"},"geometry":{"type":"MultiPolygon","coordinates":[[[[120.149807,23.398532],[120.144749,23.403774],[120.142832,23.40947],[120.14152,23.412375],[120.141175,23.412506],[120.140821,23.411743],[120.140945,23.411053],[120.143897,23.40288],[120.147712,23.398535],[120.1502,23.39016],[120.150197,23.389175],[120.151593,23.38947],[120.152394,23.390447],[120.152442,23.391079],[120.151603,23.391151],[120.151093,23.391645],[120.151017,23.392171],[120.151532,23.392612],[120.152125,23.392091],[120.15217,23.391574],[120.152511,23.391644],[120.149807,23.398532]]],[[[120.1369,23.421361],[120.135472,23.423759],[120.13594,23.425229],[120.135623,23.425482],[120.135111,23.424331],[120.135298,23.422742],[120.136021,23.421643],[120.1369,23.421361]]],[[[120.137759,23.434734],[120.137149,23.435502],[120.135255,23.436907],[120.136123,23.435844],[120.137759,23.434734]]],[[[120.142844,23.475393],[120.14262,23.475425],[120.142749,23.475191],[120.142844,23.475393]]],[[[120.141945,23.475938],[120.141948,23.476146],[120.141236,23.476499],[120.141441,23.476148],[120.141945,23.475938]]],[[[120.14047,23.476996],[120.140464,23.477215],[120.139839,23.47718],[120.13987,23.477074],[120.14047,23.476996]]],[[[120.147973,23.477694],[120.148285,23.478145],[120.148348,23.478378],[120.147874,23.477946],[120.147973,23.477694]]],[[[120.149005,23.478885],[120.148429,23.479078],[120.148348,23.478809],[120.149005,23.478885]]],[[[120.492979,23.633165],[120.491097,23.634832],[120.488726,23.635896],[120.487549,23.635226],[120.487168,23.634157],[120.488145,23.631442],[120.487871,23.630708],[120.485857,23.630631],[120.482632,23.632195],[120.479255,23.632947],[120.478638,23.632632],[120.477704,23.63024],[120.477023,23.629535],[120.476348,23.629527],[120.473994,23.631067],[120.469589,23.630232],[120.466139,23.630266],[120.463913,23.629428],[120.460395,23.62934],[120.458476,23.627671],[120.454272,23.626312],[120.451047,23.627124],[120.453366,23.628495],[120.45403,23.629458],[120.454182,23.62992],[120.453034,23.630691],[120.452225,23.630749],[120.449965,23.62942],[120.448781,23.629778],[120.446992,23.629653],[120.44522,23.630542],[120.444503,23.630534],[120.442642,23.628892],[120.44113,23.625974],[120.43787,23.626533],[120.435996,23.62607],[120.435292,23.625523],[120.435081,23.624897],[120.435348,23.624394],[120.43712,23.62356],[120.437363,23.622475],[120.437039,23.621913],[120.43597,23.621783],[120.433624,23.622865],[120.431814,23.62156],[120.43154,23.61984],[120.430342,23.618468],[120.429932,23.618356],[120.427327,23.619314],[120.426275,23.61891],[120.425379,23.61801],[120.422027,23.619266],[120.421144,23.621434],[120.421169,23.623252],[120.420703,23.625164],[120.41983,23.625102],[120.419025,23.6243],[120.418105,23.623981],[120.416866,23.622935],[120.416533,23.621912],[120.415795,23.621379],[120.413815,23.622407],[120.414278,23.622715],[120.414229,23.623048],[120.412976,23.623952],[120.409598,23.625241],[120.406626,23.625183],[120.406414,23.632545],[120.405912,23.633616],[120.404619,23.634192],[120.40147,23.632901],[120.400887,23.632154],[120.402645,23.626937],[120.394482,23.624052],[120.393096,23.624217],[120.392208,23.62346],[120.392408,23.622387],[120.386054,23.620699],[120.382807,23.614629],[120.382739,23.614086],[120.383248,23.613626],[120.383382,23.612908],[120.380685,23.611718],[120.379905,23.609968],[120.37114,23.609485],[120.369107,23.608558],[120.368119,23.607478],[120.367403,23.607869],[120.36651,23.607806],[120.365711,23.602475],[120.361774,23.5985],[120.360281,23.596133],[120.359055,23.595051],[120.354976,23.593592],[120.34332,23.591917],[120.339876,23.591974],[120.335245,23.592999],[120.334438,23.592673],[120.333608,23.591458],[120.333121,23.579202],[120.331597,23.577449],[120.327002,23.574169],[120.324018,23.572999],[120.31962,23.572381],[120.311561,23.575027],[120.307441,23.574654],[120.306446,23.573575],[120.306475,23.572063],[120.310236,23.567207],[120.310547,23.564446],[120.306551,23.562869],[120.297656,23.564533],[120.295358,23.564583],[120.292667,23.563959],[120.290372,23.562569],[120.289256,23.561178],[120.289055,23.55899],[120.289264,23.556624],[120.290912,23.551155],[120.290766,23.550542],[120.286226,23.547559],[120.282601,23.546026],[120.280198,23.545878],[120.278415,23.545023],[120.276361,23.543469],[120.274229,23.537615],[120.273386,23.533514],[120.272588,23.531484],[120.271913,23.530748],[120.270316,23.530224],[120.268428,23.530277],[120.266603,23.531062],[120.264821,23.532797],[120.263451,23.533527],[120.261364,23.536336],[120.258105,23.543754],[120.256098,23.546092],[120.253824,23.546419],[120.248905,23.545758],[120.245217,23.544647],[120.243356,23.543611],[120.242094,23.541538],[120.241912,23.53949],[120.244051,23.532608],[120.247081,23.515269],[120.246652,23.51383],[120.243087,23.510116],[120.240522,23.508415],[120.237076,23.506952],[120.230884,23.505438],[120.223047,23.504318],[120.215774,23.506907],[120.210065,23.50966],[120.206669,23.510598],[120.20681,23.511584],[120.20633,23.511615],[120.206271,23.511142],[120.205012,23.511807],[120.203095,23.512047],[120.202844,23.511124],[120.200986,23.5114],[120.201277,23.512437],[120.198535,23.513041],[120.198393,23.512583],[120.196737,23.512995],[120.196382,23.512353],[120.194591,23.512497],[120.189928,23.510043],[120.187552,23.510604],[120.183098,23.50985],[120.180978,23.50985],[120.177092,23.511767],[120.172411,23.514678],[120.166587,23.517232],[120.165408,23.517208],[120.164562,23.51583],[120.158136,23.515923],[120.15229,23.518237],[120.149311,23.518921],[120.146389,23.520759],[120.145846,23.520823],[120.145848,23.518482],[120.142638,23.518498],[120.142455,23.517434],[120.125399,23.52047],[120.124029,23.520417],[120.121527,23.519495],[120.119902,23.517947],[120.118951,23.515657],[120.119344,23.496244],[120.120423,23.492972],[120.123427,23.489644],[120.12467,23.488727],[120.127371,23.487941],[120.133066,23.488366],[120.133565,23.488154],[120.157857,23.495039],[120.158966,23.494551],[120.158711,23.493583],[120.160737,23.492926],[120.162253,23.492828],[120.162523,23.49315],[120.169683,23.492189],[120.169679,23.491766],[120.16865,23.491747],[120.168657,23.491652],[120.169679,23.491699],[120.169669,23.490511],[120.168509,23.490755],[120.16845,23.490552],[120.169619,23.490468],[120.169361,23.489888],[120.168858,23.489928],[120.167623,23.490726],[120.160098,23.49185],[120.15523,23.491079],[120.155872,23.489527],[120.155643,23.489442],[120.156647,23.487536],[120.155792,23.484071],[120.154719,23.484049],[120.154108,23.482253],[120.151528,23.480697],[120.149805,23.478438],[120.149047,23.47814],[120.149474,23.477312],[120.149263,23.476211],[120.149616,23.476032],[120.149277,23.475746],[120.148625,23.475973],[120.148095,23.475667],[120.148665,23.475826],[120.149016,23.474758],[120.148125,23.474435],[120.14754,23.475141],[120.147778,23.475442],[120.146892,23.474999],[120.146032,23.474223],[120.14704,23.474756],[120.147841,23.473718],[120.146933,23.473063],[120.146296,23.47377],[120.146791,23.472929],[120.145902,23.472281],[120.144978,23.473337],[120.145847,23.474091],[120.144867,23.473404],[120.145579,23.472238],[120.14501,23.471906],[120.144092,23.470108],[120.14432,23.468046],[120.144864,23.467065],[120.146084,23.466112],[120.14524,23.464936],[120.145728,23.464485],[120.14557,23.464238],[120.145862,23.464431],[120.145349,23.464973],[120.146123,23.465769],[120.14695,23.46518],[120.146436,23.464119],[120.146018,23.464272],[120.146394,23.463967],[120.145275,23.462214],[120.144669,23.460357],[120.144817,23.459825],[120.13905,23.458048],[120.13437,23.454065],[120.133253,23.451583],[120.135395,23.447703],[120.138188,23.449037],[120.138027,23.449282],[120.136426,23.448487],[120.135394,23.451125],[120.138768,23.452663],[120.139918,23.450675],[120.13879,23.449731],[120.138689,23.44894],[120.139081,23.449707],[120.142577,23.451451],[120.147644,23.453732],[120.147818,23.453478],[120.14832,23.454],[120.14968,23.454269],[120.151146,23.455679],[120.152246,23.454852],[120.15259,23.453928],[120.152241,23.452619],[120.152783,23.452153],[120.151938,23.452279],[120.151701,23.451969],[120.150966,23.448978],[120.155603,23.448263],[120.154678,23.447804],[120.149793,23.441852],[120.1484,23.439496],[120.148326,23.438724],[120.147546,23.439029],[120.146892,23.438366],[120.146519,23.437468],[120.146695,23.436776],[120.147277,23.436332],[120.145789,23.433277],[120.145512,23.428596],[120.145893,23.428214],[120.14796,23.427916],[120.148179,23.427217],[120.148218,23.427804],[120.150469,23.427713],[120.148856,23.427433],[120.148458,23.426052],[120.149004,23.425529],[120.151258,23.426146],[120.153616,23.4284],[120.155737,23.428565],[120.156002,23.427302],[120.152757,23.42477],[120.152209,23.424932],[120.151796,23.424627],[120.152231,23.42484],[120.152511,23.424577],[120.151629,23.423893],[120.151129,23.423965],[120.151611,23.4245],[120.149532,23.42303],[120.149545,23.419805],[120.15054,23.41949],[120.151266,23.418286],[120.150908,23.41751],[120.14924,23.415652],[120.148546,23.415605],[120.148204,23.414858],[120.148876,23.413288],[120.149283,23.413119],[120.149595,23.410182],[120.149411,23.406147],[120.15008,23.404832],[120.151148,23.399151],[120.151639,23.398527],[120.152438,23.399777],[120.153005,23.398611],[120.153835,23.399152],[120.154143,23.404263],[120.159977,23.406125],[120.160522,23.40157],[120.161612,23.397917],[120.161674,23.39466],[120.163707,23.393411],[120.163705,23.393041],[120.160729,23.388792],[120.157056,23.389912],[120.155504,23.39094],[120.153648,23.388959],[120.154214,23.38901],[120.154584,23.389468],[120.15498,23.38919],[120.155689,23.390074],[120.156718,23.389362],[120.156154,23.388643],[120.156725,23.388263],[120.157352,23.389052],[120.159265,23.387689],[120.157784,23.38579],[120.156799,23.38641],[120.157301,23.387234],[120.156716,23.386506],[120.155042,23.387585],[120.155504,23.388182],[120.155144,23.387902],[120.154572,23.388262],[120.154004,23.388115],[120.157344,23.38495],[120.156897,23.384268],[120.157453,23.384926],[120.158191,23.384783],[120.158011,23.383759],[120.157305,23.383437],[120.157069,23.383876],[120.157255,23.383313],[120.15793,23.383608],[120.15804,23.383312],[120.157301,23.383035],[120.15704,23.381783],[120.157361,23.382993],[120.15788,23.383192],[120.158341,23.381775],[120.157099,23.38152],[120.157243,23.380823],[120.158406,23.381536],[120.15761,23.380268],[120.15798,23.379806],[120.15753,23.379842],[120.157337,23.380437],[120.157219,23.379824],[120.156456,23.379781],[120.155915,23.384704],[120.155208,23.384715],[120.153025,23.387616],[120.152275,23.387997],[120.151841,23.387505],[120.152055,23.3886],[120.150701,23.388354],[120.149506,23.386739],[120.148077,23.385529],[120.139533,23.385292],[120.137597,23.384684],[120.13166,23.384779],[120.131934,23.376256],[120.130898,23.370443],[120.129447,23.368777],[120.12803,23.363568],[120.126652,23.360703],[120.125449,23.359273],[120.122967,23.354803],[120.121941,23.351559],[120.11934,23.34693],[120.118378,23.343661],[120.118569,23.342841],[120.119061,23.343131],[120.118069,23.340168],[120.132289,23.329756],[120.13692,23.327991],[120.147082,23.321067],[120.148582,23.319573],[120.14837,23.315273],[120.148573,23.314443],[120.149663,23.313249],[120.154131,23.31309],[120.154926,23.31218],[120.155515,23.310482],[120.156221,23.310041],[120.160582,23.310645],[120.164674,23.309236],[120.168336,23.307012],[120.170949,23.30458],[120.17332,23.30038],[120.173923,23.299902],[120.173727,23.299151],[120.17592,23.294016],[120.17868,23.291727],[120.180555,23.29092],[120.183838,23.290321],[120.18755,23.290031],[120.189047,23.290216],[120.189571,23.29111],[120.189355,23.292349],[120.188125,23.293842],[120.186151,23.295379],[120.185791,23.296603],[120.18624,23.298125],[120.188121,23.300374],[120.18841,23.301233],[120.190895,23.300727],[120.19169,23.30027],[120.200094,23.293991],[120.201509,23.29319],[120.202877,23.292937],[120.204275,23.2919],[120.208605,23.291295],[120.211826,23.292707],[120.21239,23.291701],[120.214403,23.292441],[120.217344,23.294427],[120.220874,23.296],[120.222638,23.298319],[120.227056,23.305314],[120.227672,23.306755],[120.228281,23.310152],[120.231231,23.316186],[120.233111,23.318791],[120.234284,23.319808],[120.23555,23.323268],[120.237592,23.326647],[120.238479,23.327279],[120.239697,23.327556],[120.241093,23.327074],[120.245867,23.326852],[120.246914,23.327245],[120.249225,23.328928],[120.256395,23.331072],[120.257435,23.331688],[120.264902,23.338945],[120.267051,23.340632],[120.267499,23.344757],[120.265723,23.344589],[120.263663,23.345093],[120.260711,23.344471],[120.265019,23.351486],[120.266037,23.35258],[120.267853,23.353537],[120.270494,23.353689],[120.273316,23.35273],[120.274783,23.351712],[120.27576,23.350028],[120.275773,23.348906],[120.276159,23.348333],[120.277737,23.347716],[120.281414,23.348233],[120.28621,23.350273],[120.286443,23.351673],[120.286056,23.353961],[120.284607,23.356254],[120.283675,23.359998],[120.283803,23.362051],[120.284969,23.364326],[120.285891,23.367216],[120.290279,23.371835],[120.29274,23.375318],[120.299363,23.37534],[120.303614,23.375963],[120.303933,23.375589],[120.307964,23.374947],[120.310946,23.375437],[120.310336,23.3831],[120.311197,23.383394],[120.311005,23.385568],[120.312451,23.386981],[120.31463,23.38795],[120.314774,23.38846],[120.317844,23.388434],[120.318846,23.387183],[120.319422,23.387343],[120.319786,23.386925],[120.319447,23.386037],[120.321694,23.383591],[120.3235,23.383617],[120.324263,23.384376],[120.328444,23.386064],[120.328757,23.386031],[120.328935,23.384879],[120.329958,23.3854],[120.333862,23.3861],[120.339894,23.393372],[120.34272,23.396222],[120.343101,23.398284],[120.346329,23.40038],[120.34902,23.401218],[120.353813,23.40126],[120.35985,23.402665],[120.381041,23.403435],[120.38425,23.404085],[120.396365,23.407346],[120.404173,23.410046],[120.406704,23.411511],[120.408109,23.413426],[120.409424,23.412429],[120.410492,23.410168],[120.414491,23.41124],[120.416303,23.410417],[120.417945,23.408517],[120.418372,23.406295],[120.419282,23.404174],[120.420062,23.403464],[120.42105,23.405887],[120.421952,23.407044],[120.423276,23.406424],[120.426128,23.406867],[120.427757,23.406369],[120.42868,23.407309],[120.4297,23.406463],[120.430314,23.406484],[120.431676,23.407916],[120.432246,23.410815],[120.433202,23.411288],[120.434347,23.411084],[120.434588,23.41129],[120.434399,23.412145],[120.435709,23.412205],[120.436214,23.412818],[120.436906,23.412288],[120.437384,23.413026],[120.438084,23.413355],[120.439399,23.41295],[120.439998,23.413731],[120.440252,23.413081],[120.441562,23.413163],[120.443001,23.412385],[120.444544,23.411005],[120.447916,23.409601],[120.450085,23.409231],[120.45179,23.408291],[120.452695,23.406777],[120.453267,23.406476],[120.454325,23.406341],[120.453798,23.406962],[120.453982,23.40722],[120.459193,23.404637],[120.460938,23.404707],[120.46084,23.403724],[120.461521,23.403233],[120.461842,23.402439],[120.464954,23.40077],[120.466725,23.400539],[120.467688,23.401122],[120.46821,23.400581],[120.468835,23.400515],[120.469525,23.399404],[120.471037,23.398945],[120.472183,23.398077],[120.4734,23.398073],[120.474118,23.397199],[120.474331,23.395968],[120.476145,23.39383],[120.475274,23.391535],[120.475385,23.391001],[120.476955,23.39057],[120.477471,23.390711],[120.479419,23.387589],[120.480869,23.389312],[120.482142,23.38928],[120.483151,23.389839],[120.484004,23.391517],[120.484947,23.391198],[120.485674,23.391438],[120.485236,23.392399],[120.48554,23.393062],[120.486274,23.393109],[120.486908,23.39237],[120.487933,23.393006],[120.489164,23.392446],[120.488654,23.393608],[120.489775,23.394399],[120.489884,23.395237],[120.490325,23.395624],[120.493374,23.394807],[120.493754,23.394958],[120.49425,23.394231],[120.49494,23.394357],[120.494796,23.393308],[120.49559,23.393184],[120.497502,23.391232],[120.497155,23.389288],[120.499143,23.388045],[120.499029,23.387398],[120.496819,23.384245],[120.495902,23.383878],[120.494521,23.384307],[120.49141,23.382635],[120.490278,23.383071],[120.489175,23.38178],[120.485718,23.380439],[120.484402,23.379481],[120.483593,23.377336],[120.483517,23.374692],[120.482941,23.372327],[120.483226,23.371102],[120.48386,23.370599],[120.483935,23.369567],[120.484835,23.369581],[120.485805,23.370343],[120.486251,23.370308],[120.487092,23.371049],[120.487435,23.372066],[120.488244,23.373001],[120.488725,23.373068],[120.489451,23.372836],[120.490097,23.371121],[120.491502,23.372487],[120.494271,23.369488],[120.496055,23.369951],[120.497265,23.368926],[120.498847,23.368653],[120.499473,23.368035],[120.501788,23.367825],[120.502596,23.369536],[120.503442,23.369355],[120.503473,23.368887],[120.504836,23.368902],[120.505188,23.368296],[120.50456,23.368181],[120.504927,23.367432],[120.506762,23.36703],[120.507319,23.366515],[120.507177,23.365892],[120.50877,23.364625],[120.509549,23.364474],[120.509895,23.364878],[120.510539,23.36436],[120.510674,23.363557],[120.510219,23.363308],[120.510531,23.362379],[120.511222,23.36226],[120.510931,23.361854],[120.51127,23.361474],[120.511182,23.360642],[120.512092,23.360621],[120.512426,23.359831],[120.512145,23.357047],[120.512464,23.356299],[120.512361,23.355674],[120.510845,23.354003],[120.50809,23.35276],[120.507505,23.353907],[120.50616,23.355297],[120.505695,23.355391],[120.504719,23.35468],[120.503562,23.350288],[120.503783,23.349394],[120.504636,23.349347],[120.504455,23.346544],[120.505674,23.34547],[120.505091,23.344815],[120.50591,23.344238],[120.506608,23.344195],[120.50786,23.342995],[120.509611,23.343369],[120.510429,23.344091],[120.514257,23.343861],[120.514776,23.343286],[120.515584,23.343739],[120.516713,23.342675],[120.517781,23.342624],[120.51842,23.342012],[120.52068,23.341947],[120.521417,23.340461],[120.523112,23.340678],[120.523805,23.340043],[120.523834,23.339419],[120.524745,23.338202],[120.525853,23.339198],[120.526931,23.339385],[120.527591,23.338589],[120.530294,23.338062],[120.531534,23.336817],[120.532816,23.336378],[120.533723,23.336471],[120.534284,23.335518],[120.536814,23.333263],[120.537478,23.331543],[120.539996,23.32787],[120.537056,23.326538],[120.535108,23.323246],[120.53378,23.321976],[120.53285,23.321792],[120.53195,23.321148],[120.531562,23.318097],[120.530853,23.317107],[120.530069,23.317255],[120.528345,23.315931],[120.527281,23.314636],[120.523891,23.313346],[120.522551,23.311754],[120.522762,23.310086],[120.523345,23.30881],[120.523342,23.306494],[120.524086,23.303365],[120.52388,23.302391],[120.52568,23.29824],[120.526279,23.295334],[120.526009,23.292226],[120.524463,23.291543],[120.523773,23.290103],[120.522576,23.28932],[120.521861,23.288091],[120.522186,23.286132],[120.522951,23.284461],[120.522617,23.283115],[120.522943,23.28206],[120.522705,23.281419],[120.520968,23.279686],[120.522323,23.27429],[120.520426,23.271776],[120.522159,23.270297],[120.522438,23.269375],[120.523494,23.268317],[120.526092,23.266489],[120.526617,23.264148],[120.527903,23.26309],[120.528531,23.261957],[120.52932,23.257874],[120.530564,23.257294],[120.530791,23.255916],[120.532295,23.255052],[120.531544,23.253433],[120.531536,23.251986],[120.530878,23.251071],[120.530319,23.248526],[120.527909,23.24536],[120.524164,23.241998],[120.519037,23.239256],[120.519656,23.237895],[120.520605,23.237641],[120.520902,23.236865],[120.522881,23.235298],[120.523476,23.234113],[120.525744,23.231532],[120.52682,23.230933],[120.527545,23.231789],[120.529679,23.232548],[120.531327,23.231726],[120.531958,23.229665],[120.534051,23.228988],[120.53599,23.229236],[120.53976,23.227668],[120.541508,23.227829],[120.54209,23.227159],[120.543988,23.226583],[120.548534,23.223988],[120.549785,23.221338],[120.55052,23.220731],[120.552506,23.220266],[120.553502,23.218901],[120.55431,23.218746],[120.554981,23.217473],[120.557501,23.217235],[120.558077,23.216823],[120.561372,23.217414],[120.563784,23.220216],[120.565288,23.22098],[120.567333,23.219828],[120.569248,23.219365],[120.571025,23.218215],[120.572506,23.217806],[120.574874,23.217698],[120.577452,23.215893],[120.57826,23.214783],[120.579386,23.217381],[120.579681,23.218991],[120.580374,23.21958],[120.581779,23.219925],[120.584898,23.223246],[120.586613,23.224164],[120.588875,23.230057],[120.590034,23.231664],[120.590248,23.234332],[120.591966,23.236716],[120.592489,23.239854],[120.593796,23.239419],[120.595793,23.236727],[120.596549,23.234366],[120.596386,23.231719],[120.59724,23.229042],[120.602722,23.22608],[120.606518,23.225777],[120.608172,23.224678],[120.609825,23.222636],[120.611649,23.222815],[120.613078,23.223995],[120.616762,23.223545],[120.618389,23.225645],[120.624764,23.227175],[120.626186,23.228557],[120.62838,23.229447],[120.629567,23.229056],[120.631206,23.229511],[120.63202,23.228886],[120.633298,23.228624],[120.634109,23.229225],[120.635823,23.2283],[120.638906,23.227949],[120.642423,23.225724],[120.644174,23.225317],[120.646908,23.227133],[120.647934,23.226738],[120.648233,23.225544],[120.651884,23.224038],[120.653445,23.224538],[120.650294,23.227405],[120.649484,23.228639],[120.64955,23.230651],[120.650467,23.232963],[120.650088,23.233381],[120.650353,23.23465],[120.651311,23.235819],[120.650664,23.235853],[120.651161,23.236652],[120.65052,23.23709],[120.650851,23.237992],[120.649207,23.240405],[120.649403,23.241575],[120.649168,23.24271],[120.648644,23.243049],[120.648641,23.244444],[120.648131,23.244323],[120.647893,23.244628],[120.648457,23.245109],[120.648534,23.245969],[120.649234,23.246909],[120.648058,23.248463],[120.64845,23.249252],[120.647729,23.249593],[120.645958,23.252286],[120.644373,23.253685],[120.644098,23.25462],[120.642083,23.256809],[120.642089,23.261029],[120.641038,23.264044],[120.640691,23.266516],[120.638285,23.269176],[120.639011,23.270439],[120.64109,23.271024],[120.640632,23.274165],[120.641871,23.274644],[120.643153,23.27598],[120.643004,23.276838],[120.642008,23.277602],[120.641913,23.278542],[120.642492,23.280023],[120.643744,23.281276],[120.644051,23.282228],[120.643222,23.286262],[120.641857,23.287476],[120.643723,23.289437],[120.642923,23.291699],[120.64203,23.292902],[120.643744,23.296097],[120.647024,23.297439],[120.649453,23.292903],[120.650645,23.291742],[120.652004,23.291171],[120.654508,23.291441],[120.655319,23.291934],[120.65741,23.295244],[120.658426,23.295972],[120.65967,23.294761],[120.661831,23.295007],[120.661984,23.293961],[120.662674,23.293541],[120.663604,23.293884],[120.66539,23.293169],[120.665619,23.294084],[120.666166,23.294321],[120.667314,23.294026],[120.66824,23.2921],[120.669717,23.292195],[120.670247,23.290747],[120.67089,23.290199],[120.67141,23.289969],[120.673738,23.291111],[120.674549,23.290888],[120.675956,23.290285],[120.676166,23.288595],[120.677354,23.287844],[120.677838,23.28853],[120.678822,23.288846],[120.683899,23.287108],[120.68717,23.2866],[120.689897,23.285308],[120.691773,23.285129],[120.693511,23.28454],[120.699544,23.284424],[120.70116,23.285557],[120.701396,23.286895],[120.703415,23.28909],[120.703343,23.290309],[120.70257,23.291048],[120.702873,23.291793],[120.702341,23.293842],[120.702834,23.297564],[120.704377,23.301975],[120.705222,23.302557],[120.70677,23.304728],[120.710301,23.306749],[120.712166,23.308697],[120.716284,23.307609],[120.717973,23.308065],[120.72131,23.308267],[120.726052,23.306636],[120.730629,23.305612],[120.730806,23.307812],[120.730221,23.309389],[120.730168,23.310756],[120.732307,23.313859],[120.735572,23.315734],[120.738725,23.316413],[120.739431,23.316842],[120.740072,23.317777],[120.740386,23.320432],[120.741049,23.321082],[120.742249,23.321466],[120.747856,23.321909],[120.750073,23.324039],[120.750823,23.325926],[120.752387,23.326506],[120.752873,23.327043],[120.753251,23.328191],[120.752216,23.329928],[120.752381,23.331031],[120.755101,23.331915],[120.756444,23.33279],[120.758209,23.335082],[120.758828,23.336444],[120.758552,23.337301],[120.757531,23.337848],[120.757078,23.338559],[120.758484,23.340868],[120.758322,23.341965],[120.757513,23.342977],[120.758069,23.344265],[120.759424,23.344275],[120.761676,23.343515],[120.764427,23.34167],[120.765521,23.341934],[120.766942,23.343351],[120.768456,23.343878],[120.77117,23.342454],[120.773334,23.341823],[120.774457,23.343],[120.777135,23.343538],[120.777953,23.343401],[120.778244,23.34288],[120.779274,23.342508],[120.783215,23.342204],[120.783746,23.34258],[120.785215,23.345342],[120.787124,23.345691],[120.787581,23.346141],[120.788593,23.348595],[120.788452,23.352821],[120.791806,23.353467],[120.792034,23.354209],[120.791611,23.356225],[120.791986,23.357243],[120.793056,23.357593],[120.795264,23.356753],[120.796242,23.356858],[120.797903,23.360314],[120.799511,23.3612],[120.800645,23.360643],[120.801082,23.36373],[120.802509,23.365594],[120.804695,23.367211],[120.804552,23.36793],[120.803273,23.36946],[120.803471,23.37003],[120.804292,23.370663],[120.805788,23.370909],[120.807242,23.369107],[120.808519,23.368391],[120.809835,23.369548],[120.8119,23.369694],[120.813396,23.369423],[120.816276,23.371479],[120.818378,23.371057],[120.819577,23.371143],[120.821195,23.370523],[120.823094,23.371941],[120.825422,23.371707],[120.825302,23.372857],[120.825741,23.373492],[120.828528,23.374954],[120.829112,23.375797],[120.829767,23.381577],[120.829378,23.383431],[120.830166,23.38445],[120.830972,23.386601],[120.832915,23.387206],[120.834628,23.386681],[120.834906,23.387718],[120.834104,23.388723],[120.834118,23.389653],[120.834538,23.390019],[120.835582,23.389861],[120.836873,23.393387],[120.83888,23.39448],[120.840534,23.394543],[120.841007,23.394923],[120.841173,23.396077],[120.839706,23.396093],[120.838759,23.396505],[120.838413,23.398247],[120.840534,23.39977],[120.841043,23.401011],[120.842357,23.401743],[120.843096,23.403283],[120.843939,23.403924],[120.844755,23.408229],[120.847504,23.409958],[120.847924,23.411213],[120.849308,23.41201],[120.849525,23.417747],[120.849172,23.419485],[120.849779,23.420355],[120.853093,23.42194],[120.853968,23.423187],[120.856391,23.422],[120.857077,23.421968],[120.857864,23.422985],[120.858103,23.424338],[120.859102,23.425119],[120.860042,23.423785],[120.86187,23.424199],[120.862304,23.424578],[120.864523,23.423941],[120.86501,23.42499],[120.865991,23.425368],[120.86625,23.426078],[120.868126,23.426645],[120.869316,23.426258],[120.86962,23.42643],[120.870528,23.428357],[120.871738,23.429598],[120.873404,23.429651],[120.875415,23.431345],[120.875362,23.432768],[120.878918,23.43215],[120.881617,23.433014],[120.882547,23.434121],[120.882822,23.435414],[120.883824,23.436256],[120.885561,23.434813],[120.886765,23.434854],[120.887327,23.436483],[120.88841,23.437399],[120.888792,23.43913],[120.890697,23.442413],[120.890597,23.443439],[120.891394,23.444231],[120.891767,23.446609],[120.892225,23.446547],[120.892871,23.445214],[120.8938,23.445193],[120.895146,23.445922],[120.896418,23.449594],[120.896245,23.450417],[120.896783,23.4509],[120.898829,23.45114],[120.900411,23.452094],[120.900523,23.454089],[120.902369,23.454142],[120.904484,23.452948],[120.90567,23.453176],[120.906442,23.454591],[120.907465,23.455041],[120.908331,23.456706],[120.909402,23.457544],[120.910236,23.457799],[120.911658,23.457626],[120.912936,23.458517],[120.915173,23.458006],[120.916165,23.458888],[120.920137,23.458827],[120.921438,23.4591],[120.922483,23.458143],[120.923873,23.458346],[120.926189,23.457484],[120.92684,23.455998],[120.928483,23.455493],[120.928385,23.456909],[120.931548,23.457143],[120.932571,23.457869],[120.93475,23.45844],[120.935106,23.458905],[120.934494,23.459892],[120.934498,23.461451],[120.936639,23.463781],[120.938908,23.463915],[120.940281,23.463122],[120.941157,23.463009],[120.942186,23.46339],[120.944426,23.463439],[120.948435,23.464167],[120.955999,23.467336],[120.957386,23.468962],[120.957496,23.469562],[120.95688,23.469622],[120.954798,23.469114],[120.952202,23.467719],[120.949123,23.467585],[120.947519,23.467123],[120.946572,23.467618],[120.945189,23.467759],[120.942262,23.469322],[120.939327,23.472133],[120.937568,23.473054],[120.93465,23.473113],[120.932381,23.471131],[120.930963,23.470664],[120.93007,23.471434],[120.928823,23.471739],[120.926496,23.47296],[120.924558,23.473318],[120.920922,23.474928],[120.918973,23.474882],[120.917483,23.475693],[120.915089,23.474632],[120.910212,23.47623],[120.908054,23.475822],[120.901952,23.476081],[120.899624,23.475367],[120.898313,23.475807],[120.896498,23.475895],[120.893882,23.475466],[120.886706,23.475564],[120.884269,23.474308],[120.884138,23.473141],[120.883198,23.472157],[120.882058,23.470013],[120.881899,23.468289],[120.880797,23.467642],[120.880026,23.467622],[120.87653,23.467816],[120.873095,23.468527],[120.868339,23.470625],[120.866689,23.472298],[120.8632,23.47355],[120.858126,23.472847],[120.856224,23.473424],[120.854202,23.473303],[120.849145,23.472092],[120.847011,23.473009],[120.844085,23.47281],[120.842092,23.473258],[120.838973,23.471218],[120.835999,23.472557],[120.834898,23.473699],[120.832643,23.474731],[120.831652,23.477662],[120.829896,23.480728],[120.827898,23.482147],[120.827076,23.483381],[120.826181,23.488514],[120.825304,23.489709],[120.825314,23.495309],[120.824635,23.496606],[120.823739,23.496984],[120.822851,23.498671],[120.823812,23.502451],[120.824068,23.505278],[120.82283,23.508623],[120.823045,23.511359],[120.820134,23.514144],[120.819556,23.515581],[120.81977,23.517496],[120.819114,23.519534],[120.820349,23.521482],[120.817969,23.523686],[120.816961,23.525761],[120.814577,23.528696],[120.813641,23.530775],[120.811609,23.533709],[120.810288,23.535185],[120.808637,23.535971],[120.80897,23.537609],[120.808325,23.539299],[120.808476,23.540855],[120.808177,23.542133],[120.808833,23.54586],[120.809809,23.54678],[120.809989,23.547876],[120.811288,23.549427],[120.811494,23.551054],[120.814481,23.55173],[120.815864,23.553109],[120.815903,23.553666],[120.814046,23.555405],[120.814148,23.556242],[120.815882,23.557368],[120.816665,23.558558],[120.817812,23.559404],[120.818103,23.560123],[120.819195,23.560634],[120.820627,23.5624],[120.819924,23.564517],[120.821527,23.568478],[120.821111,23.570146],[120.821667,23.570376],[120.821897,23.57091],[120.819626,23.574531],[120.819906,23.577679],[120.820226,23.578692],[120.821566,23.579902],[120.821316,23.581253],[120.821618,23.582142],[120.822366,23.582493],[120.823493,23.583974],[120.824692,23.584202],[120.824628,23.585317],[120.825527,23.586367],[120.823208,23.587495],[120.819885,23.590438],[120.81867,23.593714],[120.817661,23.594322],[120.81687,23.595602],[120.818612,23.598242],[120.818315,23.599059],[120.817236,23.599781],[120.813707,23.60095],[120.811259,23.600134],[120.809791,23.598688],[120.805124,23.598617],[120.803329,23.596646],[120.801091,23.596625],[120.798074,23.597444],[120.794917,23.597248],[120.790871,23.600944],[120.78745,23.60127],[120.783129,23.600737],[120.777739,23.602325],[120.776534,23.604028],[120.774218,23.60536],[120.77022,23.605962],[120.769719,23.60669],[120.769413,23.608371],[120.766899,23.609764],[120.764282,23.612237],[120.763262,23.612516],[120.758081,23.612488],[120.754255,23.614661],[120.751991,23.614733],[120.750693,23.614301],[120.749215,23.612201],[120.74748,23.611164],[120.746355,23.612478],[120.744388,23.612665],[120.741365,23.61227],[120.739399,23.610355],[120.737721,23.609677],[120.736061,23.609517],[120.730865,23.610807],[120.73,23.610591],[120.728956,23.608775],[120.726743,23.607425],[120.724552,23.60377],[120.727814,23.601376],[120.728751,23.598988],[120.73271,23.597172],[120.730615,23.594968],[120.729903,23.593638],[120.732587,23.589688],[120.732337,23.58784],[120.733993,23.584211],[120.733626,23.582419],[120.7324,23.579849],[120.732161,23.577128],[120.733467,23.576478],[120.735172,23.575026],[120.736059,23.573053],[120.736159,23.570457],[120.733146,23.571003],[120.727905,23.570326],[120.724497,23.571895],[120.721689,23.57097],[120.719465,23.569576],[120.717945,23.569042],[120.716574,23.56952],[120.716099,23.571064],[120.714735,23.570811],[120.7126,23.571346],[120.711005,23.570831],[120.710051,23.571188],[120.7095,23.572075],[120.709471,23.574671],[120.7089,23.575707],[120.707934,23.575712],[120.706496,23.575048],[120.70466,23.574975],[120.698913,23.576338],[120.695833,23.576215],[120.693697,23.576505],[120.691342,23.57611],[120.689414,23.57521],[120.686333,23.574879],[120.681987,23.571847],[120.676241,23.570711],[120.674888,23.571248],[120.673317,23.57367],[120.672461,23.576555],[120.671338,23.578003],[120.669959,23.578784],[120.668582,23.577782],[120.665686,23.577775],[120.660685,23.576293],[120.658373,23.573704],[120.658055,23.572878],[120.656705,23.572403],[120.65535,23.572199],[120.650823,23.572423],[120.649864,23.572791],[120.649212,23.574955],[120.647339,23.576652],[120.646576,23.576748],[120.645486,23.575738],[120.644146,23.575287],[120.64346,23.575713],[120.643482,23.578211],[120.644708,23.579446],[120.645963,23.579434],[120.64726,23.580387],[120.648302,23.581537],[120.649169,23.583309],[120.649264,23.585698],[120.647327,23.585806],[120.64708,23.58748],[120.648639,23.590259],[120.649121,23.592469],[120.647457,23.593215],[120.645356,23.593518],[120.643067,23.592565],[120.639808,23.592539],[120.636781,23.591929],[120.63477,23.590971],[120.631955,23.590472],[120.630831,23.589951],[120.629565,23.590359],[120.628283,23.590158],[120.62474,23.590538],[120.623202,23.58998],[120.622965,23.588014],[120.620811,23.586438],[120.620218,23.585284],[120.618999,23.584168],[120.615464,23.585319],[120.612888,23.584408],[120.612138,23.583571],[120.610197,23.582619],[120.608222,23.583155],[120.606515,23.584211],[120.605512,23.583664],[120.600315,23.58313],[120.597727,23.584602],[120.596001,23.584744],[120.594824,23.585404],[120.593328,23.584963],[120.591087,23.585013],[120.589746,23.585718],[120.588838,23.585498],[120.585919,23.582598],[120.585042,23.582977],[120.581403,23.582128],[120.580232,23.582299],[120.578497,23.583359],[120.576743,23.583514],[120.576364,23.584418],[120.574949,23.584676],[120.574119,23.585989],[120.570711,23.588041],[120.567093,23.587741],[120.566267,23.588408],[120.565865,23.589319],[120.564966,23.589511],[120.56309,23.589638],[120.561897,23.588791],[120.560841,23.588592],[120.558142,23.589058],[120.557291,23.589866],[120.557045,23.592335],[120.556332,23.592923],[120.551922,23.593947],[120.548709,23.593731],[120.545216,23.593937],[120.543202,23.594407],[120.539715,23.594282],[120.537317,23.594578],[120.533045,23.59701],[120.532024,23.598915],[120.529517,23.599859],[120.527729,23.603207],[120.525994,23.604744],[120.524354,23.605544],[120.522917,23.607156],[120.519414,23.60924],[120.517606,23.611076],[120.515038,23.615188],[120.513072,23.616871],[120.512398,23.61796],[120.51025,23.619349],[120.509457,23.621754],[120.507702,23.62299],[120.507597,23.624052],[120.506455,23.625861],[120.506495,23.62815],[120.507647,23.630235],[120.507152,23.631915],[120.505872,23.633903],[120.503829,23.635232],[120.5017,23.634795],[120.499492,23.635063],[120.496731,23.634507],[120.492979,23.633165]],[[120.448042,23.518187],[120.449237,23.517172],[120.451136,23.516848],[120.453278,23.515877],[120.456322,23.51601],[120.457111,23.515681],[120.457389,23.513638],[120.456283,23.512944],[120.456308,23.511769],[120.457777,23.508915],[120.459539,23.507707],[120.460629,23.506214],[120.462065,23.503265],[120.462173,23.501543],[120.464121,23.499225],[120.4655,23.49874],[120.467473,23.49878],[120.469721,23.499771],[120.470303,23.50077],[120.470829,23.503819],[120.472586,23.505199],[120.473502,23.506847],[120.474753,23.506817],[120.478143,23.504901],[120.480003,23.504337],[120.481308,23.504384],[120.483155,23.505362],[120.484705,23.501738],[120.484409,23.500202],[120.484649,23.498964],[120.483681,23.498239],[120.483767,23.496084],[120.486108,23.493338],[120.487128,23.492853],[120.487391,23.492147],[120.488463,23.49208],[120.489424,23.491365],[120.493615,23.491126],[120.49411,23.490305],[120.494619,23.490121],[120.496294,23.49013],[120.498944,23.490988],[120.499273,23.490619],[120.500164,23.490675],[120.500692,23.489999],[120.501256,23.489906],[120.500966,23.488595],[120.501846,23.487217],[120.501908,23.486327],[120.502577,23.48548],[120.503378,23.485432],[120.503731,23.485001],[120.503062,23.483251],[120.502473,23.482902],[120.502535,23.481929],[120.50177,23.481708],[120.501821,23.480928],[120.504078,23.480977],[120.504321,23.480344],[120.503692,23.478882],[120.505083,23.478775],[120.507007,23.477131],[120.507312,23.476423],[120.509012,23.475159],[120.509376,23.474254],[120.509345,23.472672],[120.508616,23.471371],[120.507182,23.471758],[120.506561,23.47009],[120.50486,23.469509],[120.503752,23.467175],[120.501766,23.466915],[120.500907,23.465776],[120.499715,23.465387],[120.500642,23.462252],[120.500662,23.460972],[120.498663,23.458532],[120.497533,23.457868],[120.496906,23.456251],[120.497028,23.45524],[120.496052,23.454546],[120.49518,23.452863],[120.490691,23.45213],[120.489616,23.452246],[120.484444,23.456406],[120.481945,23.457823],[120.480601,23.46001],[120.476805,23.461983],[120.474884,23.462127],[120.468735,23.46162],[120.464551,23.458295],[120.464524,23.455612],[120.463321,23.455304],[120.461016,23.455319],[120.460303,23.454534],[120.458992,23.454199],[120.457317,23.452845],[120.457613,23.452442],[120.456855,23.452135],[120.455493,23.450379],[120.454713,23.450318],[120.45461,23.44832],[120.452463,23.4445],[120.450242,23.443451],[120.448612,23.443635],[120.447128,23.443402],[120.441669,23.440165],[120.439575,23.439555],[120.438837,23.440415],[120.438718,23.441201],[120.437282,23.442258],[120.43665,23.443426],[120.43586,23.443584],[120.435961,23.444194],[120.438236,23.444806],[120.438562,23.445709],[120.438039,23.446531],[120.436952,23.446486],[120.436022,23.448154],[120.435154,23.448907],[120.434464,23.450688],[120.43285,23.450107],[120.430201,23.452176],[120.429298,23.461041],[120.426045,23.460746],[120.424096,23.461363],[120.415161,23.460274],[120.413183,23.462066],[120.412798,23.463957],[120.411279,23.464784],[120.409114,23.464257],[120.408135,23.464368],[120.407385,23.463841],[120.405096,23.463411],[120.401869,23.463414],[120.397174,23.462587],[120.394173,23.462519],[120.39428,23.466463],[120.395278,23.467451],[120.396646,23.467742],[120.397897,23.470257],[120.399278,23.471068],[120.398504,23.474006],[120.398807,23.475672],[120.398485,23.475956],[120.398872,23.476656],[120.398525,23.476799],[120.399069,23.478418],[120.398575,23.478638],[120.39806,23.479533],[120.396888,23.479532],[120.39691,23.48044],[120.394419,23.480765],[120.394142,23.482179],[120.393438,23.482377],[120.393475,23.485306],[120.394075,23.486842],[120.393936,23.488949],[120.394722,23.490747],[120.389785,23.49135],[120.389184,23.493588],[120.389196,23.497148],[120.389916,23.497556],[120.389957,23.497942],[120.389345,23.49865],[120.391517,23.500267],[120.394472,23.50081],[120.399269,23.498765],[120.400205,23.498755],[120.400258,23.50013],[120.40101,23.501871],[120.403829,23.503736],[120.405932,23.503864],[120.408806,23.506572],[120.407851,23.502604],[120.408391,23.498529],[120.409605,23.498444],[120.411989,23.499015],[120.412594,23.499757],[120.413297,23.502255],[120.415426,23.503835],[120.416754,23.505357],[120.424767,23.506301],[120.426117,23.508609],[120.427482,23.509177],[120.43223,23.508706],[120.433357,23.509029],[120.433864,23.510919],[120.432526,23.513699],[120.433535,23.514342],[120.433845,23.515168],[120.434023,23.516151],[120.433424,23.516572],[120.433616,23.517168],[120.435043,23.517267],[120.435841,23.516767],[120.437363,23.515146],[120.437183,23.513966],[120.439057,23.512238],[120.440612,23.511933],[120.441358,23.512292],[120.442148,23.513321],[120.440621,23.518294],[120.442502,23.518075],[120.444391,23.517278],[120.445296,23.518213],[120.448042,23.518187]]]]}},{"type":"Feature","id":"10013","properties":{"CountyID":"T","CountyCode":"10013","NameZh":"屏東縣","NameEn":"Pingtung County"},"geometry":{"type":"MultiPolygon","coordinates":[[[[120.826485,21.756146],[120.826759,21.756677],[120.826371,21.756924],[120.826083,21.756295],[120.826485,21.756146]]],[[[120.826395,21.757102],[120.826353,21.757228],[120.826076,21.757004],[120.826395,21.757102]]],[[[120.826362,21.757481],[120.82651,21.757732],[120.826094,21.757806],[120.825991,21.757663],[120.826362,21.757481]]],[[[120.826481,21.758337],[120.82608,21.758189],[120.826176,21.75811],[120.826481,21.758337]]],[[[120.826867,21.758794],[120.826868,21.758915],[120.826621,21.758756],[120.826867,21.758794]]],[[[120.826494,21.758676],[120.826575,21.759022],[120.826337,21.759082],[120.826182,21.758838],[120.826494,21.758676]]],[[[120.826444,21.759455],[120.826722,21.75972],[120.826586,21.75995],[120.826176,21.759771],[120.826444,21.759455]]],[[[120.826257,21.760319],[120.826529,21.760131],[120.826673,21.760438],[120.826257,21.760319]]],[[[120.379642,22.355982],[120.376963,22.355718],[120.372062,22.353194],[120.367423,22.352114],[120.365635,22.350932],[120.363711,22.348193],[120.361114,22.346517],[120.36093,22.34595],[120.361409,22.345635],[120.361105,22.345352],[120.361751,22.344527],[120.362922,22.34408],[120.362594,22.342826],[120.363361,22.340501],[120.36324,22.340023],[120.361281,22.338002],[120.360344,22.334706],[120.358244,22.332765],[120.35487,22.330858],[120.353617,22.329414],[120.353186,22.324996],[120.354653,22.323256],[120.357375,22.32222],[120.358938,22.322202],[120.361505,22.322716],[120.363124,22.323579],[120.367368,22.326306],[120.371497,22.331126],[120.375514,22.333584],[120.376752,22.335728],[120.387031,22.341759],[120.388012,22.342733],[120.388887,22.347405],[120.388974,22.349445],[120.388486,22.350676],[120.384245,22.35237],[120.382363,22.353706],[120.381718,22.354936],[120.379642,22.355982]]],[[[120.648436,22.87713],[120.647933,22.877876],[120.647566,22.880667],[120.646637,22.883531],[120.645028,22.885176],[120.640437,22.883095],[120.637478,22.882529],[120.63437,22.880747],[120.631522,22.880209],[120.627291,22.878873],[120.621174,22.875692],[120.620409,22.875592],[120.617931,22.876519],[120.615625,22.876829],[120.612932,22.876074],[120.60582,22.87321],[120.602335,22.870691],[120.598659,22.867404],[120.594815,22.863298],[120.574243,22.847717],[120.569588,22.843156],[120.566691,22.838358],[120.563569,22.835272],[120.561525,22.833824],[120.558021,22.832402],[120.554195,22.828825],[120.553259,22.828403],[120.548026,22.828433],[120.544063,22.829794],[120.54219,22.829354],[120.541414,22.829579],[120.541056,22.829285],[120.540712,22.829599],[120.536433,22.829266],[120.534724,22.829862],[120.534003,22.830566],[120.531005,22.830827],[120.529773,22.8317],[120.530572,22.832983],[120.527511,22.832176],[120.524652,22.831951],[120.522934,22.832941],[120.5201,22.832356],[120.51994,22.831436],[120.515382,22.831518],[120.513555,22.830835],[120.512989,22.830075],[120.509988,22.828511],[120.508941,22.829581],[120.505062,22.831517],[120.503414,22.831731],[120.499968,22.831248],[120.497692,22.831712],[120.496302,22.832654],[120.494076,22.836667],[120.492738,22.83729],[120.491461,22.83696],[120.492768,22.835693],[120.4908,22.835269],[120.48817,22.835802],[120.484211,22.835548],[120.482127,22.83605],[120.481454,22.837592],[120.480354,22.837732],[120.479625,22.836976],[120.47881,22.836765],[120.477705,22.837866],[120.476237,22.838185],[120.473966,22.836714],[120.471263,22.83287],[120.468755,22.830673],[120.46919,22.825017],[120.46753,22.822351],[120.467355,22.815479],[120.465499,22.81275],[120.464034,22.800288],[120.45743,22.785385],[120.455964,22.780044],[120.455645,22.774416],[120.454388,22.772026],[120.453807,22.769578],[120.453802,22.767537],[120.454417,22.764175],[120.453714,22.760858],[120.454022,22.757897],[120.453711,22.755955],[120.454184,22.753559],[120.454864,22.740063],[120.456002,22.730573],[120.456063,22.722516],[120.455396,22.71666],[120.453001,22.706575],[120.45279,22.704169],[120.45127,22.700072],[120.45096,22.697361],[120.448829,22.691184],[120.447166,22.687889],[120.444752,22.686431],[120.442627,22.684557],[120.439656,22.678538],[120.440167,22.674594],[120.44,22.673039],[120.437877,22.667061],[120.436628,22.665016],[120.436057,22.661337],[120.435885,22.655975],[120.436195,22.648149],[120.435317,22.639726],[120.435376,22.633771],[120.435908,22.631364],[120.433581,22.62396],[120.433683,22.617595],[120.434614,22.613412],[120.437547,22.607274],[120.439014,22.605797],[120.44063,22.605009],[120.442735,22.603348],[120.445463,22.599587],[120.446627,22.594483],[120.447061,22.586969],[120.444416,22.570141],[120.44345,22.567155],[120.442058,22.560232],[120.438341,22.553523],[120.436574,22.547557],[120.432693,22.545654],[120.431379,22.544793],[120.430875,22.544007],[120.42917,22.538587],[120.425134,22.528474],[120.424355,22.523272],[120.422856,22.518451],[120.422961,22.511879],[120.423657,22.506522],[120.42573,22.498172],[120.423937,22.47995],[120.424434,22.468713],[120.433103,22.468359],[120.435059,22.464482],[120.434705,22.463776],[120.436008,22.459475],[120.43851,22.459362],[120.439735,22.456804],[120.444627,22.45215],[120.447076,22.449339],[120.458544,22.439358],[120.47593,22.429598],[120.476401,22.428932],[120.495573,22.419818],[120.505447,22.414354],[120.508536,22.412148],[120.515821,22.411104],[120.51755,22.411488],[120.518114,22.411006],[120.517523,22.408982],[120.524232,22.405264],[120.549593,22.392442],[120.568471,22.380973],[120.570752,22.379399],[120.571233,22.378046],[120.574175,22.375997],[120.576422,22.375177],[120.579239,22.373218],[120.58006,22.372292],[120.585574,22.369387],[120.589361,22.366366],[120.591306,22.364298],[120.590159,22.363316],[120.591188,22.36247],[120.592249,22.3621],[120.594308,22.35982],[120.594681,22.359942],[120.598936,22.355746],[120.599773,22.353233],[120.601953,22.34961],[120.605123,22.34265],[120.605162,22.341146],[120.605645,22.34021],[120.606566,22.339362],[120.607269,22.339359],[120.610433,22.336056],[120.620288,22.328513],[120.630504,22.319225],[120.636175,22.31278],[120.637547,22.309008],[120.6404,22.305779],[120.642065,22.303049],[120.64274,22.30162],[120.643118,22.294196],[120.642707,22.29107],[120.643886,22.29],[120.644121,22.287561],[120.648002,22.280068],[120.648941,22.275478],[120.650669,22.271667],[120.650866,22.27079],[120.650451,22.270489],[120.65098,22.270516],[120.651759,22.269064],[120.651501,22.268761],[120.651889,22.268745],[120.652096,22.268239],[120.652087,22.265669],[120.65056,22.262329],[120.649285,22.255745],[120.650161,22.252374],[120.65095,22.251258],[120.652814,22.251003],[120.65791,22.247096],[120.65792,22.242862],[120.661056,22.241333],[120.664031,22.239282],[120.665553,22.239533],[120.666004,22.239328],[120.667706,22.236481],[120.67037,22.23519],[120.670478,22.234434],[120.671879,22.23342],[120.672906,22.230325],[120.673795,22.229393],[120.672316,22.227534],[120.672285,22.226209],[120.672764,22.224824],[120.67315,22.224752],[120.673995,22.223201],[120.675552,22.223204],[120.676751,22.222738],[120.676861,22.221608],[120.678328,22.218653],[120.680396,22.216824],[120.680368,22.215243],[120.682171,22.214388],[120.684777,22.210459],[120.685686,22.206327],[120.68578,22.203213],[120.684241,22.200385],[120.68384,22.198388],[120.68402,22.196973],[120.685539,22.192513],[120.688981,22.188014],[120.68967,22.186584],[120.689983,22.183607],[120.691047,22.181409],[120.691574,22.17763],[120.691036,22.176548],[120.691087,22.175095],[120.693214,22.173549],[120.693815,22.172479],[120.694153,22.169327],[120.693653,22.168641],[120.693703,22.167931],[120.693954,22.16742],[120.695467,22.166455],[120.69602,22.159674],[120.694732,22.158523],[120.694594,22.157394],[120.695721,22.155569],[120.696084,22.154196],[120.698161,22.152359],[120.699475,22.150068],[120.699938,22.148323],[120.699745,22.146897],[120.698,22.143775],[120.698049,22.142094],[120.697577,22.140471],[120.698028,22.138168],[120.698491,22.136818],[120.702057,22.133283],[120.701895,22.132084],[120.702321,22.129839],[120.704423,22.127303],[120.706588,22.126001],[120.70905,22.122755],[120.709507,22.121481],[120.709466,22.119465],[120.710579,22.117258],[120.710548,22.116681],[120.709829,22.11686],[120.709646,22.116032],[120.710849,22.114721],[120.711513,22.114336],[120.711785,22.114615],[120.713101,22.111467],[120.712472,22.109399],[120.712498,22.10834],[120.715163,22.106502],[120.715864,22.104827],[120.715434,22.102195],[120.715793,22.102225],[120.715936,22.101834],[120.715636,22.100636],[120.716141,22.100433],[120.715612,22.098871],[120.715629,22.096879],[120.716847,22.093252],[120.715383,22.091631],[120.714319,22.091964],[120.715329,22.091556],[120.714516,22.090779],[120.71272,22.090835],[120.707671,22.087931],[120.705066,22.08691],[120.702367,22.086656],[120.701312,22.086144],[120.699795,22.084126],[120.699298,22.082779],[120.700643,22.080114],[120.703334,22.078333],[120.705183,22.071725],[120.705731,22.070742],[120.704828,22.067852],[120.705964,22.060902],[120.705935,22.059944],[120.705214,22.058418],[120.705273,22.057508],[120.704476,22.056044],[120.702894,22.055607],[120.702205,22.055801],[120.702225,22.055515],[120.699252,22.05607],[120.697573,22.05499],[120.695232,22.050568],[120.694415,22.048262],[120.694726,22.046975],[120.695433,22.045925],[120.695503,22.044519],[120.694682,22.043335],[120.694881,22.042879],[120.696436,22.04307],[120.697022,22.042274],[120.696888,22.040942],[120.696158,22.040612],[120.695395,22.041879],[120.694541,22.041192],[120.693847,22.041529],[120.693476,22.039826],[120.69177,22.037787],[120.689985,22.036543],[120.687145,22.032767],[120.686265,22.030459],[120.685115,22.025408],[120.684778,22.02562],[120.685854,22.022392],[120.688934,22.015642],[120.690915,22.012948],[120.693186,22.00759],[120.693829,22.002589],[120.694826,22.001253],[120.700695,21.995996],[120.704688,21.994694],[120.705585,21.993545],[120.706023,21.990414],[120.706938,21.987502],[120.707949,21.986528],[120.710064,21.985643],[120.713551,21.980605],[120.714145,21.978757],[120.715147,21.97289],[120.715026,21.971138],[120.711522,21.963923],[120.711749,21.961515],[120.71143,21.951657],[120.709931,21.941476],[120.710576,21.934113],[120.711275,21.933455],[120.712654,21.933309],[120.716326,21.934866],[120.719065,21.933139],[120.719282,21.932675],[120.718894,21.92843],[120.718607,21.928613],[120.719034,21.927261],[120.72335,21.921467],[120.726807,21.918771],[120.728719,21.918308],[120.732505,21.919103],[120.734006,21.918532],[120.734222,21.918821],[120.737612,21.919384],[120.738544,21.919274],[120.738755,21.919744],[120.739618,21.919427],[120.739959,21.926638],[120.741808,21.927356],[120.743383,21.928924],[120.744252,21.930692],[120.744049,21.932207],[120.745284,21.932428],[120.745714,21.931162],[120.74709,21.931813],[120.746123,21.932747],[120.746847,21.934267],[120.745436,21.938343],[120.745167,21.942732],[120.74602,21.943376],[120.747167,21.941888],[120.748471,21.941812],[120.749024,21.944999],[120.74828,21.946988],[120.748442,21.949464],[120.751131,21.950855],[120.752672,21.950754],[120.754339,21.953516],[120.754905,21.953817],[120.754755,21.954075],[120.753299,21.953672],[120.753156,21.955227],[120.755092,21.956433],[120.755427,21.955673],[120.755828,21.955683],[120.75597,21.956687],[120.757553,21.957392],[120.757988,21.956362],[120.759845,21.956798],[120.760624,21.957227],[120.761624,21.958935],[120.764564,21.959143],[120.766448,21.958674],[120.765969,21.958209],[120.771068,21.951528],[120.774207,21.949891],[120.777602,21.94928],[120.778979,21.947193],[120.783018,21.943544],[120.783983,21.943598],[120.784725,21.944027],[120.785789,21.943672],[120.794311,21.943156],[120.796626,21.942176],[120.798008,21.940494],[120.798361,21.937928],[120.799154,21.937414],[120.801789,21.937233],[120.802674,21.938031],[120.802934,21.939838],[120.804224,21.93962],[120.806108,21.938345],[120.806613,21.936979],[120.808219,21.935595],[120.810317,21.934267],[120.812627,21.933543],[120.816748,21.933912],[120.819561,21.934997],[120.822223,21.934364],[120.823273,21.932844],[120.82373,21.931047],[120.824176,21.930982],[120.828787,21.926934],[120.830223,21.925319],[120.831288,21.924693],[120.831841,21.924805],[120.831918,21.924096],[120.83323,21.922454],[120.834484,21.918699],[120.836255,21.916522],[120.840492,21.915082],[120.8434,21.914613],[120.84513,21.91476],[120.845632,21.914417],[120.846134,21.913686],[120.845962,21.906033],[120.846422,21.905166],[120.846613,21.90291],[120.847904,21.899936],[120.850212,21.89732],[120.851136,21.896357],[120.853251,21.895624],[120.858604,21.895601],[120.863929,21.897704],[120.865651,21.898737],[120.866887,21.900555],[120.867135,21.902728],[120.865411,21.904207],[120.864072,21.904727],[120.863336,21.905595],[120.862022,21.908955],[120.861925,21.90968],[120.86292,21.913765],[120.862585,21.917565],[120.862015,21.918899],[120.861126,21.919289],[120.859554,21.921095],[120.85847,21.92263],[120.857777,21.924666],[120.85425,21.929449],[120.848916,21.933807],[120.848737,21.936027],[120.84757,21.938614],[120.846347,21.939776],[120.846398,21.940192],[120.845488,21.941299],[120.844834,21.943708],[120.842759,21.947717],[120.842335,21.951324],[120.842949,21.954242],[120.841405,21.95648],[120.841383,21.95738],[120.841632,21.959878],[120.844502,21.968265],[120.844849,21.970319],[120.844518,21.973801],[120.845484,21.97636],[120.845229,21.978028],[120.844222,21.978802],[120.844317,21.980865],[120.846071,21.98621],[120.84669,21.987154],[120.848512,21.988174],[120.850193,21.988423],[120.851587,21.989048],[120.855799,21.98896],[120.856628,21.989458],[120.858811,21.989881],[120.859566,21.990473],[120.861586,21.990815],[120.867282,21.99496],[120.875786,21.998847],[120.878235,22.002853],[120.879288,22.005733],[120.878231,22.010712],[120.87881,22.011282],[120.883733,22.013246],[120.887081,22.016454],[120.887352,22.017594],[120.887147,22.020377],[120.888411,22.022578],[120.889227,22.025762],[120.895225,22.030068],[120.90015,22.032603],[120.901056,22.033242],[120.901254,22.034138],[120.899696,22.036424],[120.90018,22.036788],[120.899314,22.036922],[120.89859,22.038193],[120.898476,22.038691],[120.899379,22.038797],[120.899691,22.039214],[120.899347,22.039447],[120.89911,22.038948],[120.898248,22.039145],[120.895296,22.04651],[120.893925,22.048356],[120.893604,22.052315],[120.894183,22.055977],[120.893869,22.061488],[120.892965,22.067979],[120.893558,22.079744],[120.894039,22.080875],[120.893737,22.083362],[120.894079,22.088608],[120.899143,22.094428],[120.898476,22.094614],[120.898223,22.098097],[120.898804,22.100989],[120.90005,22.103457],[120.900501,22.103411],[120.900424,22.103979],[120.901847,22.104282],[120.902036,22.105305],[120.901897,22.105598],[120.901301,22.105532],[120.900841,22.104971],[120.900666,22.105901],[120.896448,22.107609],[120.893458,22.109575],[120.892464,22.109743],[120.892634,22.110244],[120.891711,22.111518],[120.891474,22.112742],[120.89171,22.113216],[120.89125,22.113911],[120.890661,22.113509],[120.890523,22.114116],[120.890863,22.114358],[120.890405,22.114642],[120.890707,22.114894],[120.889152,22.118003],[120.889111,22.118876],[120.888619,22.119053],[120.888301,22.119811],[120.88813,22.12076],[120.888452,22.122064],[120.887499,22.122679],[120.886624,22.128047],[120.886626,22.12859],[120.887182,22.128745],[120.886736,22.129547],[120.886983,22.12968],[120.886669,22.129734],[120.887856,22.133296],[120.889243,22.133618],[120.891058,22.134637],[120.891486,22.13551],[120.895786,22.139782],[120.896564,22.14077],[120.896761,22.143169],[120.897076,22.143435],[120.897037,22.144046],[120.896838,22.144269],[120.896708,22.144024],[120.896666,22.144531],[120.895074,22.146225],[120.892555,22.15032],[120.893975,22.155778],[120.893418,22.160414],[120.89209,22.162444],[120.893801,22.168463],[120.893574,22.169961],[120.89408,22.170787],[120.894231,22.172555],[120.893567,22.175419],[120.893552,22.176906],[120.893954,22.17771],[120.892972,22.179169],[120.892279,22.181482],[120.891944,22.184083],[120.892366,22.185417],[120.891645,22.187237],[120.891577,22.189162],[120.891115,22.190341],[120.890697,22.195329],[120.891854,22.196985],[120.893641,22.197955],[120.893556,22.198448],[120.895013,22.200328],[120.895646,22.202379],[120.896411,22.203485],[120.896442,22.20424],[120.896079,22.20462],[120.896564,22.204971],[120.896613,22.20561],[120.896189,22.205578],[120.895964,22.205926],[120.895753,22.208867],[120.894201,22.216456],[120.894423,22.217051],[120.894168,22.220601],[120.894319,22.221401],[120.894747,22.221747],[120.894702,22.2237],[120.89591,22.227219],[120.896488,22.227801],[120.896487,22.228478],[120.898924,22.229836],[120.899132,22.230367],[120.898478,22.2317],[120.898876,22.233675],[120.899271,22.234043],[120.897028,22.2416],[120.896295,22.24643],[120.892053,22.245452],[120.89138,22.2443],[120.888235,22.243039],[120.887438,22.24233],[120.885919,22.241985],[120.884184,22.240712],[120.88294,22.238953],[120.882506,22.237409],[120.880508,22.234646],[120.879093,22.235217],[120.876528,22.234846],[120.875957,22.234203],[120.874731,22.234246],[120.873958,22.233587],[120.871531,22.233005],[120.871636,22.232036],[120.870844,22.231391],[120.868666,22.231282],[120.867453,22.230011],[120.866677,22.229809],[120.864783,22.230409],[120.86386,22.231139],[120.862194,22.230676],[120.862327,22.231349],[120.864189,22.233587],[120.864298,22.234285],[120.862534,22.236736],[120.859003,22.238635],[120.858659,22.239311],[120.858832,22.24071],[120.855462,22.241495],[120.854269,22.242435],[120.853202,22.2425],[120.850836,22.243657],[120.846417,22.243529],[120.844651,22.242863],[120.844194,22.243197],[120.842605,22.243357],[120.841396,22.24456],[120.840185,22.244286],[120.83961,22.243633],[120.838081,22.24403],[120.836057,22.245459],[120.834616,22.245371],[120.832542,22.247254],[120.831505,22.25006],[120.825908,22.256646],[120.82225,22.258055],[120.818652,22.261205],[120.817687,22.261433],[120.815399,22.26322],[120.815071,22.26256],[120.813908,22.261872],[120.812754,22.262172],[120.809385,22.260695],[120.808019,22.259361],[120.806129,22.259781],[120.800635,22.257477],[120.799061,22.257161],[120.797895,22.257937],[120.798832,22.259867],[120.798947,22.262264],[120.798624,22.263836],[120.799576,22.265098],[120.796542,22.267138],[120.796204,22.267788],[120.796287,22.269924],[120.797976,22.273847],[120.798064,22.276377],[120.800586,22.277352],[120.803053,22.276993],[120.804255,22.277354],[120.804868,22.276785],[120.806774,22.277158],[120.807212,22.280189],[120.806449,22.280364],[120.805864,22.281183],[120.806063,22.282367],[120.805695,22.283795],[120.805295,22.284173],[120.800686,22.284247],[120.800209,22.284899],[120.799195,22.285396],[120.796017,22.28515],[120.793211,22.28579],[120.792581,22.287],[120.790979,22.288411],[120.791128,22.290647],[120.78977,22.293423],[120.786906,22.294341],[120.781552,22.294596],[120.780526,22.295183],[120.779735,22.296405],[120.778617,22.296923],[120.777743,22.297972],[120.776834,22.302584],[120.777793,22.305372],[120.778151,22.308497],[120.783199,22.309461],[120.787131,22.309207],[120.78995,22.311067],[120.792687,22.312151],[120.794219,22.31468],[120.796586,22.317171],[120.796549,22.319414],[120.795324,22.321017],[120.7951,22.322571],[120.794828,22.323018],[120.793405,22.323645],[120.793462,22.325057],[120.792873,22.326282],[120.792506,22.328396],[120.792388,22.331098],[120.792816,22.333753],[120.792473,22.335623],[120.789698,22.337643],[120.788468,22.341574],[120.787631,22.342118],[120.786389,22.342239],[120.784723,22.345778],[120.78106,22.346373],[120.779106,22.347914],[120.775796,22.348744],[120.775178,22.349353],[120.774053,22.348531],[120.771671,22.348631],[120.769514,22.347479],[120.767263,22.34761],[120.765256,22.349504],[120.76338,22.352784],[120.76282,22.356692],[120.763153,22.357929],[120.762981,22.359145],[120.761004,22.360419],[120.759824,22.360278],[120.758102,22.359415],[120.755544,22.360397],[120.752672,22.360395],[120.751749,22.361451],[120.74738,22.364137],[120.743458,22.367261],[120.744491,22.369815],[120.747515,22.371404],[120.748783,22.373247],[120.749127,22.375686],[120.748621,22.380383],[120.750499,22.384088],[120.752351,22.385816],[120.754557,22.386632],[120.756483,22.388383],[120.752786,22.391646],[120.752141,22.392666],[120.752281,22.393908],[120.753797,22.396434],[120.757603,22.398176],[120.756098,22.400969],[120.755357,22.403276],[120.753418,22.405058],[120.7568,22.404705],[120.758116,22.404903],[120.760329,22.406228],[120.763212,22.407156],[120.765307,22.409046],[120.768327,22.408625],[120.770578,22.406895],[120.77339,22.406934],[120.775555,22.409654],[120.776311,22.40956],[120.77702,22.40889],[120.780357,22.409452],[120.782903,22.411209],[120.783436,22.412603],[120.784867,22.413071],[120.78641,22.414678],[120.78693,22.416139],[120.788632,22.417348],[120.789638,22.417648],[120.788224,22.419443],[120.787965,22.421141],[120.787111,22.423048],[120.786867,22.42518],[120.784768,22.428118],[120.784733,22.429141],[120.783905,22.430229],[120.782442,22.433901],[120.78002,22.437428],[120.776477,22.440443],[120.775132,22.443297],[120.775032,22.444286],[120.776448,22.448942],[120.776332,22.449954],[120.771924,22.451836],[120.765096,22.453058],[120.760177,22.456473],[120.758176,22.458517],[120.75654,22.457418],[120.754608,22.457247],[120.751608,22.45841],[120.751048,22.459021],[120.751066,22.459927],[120.751784,22.461623],[120.75163,22.464215],[120.752856,22.466181],[120.753008,22.467812],[120.754169,22.469402],[120.754568,22.471404],[120.752257,22.477606],[120.750808,22.479154],[120.751522,22.479725],[120.754868,22.481072],[120.757458,22.48183],[120.75835,22.485399],[120.758552,22.488405],[120.760449,22.488529],[120.761871,22.489286],[120.763676,22.490915],[120.764342,22.495386],[120.7627,22.501098],[120.758871,22.505874],[120.75847,22.507348],[120.757068,22.508881],[120.753626,22.511036],[120.753029,22.518391],[120.751492,22.521048],[120.751315,22.521969],[120.751664,22.525316],[120.749909,22.529358],[120.750016,22.534019],[120.748327,22.536707],[120.747944,22.538544],[120.745662,22.54073],[120.743958,22.543104],[120.741081,22.548299],[120.7407,22.54966],[120.739479,22.551453],[120.739045,22.55366],[120.739963,22.558386],[120.739691,22.562982],[120.741157,22.566533],[120.741528,22.56867],[120.742349,22.569285],[120.744189,22.569603],[120.747944,22.571076],[120.748783,22.572295],[120.749176,22.575605],[120.749084,22.578633],[120.746667,22.584009],[120.745758,22.588319],[120.745803,22.589547],[120.74901,22.593945],[120.75226,22.5971],[120.754644,22.600785],[120.754811,22.60156],[120.754068,22.604426],[120.754056,22.608552],[120.752874,22.611802],[120.75487,22.616984],[120.758035,22.623089],[120.761235,22.626207],[120.761312,22.630039],[120.763118,22.631142],[120.76424,22.633708],[120.767651,22.636185],[120.76892,22.638847],[120.771982,22.642181],[120.773829,22.646229],[120.777128,22.65047],[120.779775,22.652533],[120.781328,22.654543],[120.783713,22.658945],[120.785696,22.661175],[120.786215,22.662542],[120.786224,22.672041],[120.787538,22.673631],[120.788852,22.676236],[120.790658,22.67776],[120.791571,22.67944],[120.791316,22.680431],[120.789258,22.683829],[120.789481,22.68649],[120.787677,22.689755],[120.78679,22.692911],[120.787745,22.693339],[120.789123,22.693288],[120.791907,22.691629],[120.795543,22.69062],[120.796794,22.689361],[120.797673,22.689101],[120.80802,22.689186],[120.8091,22.688257],[120.810824,22.69158],[120.811445,22.692038],[120.816332,22.691843],[120.818867,22.690879],[120.819113,22.691028],[120.819356,22.692701],[120.818863,22.69436],[120.819877,22.695595],[120.822193,22.695918],[120.824254,22.695552],[120.82545,22.695705],[120.826058,22.695919],[120.82702,22.69704],[120.828691,22.697659],[120.829939,22.697676],[120.831168,22.696836],[120.834985,22.696564],[120.83723,22.697344],[120.838289,22.698943],[120.837903,22.701432],[120.839673,22.703952],[120.840235,22.706666],[120.842173,22.706862],[120.843363,22.707648],[120.842505,22.708842],[120.842481,22.709837],[120.843104,22.71045],[120.844522,22.710858],[120.845477,22.712823],[120.847932,22.715561],[120.84851,22.716947],[120.853125,22.71695],[120.854877,22.717546],[120.857621,22.714063],[120.858391,22.713621],[120.860492,22.715967],[120.861674,22.716698],[120.867186,22.716889],[120.868258,22.716702],[120.869415,22.715904],[120.872401,22.716992],[120.87548,22.717178],[120.879422,22.716068],[120.882798,22.716717],[120.883743,22.717276],[120.887279,22.722367],[120.888649,22.727289],[120.889441,22.728118],[120.890959,22.728651],[120.891435,22.729379],[120.892395,22.732904],[120.892165,22.734171],[120.892431,22.735569],[120.894718,22.737587],[120.89503,22.738599],[120.89564,22.741818],[120.894439,22.742825],[120.894137,22.743707],[120.895353,22.748197],[120.894099,22.75161],[120.895628,22.756162],[120.894448,22.759136],[120.894973,22.760215],[120.894812,22.762581],[120.893409,22.763652],[120.891961,22.763697],[120.89356,22.766784],[120.900208,22.769215],[120.901147,22.772065],[120.902958,22.7735],[120.903817,22.775577],[120.903205,22.778507],[120.903238,22.780456],[120.904066,22.782485],[120.904133,22.783582],[120.902635,22.78664],[120.901692,22.787544],[120.902448,22.791367],[120.903245,22.793031],[120.90297,22.796532],[120.903654,22.79819],[120.903442,22.799281],[120.901673,22.803265],[120.900893,22.804274],[120.899323,22.80471],[120.896545,22.807969],[120.893987,22.80876],[120.891194,22.811624],[120.889046,22.811762],[120.887855,22.812625],[120.885402,22.813349],[120.883985,22.813429],[120.883065,22.814077],[120.881132,22.814513],[120.878004,22.813774],[120.877159,22.813072],[120.874734,22.815255],[120.87409,22.815409],[120.872549,22.81478],[120.87171,22.814792],[120.868629,22.816851],[120.866823,22.819655],[120.865843,22.823221],[120.8649,22.825073],[120.861968,22.826096],[120.861628,22.826661],[120.862951,22.829664],[120.864552,22.832169],[120.865399,22.835613],[120.864315,22.837774],[120.863992,22.839433],[120.864618,22.843018],[120.863161,22.84476],[120.862315,22.847127],[120.860445,22.848196],[120.859427,22.849237],[120.859927,22.851462],[120.857289,22.852681],[120.856196,22.855129],[120.854505,22.85611],[120.853185,22.857622],[120.848965,22.853293],[120.848355,22.851947],[120.847173,22.851967],[120.843845,22.853434],[120.842978,22.854211],[120.84122,22.856991],[120.841613,22.858907],[120.840273,22.861242],[120.837499,22.864073],[120.834867,22.864837],[120.833038,22.866274],[120.82904,22.865737],[120.824975,22.86646],[120.822957,22.865722],[120.819088,22.862346],[120.815887,22.862112],[120.815164,22.861658],[120.813845,22.859586],[120.813657,22.85747],[120.811857,22.857063],[120.807073,22.854867],[120.805078,22.853358],[120.80264,22.852371],[120.801078,22.851029],[120.799846,22.851009],[120.797958,22.851715],[120.795681,22.851753],[120.794124,22.852197],[120.793347,22.852032],[120.7917,22.848373],[120.792095,22.845234],[120.79299,22.8423],[120.792691,22.841119],[120.790204,22.840145],[120.785839,22.839903],[120.782065,22.83646],[120.779966,22.835367],[120.778711,22.835204],[120.776728,22.836068],[120.774409,22.837652],[120.77289,22.841096],[120.771534,22.84187],[120.769914,22.844554],[120.768511,22.845202],[120.766089,22.848596],[120.764158,22.848993],[120.763631,22.852234],[120.762155,22.856814],[120.758768,22.860927],[120.756556,22.862224],[120.755037,22.864679],[120.753652,22.86524],[120.75191,22.864731],[120.74926,22.865683],[120.746584,22.867785],[120.746196,22.869435],[120.744182,22.871184],[120.742419,22.873736],[120.737469,22.874298],[120.731772,22.875887],[120.727807,22.878399],[120.725019,22.880834],[120.722092,22.881305],[120.720507,22.881999],[120.716506,22.880868],[120.709963,22.881084],[120.708252,22.881646],[120.704539,22.880668],[120.702537,22.879241],[120.701364,22.876483],[120.6993,22.874785],[120.697373,22.872553],[120.691976,22.868453],[120.691947,22.867657],[120.690539,22.864873],[120.686219,22.864663],[120.684036,22.863513],[120.678969,22.862868],[120.678101,22.859492],[120.676722,22.857254],[120.672112,22.856352],[120.669882,22.856866],[120.66857,22.858714],[120.664294,22.858806],[120.660905,22.85967],[120.66005,22.860659],[120.65948,22.861918],[120.659336,22.864169],[120.658645,22.86607],[120.659664,22.87012],[120.658419,22.874336],[120.65805,22.879708],[120.656765,22.881111],[120.655868,22.881616],[120.654873,22.881473],[120.652502,22.879689],[120.65102,22.877213],[120.648436,22.87713]]]]}},{"type":"Feature","id":"10014","properties":{"CountyID":"V","CountyCode":"10014","NameZh":"臺東縣","NameEn":"Taitung County"},"geometry":{"type":"MultiPolygon","coordinates":[[[[121.611792,21.9429],[121.613594,21.944031],[121.615959,21.944544],[121.616397,21.945045],[121.615959,21.945675],[121.616372,21.946829],[121.615984,21.947854],[121.616147,21.949218],[121.615721,21.950116],[121.616197,21.952295],[121.614833,21.953041],[121.61492,21.954685],[121.614257,21.955057],[121.612943,21.955022],[121.610127,21.953518],[121.607962,21.953156],[121.606598,21.952573],[121.604445,21.952433],[121.603532,21.95157],[121.60417,21.950032],[121.606135,21.948039],[121.606673,21.946676],[121.606948,21.944298],[121.607674,21.942957],[121.610515,21.942515],[121.611792,21.9429]]],[[[121.577234,22.078252],[121.577134,22.078729],[121.576746,22.078764],[121.576684,22.078415],[121.577234,22.078252]]],[[[121.581189,22.078614],[121.580688,22.07901],[121.579812,22.0788],[121.580351,22.078486],[121.581189,22.078614]]],[[[121.578749,22.079871],[121.577885,22.080267],[121.578448,22.079487],[121.578749,22.079871]]],[[[121.502245,22.084015],[121.500943,22.082943],[121.499341,22.080533],[121.49993,22.079275],[121.503184,22.077343],[121.503672,22.07591],[121.508715,22.070182],[121.510017,22.067666],[121.510693,22.063322],[121.509179,22.060993],[121.508791,22.059339],[121.507201,22.059152],[121.506826,22.057068],[121.508591,22.056882],[121.509141,22.055647],[121.509567,22.052665],[121.510831,22.049567],[121.51038,22.048542],[121.508904,22.047669],[121.508654,22.046434],[121.509267,22.047051],[121.510668,22.047483],[121.512007,22.047436],[121.515199,22.046878],[121.517176,22.045771],[121.517502,22.044024],[121.52008,22.041346],[121.520831,22.039797],[121.520906,22.038713],[121.523985,22.03918],[121.524923,22.038539],[121.526413,22.036489],[121.527376,22.034416],[121.530743,22.031598],[121.533559,22.028325],[121.538089,22.024528],[121.542232,22.024727],[121.543558,22.025705],[121.545336,22.025333],[121.546174,22.025799],[121.547701,22.025951],[121.551005,22.0246],[121.552982,22.024355],[121.55342,22.023051],[121.557688,22.021153],[121.559702,22.019126],[121.563031,22.016552],[121.565459,22.013954],[121.566974,22.010984],[121.569389,22.008759],[121.570266,22.002176],[121.571342,22.003574],[121.576435,22.002899],[121.578162,22.003238],[121.579614,22.003972],[121.579677,22.004974],[121.581128,22.004858],[121.581516,22.004427],[121.582142,22.004357],[121.580978,22.003821],[121.585221,22.000687],[121.587461,21.999779],[121.59079,22.000164],[121.59308,22.001807],[121.597861,22.009347],[121.598586,22.011933],[121.60209,22.015173],[121.602766,22.017177],[121.602704,22.019833],[121.597885,22.024119],[121.596721,22.024492],[121.596734,22.025121],[121.595019,22.025365],[121.591027,22.027799],[121.588261,22.028381],[121.578675,22.032433],[121.576159,22.034098],[121.570527,22.038943],[121.569514,22.039397],[121.567311,22.039513],[121.568037,22.040853],[121.566185,22.041493],[121.56616,22.041878],[121.567236,22.042449],[121.565947,22.044347],[121.565083,22.047503],[121.564069,22.048715],[121.563694,22.052395],[121.563856,22.054049],[121.565433,22.055319],[121.565921,22.05646],[121.566922,22.057567],[121.570977,22.059711],[121.572767,22.059897],[121.57507,22.059304],[121.576083,22.059385],[121.575896,22.059968],[121.570877,22.06473],[121.570114,22.070122],[121.567823,22.073185],[121.567823,22.075467],[121.569438,22.079322],[121.570439,22.08072],[121.570101,22.082408],[121.569625,22.082909],[121.568036,22.084015],[121.566459,22.084305],[121.563168,22.082733],[121.559951,22.080368],[121.558124,22.080461],[121.555771,22.082126],[121.552054,22.082638],[121.54601,22.082346],[121.544245,22.082613],[121.537074,22.081471],[121.532932,22.081749],[121.530266,22.081085],[121.528914,22.079653],[121.526799,22.080875],[121.52556,22.081084],[121.51252,22.080512],[121.511193,22.080837],[121.508502,22.082339],[121.506049,22.084749],[121.502245,22.084015]]],[[[121.570401,22.086635],[121.570201,22.087101],[121.56975,22.086286],[121.570401,22.086635]]],[[[121.566747,22.085895],[121.568549,22.087531],[121.567623,22.087845],[121.566421,22.086168],[121.566747,22.085895]]],[[[121.491542,22.677461],[121.491742,22.678911],[121.489979,22.676986],[121.484727,22.677313],[121.479836,22.674078],[121.472759,22.674951],[121.472359,22.67545],[121.469645,22.676321],[121.467231,22.675904],[121.466019,22.676473],[121.46433,22.673318],[121.464667,22.671485],[121.465279,22.670464],[121.467592,22.66863],[121.469043,22.666959],[121.47068,22.664963],[121.472956,22.661203],[121.475306,22.658708],[121.474555,22.653522],[121.474492,22.652164],[121.474842,22.65141],[121.47349,22.647582],[121.473503,22.646479],[121.48048,22.645444],[121.485932,22.643992],[121.488808,22.642622],[121.488808,22.641798],[121.492046,22.63907],[121.492959,22.638989],[121.493434,22.638397],[121.493934,22.634521],[121.494409,22.633244],[121.495221,22.632489],[121.497397,22.63185],[121.498285,22.632013],[121.498773,22.632361],[121.498748,22.633068],[121.497985,22.634113],[121.499674,22.635076],[121.501312,22.634936],[121.502712,22.6341],[121.505576,22.634238],[121.506226,22.63259],[121.506714,22.63295],[121.506364,22.634342],[121.50774,22.634597],[121.505001,22.6357],[121.504627,22.638265],[121.502776,22.640157],[121.502126,22.641411],[121.502064,22.643894],[121.499713,22.645171],[121.499526,22.645902],[121.50124,22.651007],[121.502191,22.652201],[121.503854,22.652131],[121.504379,22.651713],[121.505605,22.651492],[121.506005,22.651713],[121.505868,22.652757],[121.508769,22.653835],[121.508882,22.654531],[121.507169,22.655889],[121.506906,22.657166],[121.507832,22.659509],[121.508758,22.660216],[121.509047,22.664845],[121.510398,22.666863],[121.510548,22.669056],[121.511173,22.669299],[121.511161,22.669729],[121.509686,22.670437],[121.509286,22.671469],[121.509161,22.673871],[121.51,22.677072],[121.509537,22.677908],[121.507061,22.678639],[121.50476,22.67697],[121.502521,22.676298],[121.502109,22.676472],[121.500996,22.675869],[121.497194,22.675928],[121.496519,22.676485],[121.496031,22.676462],[121.495531,22.675708],[121.493467,22.675094],[121.491542,22.677461]]],[[[121.511964,22.681457],[121.511314,22.681712],[121.511576,22.680575],[121.512026,22.680412],[121.511964,22.681457]]],[[[121.447169,23.443809],[121.445863,23.443347],[121.44435,23.44094],[121.444162,23.438639],[121.442188,23.436985],[121.441254,23.435215],[121.441064,23.434083],[121.439771,23.432929],[121.439108,23.4326],[121.438256,23.43327],[121.436577,23.432887],[121.434612,23.433262],[121.4334,23.432866],[121.433134,23.43174],[121.428769,23.429297],[121.425464,23.426018],[121.42533,23.425404],[121.425723,23.42486],[121.42293,23.423015],[121.420218,23.420582],[121.419572,23.419415],[121.419969,23.4169],[121.418356,23.4157],[121.418485,23.413869],[121.417213,23.412577],[121.417582,23.411963],[121.416258,23.410059],[121.415681,23.408191],[121.413204,23.405222],[121.412601,23.403727],[121.412591,23.402591],[121.411741,23.401698],[121.410493,23.398951],[121.409181,23.396994],[121.407869,23.395938],[121.406751,23.393598],[121.403707,23.390408],[121.403614,23.389412],[121.401353,23.388665],[121.400039,23.386569],[121.399975,23.385295],[121.401636,23.380513],[121.402643,23.379058],[121.402638,23.378304],[121.403626,23.375813],[121.403894,23.372198],[121.404846,23.369142],[121.404365,23.367352],[121.40612,23.365517],[121.407571,23.364638],[121.410098,23.364899],[121.411041,23.364287],[121.413188,23.363847],[121.415958,23.361745],[121.41725,23.36167],[121.417906,23.360588],[121.422877,23.359992],[121.422529,23.355701],[121.42199,23.354778],[121.418346,23.352186],[121.416818,23.349992],[121.41668,23.349315],[121.414838,23.348364],[121.41402,23.347454],[121.411411,23.34681],[121.409711,23.345898],[121.40837,23.342722],[121.406882,23.341407],[121.406428,23.33956],[121.403844,23.337208],[121.402078,23.333901],[121.401857,23.332636],[121.401081,23.331345],[121.400596,23.328384],[121.399606,23.326588],[121.399938,23.323184],[121.399333,23.323077],[121.397734,23.321686],[121.392135,23.321706],[121.390248,23.320624],[121.39011,23.315896],[121.388975,23.314682],[121.389067,23.313573],[121.387939,23.311983],[121.387846,23.310641],[121.385567,23.308899],[121.383793,23.308126],[121.382086,23.305443],[121.380351,23.304187],[121.377855,23.30094],[121.378027,23.298588],[121.376282,23.295659],[121.377162,23.291349],[121.376493,23.289076],[121.377106,23.288428],[121.377315,23.287475],[121.376857,23.281824],[121.378242,23.277554],[121.378604,23.274512],[121.378478,23.273156],[121.377683,23.271145],[121.377917,23.26962],[121.374084,23.269071],[121.372333,23.267826],[121.371673,23.266972],[121.371158,23.263281],[121.370561,23.262219],[121.366926,23.260243],[121.366109,23.25907],[121.365857,23.258034],[121.364457,23.25804],[121.363613,23.257646],[121.362804,23.256654],[121.36149,23.253657],[121.359401,23.25269],[121.358944,23.249661],[121.359365,23.249006],[121.360823,23.248204],[121.361536,23.246905],[121.360898,23.244352],[121.359708,23.242305],[121.357823,23.240562],[121.35766,23.23794],[121.354964,23.234602],[121.353461,23.233373],[121.352599,23.231305],[121.35262,23.23026],[121.353176,23.229133],[121.354214,23.228584],[121.354378,23.225525],[121.355849,23.223959],[121.35716,23.223715],[121.354688,23.221839],[121.353282,23.220012],[121.351573,23.220181],[121.349967,23.217886],[121.348447,23.217181],[121.346459,23.217099],[121.346602,23.216159],[121.346072,23.215335],[121.345689,23.213566],[121.34612,23.2116],[121.34677,23.211075],[121.346914,23.209273],[121.34533,23.208262],[121.344286,23.205759],[121.34335,23.202176],[121.343621,23.200734],[121.342928,23.200019],[121.34323,23.198703],[121.342385,23.197487],[121.342146,23.195809],[121.341156,23.194679],[121.339699,23.193748],[121.339053,23.192371],[121.339123,23.191616],[121.338258,23.19069],[121.338292,23.189607],[121.337581,23.188392],[121.337866,23.185326],[121.337007,23.184896],[121.336366,23.183817],[121.336794,23.182474],[121.335313,23.181302],[121.335414,23.179424],[121.334931,23.177933],[121.333119,23.178064],[121.332449,23.178946],[121.331238,23.178878],[121.329741,23.180371],[121.328367,23.179292],[121.325509,23.179256],[121.3233,23.178735],[121.323958,23.178132],[121.32393,23.174791],[121.323149,23.174206],[121.323032,23.173553],[121.322214,23.173233],[121.321859,23.169395],[121.318562,23.168188],[121.317344,23.165163],[121.317406,23.164581],[121.320304,23.160037],[121.321366,23.159136],[121.322164,23.156804],[121.322032,23.155348],[121.324601,23.154686],[121.327202,23.152193],[121.324396,23.148979],[121.324474,23.146592],[121.323334,23.14474],[121.323811,23.143299],[121.322777,23.142112],[121.322052,23.139619],[121.320367,23.137926],[121.320523,23.136143],[121.322133,23.132094],[121.321532,23.12929],[121.322941,23.123772],[121.322321,23.121673],[121.322576,23.119972],[121.321866,23.118213],[121.321967,23.117171],[121.31962,23.113655],[121.315955,23.110471],[121.315803,23.109743],[121.314845,23.110383],[121.312403,23.110953],[121.305222,23.111286],[121.303063,23.111088],[121.301315,23.109821],[121.300319,23.109741],[121.299979,23.109264],[121.297917,23.109953],[121.297047,23.10931],[121.295913,23.109829],[121.293978,23.109888],[121.29142,23.109369],[121.289849,23.108002],[121.288773,23.107734],[121.287326,23.106711],[121.285823,23.106947],[121.28441,23.10657],[121.283028,23.103867],[121.280865,23.104033],[121.278205,23.100751],[121.274628,23.098473],[121.272352,23.097881],[121.270741,23.101189],[121.269444,23.102049],[121.264317,23.103922],[121.26618,23.106725],[121.267372,23.109339],[121.267668,23.112184],[121.267267,23.114093],[121.264465,23.115157],[121.264202,23.115548],[121.264258,23.117661],[121.261748,23.119155],[121.259567,23.121016],[121.259014,23.123457],[121.258223,23.12443],[121.258134,23.125442],[121.2576,23.126117],[121.249206,23.131521],[121.248303,23.129586],[121.24678,23.129326],[121.245209,23.128407],[121.242312,23.128024],[121.240115,23.128678],[121.238455,23.128738],[121.237722,23.130207],[121.234639,23.133389],[121.233213,23.136644],[121.230929,23.13925],[121.229087,23.139665],[121.224888,23.139878],[121.219266,23.142339],[121.214558,23.143903],[121.211951,23.144232],[121.212008,23.145443],[121.210641,23.14806],[121.211754,23.153674],[121.212488,23.154934],[121.211203,23.157289],[121.210299,23.159896],[121.20649,23.162806],[121.205592,23.164582],[121.205682,23.16687],[121.203098,23.169467],[121.200126,23.17414],[121.19917,23.175092],[121.199772,23.178288],[121.199311,23.17954],[121.199222,23.182048],[121.197957,23.185553],[121.198255,23.188442],[121.194429,23.192508],[121.191998,23.197921],[121.191032,23.202104],[121.18981,23.203458],[121.188911,23.203982],[121.187368,23.204138],[121.18645,23.204774],[121.184395,23.204913],[121.180899,23.207154],[121.17936,23.208643],[121.175628,23.210187],[121.169902,23.207067],[121.168665,23.207647],[121.16743,23.207238],[121.16506,23.207116],[121.163668,23.206378],[121.16091,23.205964],[121.158323,23.203333],[121.156088,23.20023],[121.154702,23.199148],[121.150056,23.198561],[121.147352,23.199007],[121.14492,23.199722],[121.142759,23.20079],[121.140325,23.201337],[121.139364,23.201915],[121.138094,23.20809],[121.137503,23.208924],[121.134519,23.211256],[121.132394,23.215489],[121.131513,23.219532],[121.129395,23.223298],[121.125526,23.22489],[121.123399,23.225081],[121.120886,23.225042],[121.119485,23.224543],[121.114686,23.224958],[121.108454,23.22349],[121.105647,23.22415],[121.104298,23.226434],[121.103626,23.226963],[121.101791,23.227092],[121.100894,23.227625],[121.098855,23.228061],[121.09638,23.229649],[121.093853,23.233177],[121.092841,23.233815],[121.088295,23.233595],[121.08654,23.233853],[121.083636,23.232964],[121.080987,23.233791],[121.079239,23.232679],[121.07795,23.234221],[121.078452,23.237583],[121.077317,23.238782],[121.075899,23.241795],[121.074013,23.244413],[121.071889,23.245823],[121.071025,23.24685],[121.069865,23.249322],[121.070098,23.252307],[121.069225,23.255175],[121.067448,23.256767],[121.065858,23.257546],[121.06568,23.258978],[121.065036,23.259304],[121.064538,23.260718],[121.064836,23.261187],[121.064189,23.263085],[121.062417,23.26584],[121.061846,23.268016],[121.062891,23.26888],[121.061936,23.269476],[121.061466,23.270976],[121.061808,23.271859],[121.060721,23.273031],[121.060963,23.273879],[121.060671,23.276745],[121.061719,23.278226],[121.062068,23.279408],[121.059902,23.283313],[121.059449,23.286148],[121.057267,23.287609],[121.056591,23.289807],[121.055943,23.290626],[121.052392,23.291575],[121.048163,23.29474],[121.045854,23.29575],[121.043066,23.296311],[121.041554,23.297453],[121.039936,23.299783],[121.038901,23.300653],[121.036732,23.299848],[121.034595,23.299775],[121.032187,23.29835],[121.026505,23.296617],[121.02559,23.29602],[121.024653,23.294434],[121.023746,23.293706],[121.020005,23.29457],[121.018996,23.293448],[121.017407,23.29287],[121.01078,23.292769],[121.009845,23.292498],[121.008534,23.29132],[121.006914,23.291211],[121.005643,23.290604],[121.001385,23.287376],[120.999255,23.286915],[120.994024,23.284441],[120.99064,23.284128],[120.987764,23.280828],[120.986591,23.280321],[120.98087,23.281555],[120.978993,23.282267],[120.974071,23.281784],[120.97263,23.282187],[120.97028,23.280606],[120.968671,23.277857],[120.967688,23.277607],[120.966114,23.276583],[120.964716,23.274725],[120.963364,23.2721],[120.959679,23.27084],[120.959122,23.269806],[120.958165,23.265372],[120.95738,23.264159],[120.953552,23.260814],[120.952505,23.260544],[120.951104,23.259509],[120.949738,23.257722],[120.94901,23.25588],[120.947705,23.25488],[120.946693,23.253114],[120.941251,23.251947],[120.939647,23.249188],[120.9385,23.247889],[120.937897,23.244949],[120.935278,23.243914],[120.93402,23.243783],[120.931746,23.242578],[120.930605,23.242462],[120.929565,23.24281],[120.92758,23.24445],[120.926528,23.244555],[120.924665,23.243055],[120.924041,23.241982],[120.921709,23.241669],[120.92099,23.240984],[120.919412,23.24098],[120.917788,23.239594],[120.917182,23.238321],[120.915965,23.238102],[120.915461,23.23751],[120.914302,23.232542],[120.911566,23.227857],[120.912126,23.225144],[120.911746,23.221925],[120.912035,23.217019],[120.911632,23.209552],[120.91139,23.208889],[120.910458,23.208134],[120.907634,23.20706],[120.906732,23.205651],[120.906503,23.203333],[120.907153,23.201132],[120.906608,23.200191],[120.905748,23.199553],[120.90644,23.196712],[120.908149,23.19465],[120.910893,23.192167],[120.9123,23.187403],[120.912448,23.186523],[120.911533,23.185363],[120.91126,23.182808],[120.91076,23.181692],[120.909884,23.180214],[120.909051,23.179799],[120.905906,23.180576],[120.902178,23.178907],[120.900189,23.177119],[120.898724,23.176663],[120.898441,23.176255],[120.898604,23.173998],[120.89831,23.173123],[120.896394,23.1723],[120.895856,23.171433],[120.895561,23.165576],[120.894829,23.162574],[120.895004,23.160718],[120.891239,23.158724],[120.887351,23.158241],[120.886971,23.157931],[120.88626,23.155433],[120.883333,23.153436],[120.879387,23.152645],[120.876411,23.151335],[120.878074,23.149581],[120.879537,23.148586],[120.881435,23.146227],[120.883641,23.145115],[120.885619,23.144622],[120.885762,23.144284],[120.887874,23.136681],[120.886226,23.131875],[120.885961,23.128044],[120.888058,23.122438],[120.887727,23.121772],[120.885048,23.120016],[120.884965,23.119347],[120.885452,23.117627],[120.886291,23.116465],[120.886775,23.113613],[120.889401,23.110439],[120.889223,23.107556],[120.888141,23.104205],[120.889151,23.100492],[120.887518,23.095999],[120.886631,23.094919],[120.88555,23.09263],[120.885629,23.089107],[120.883597,23.086561],[120.882585,23.083331],[120.878075,23.078231],[120.87692,23.075723],[120.875345,23.068543],[120.872671,23.065237],[120.869215,23.059686],[120.871324,23.055051],[120.873055,23.054019],[120.874529,23.052431],[120.874498,23.050943],[120.878671,23.049],[120.879749,23.047774],[120.880151,23.045674],[120.881259,23.044196],[120.88138,23.042682],[120.87996,23.035522],[120.879463,23.034665],[120.878905,23.034441],[120.87636,23.034224],[120.872001,23.034477],[120.866647,23.032358],[120.863974,23.032491],[120.861614,23.030768],[120.860701,23.027902],[120.860682,23.025986],[120.861976,23.022067],[120.86127,23.013203],[120.860515,23.010465],[120.860657,23.00805],[120.858234,23.005055],[120.856319,23.004818],[120.854465,23.005405],[120.853839,23.00491],[120.851072,23.005125],[120.852007,23.003348],[120.852065,22.999905],[120.850557,22.997915],[120.85014,22.996417],[120.849093,22.994854],[120.848645,22.994311],[120.847691,22.993966],[120.846654,22.992647],[120.841926,22.990933],[120.841368,22.98991],[120.841978,22.987666],[120.841822,22.985519],[120.841182,22.984],[120.838701,22.982686],[120.835831,22.981805],[120.834831,22.980876],[120.833271,22.980856],[120.832457,22.980388],[120.830686,22.975825],[120.829289,22.975144],[120.829055,22.974387],[120.828997,22.972968],[120.830144,22.96999],[120.822445,22.96487],[120.822179,22.964633],[120.82232,22.963719],[120.821106,22.962665],[120.820793,22.961966],[120.82092,22.960949],[120.82283,22.956399],[120.823049,22.95492],[120.824188,22.9539],[120.824752,22.952454],[120.823568,22.950531],[120.821778,22.945124],[120.821994,22.943187],[120.821463,22.939196],[120.822157,22.936688],[120.821814,22.935258],[120.823513,22.933187],[120.825374,22.929759],[120.826881,22.928135],[120.829159,22.920784],[120.831439,22.919855],[120.832607,22.913836],[120.833288,22.912268],[120.832781,22.911346],[120.830751,22.910481],[120.829959,22.909526],[120.828535,22.905208],[120.828662,22.903974],[120.830371,22.901965],[120.833537,22.899815],[120.833197,22.898234],[120.834235,22.896158],[120.834951,22.8931],[120.838226,22.889894],[120.838717,22.887684],[120.838841,22.884638],[120.840525,22.881949],[120.84198,22.881218],[120.846624,22.880025],[120.852088,22.878097],[120.855158,22.878719],[120.859727,22.878368],[120.861219,22.876148],[120.864871,22.872551],[120.865545,22.869664],[120.863787,22.866216],[120.862212,22.865725],[120.859151,22.863446],[120.861651,22.861396],[120.86501,22.860109],[120.869572,22.857758],[120.869288,22.856612],[120.866603,22.853816],[120.866606,22.853349],[120.868348,22.850746],[120.865575,22.847089],[120.864951,22.845596],[120.863992,22.839433],[120.864315,22.837774],[120.865399,22.835613],[120.864552,22.832169],[120.862289,22.828334],[120.861665,22.826971],[120.861754,22.826301],[120.8649,22.825073],[120.865843,22.823221],[120.866823,22.819655],[120.868401,22.817128],[120.87171,22.814792],[120.874493,22.815332],[120.877265,22.81305],[120.878004,22.813774],[120.881571,22.81445],[120.883065,22.814077],[120.883985,22.813429],[120.885402,22.813349],[120.887855,22.812625],[120.889046,22.811762],[120.891194,22.811624],[120.893987,22.80876],[120.896545,22.807969],[120.899323,22.80471],[120.900893,22.804274],[120.9033,22.799807],[120.903654,22.79819],[120.90297,22.796532],[120.903298,22.793386],[120.902448,22.791367],[120.901692,22.787544],[120.902635,22.78664],[120.904133,22.783582],[120.904066,22.782485],[120.903238,22.780456],[120.903205,22.778507],[120.903817,22.775577],[120.902958,22.7735],[120.901147,22.772065],[120.900208,22.769215],[120.89356,22.766784],[120.891961,22.763697],[120.893409,22.763652],[120.894812,22.762581],[120.894973,22.760215],[120.894448,22.759136],[120.895628,22.756162],[120.894099,22.75161],[120.895353,22.748197],[120.894137,22.743707],[120.894439,22.742825],[120.89564,22.741818],[120.89503,22.738599],[120.894718,22.737587],[120.892431,22.735569],[120.892165,22.734171],[120.892395,22.732904],[120.891435,22.729379],[120.890959,22.728651],[120.889441,22.728118],[120.888649,22.727289],[120.887279,22.722367],[120.883511,22.717067],[120.879422,22.716068],[120.87548,22.717178],[120.872401,22.716992],[120.869415,22.715904],[120.868258,22.716702],[120.867186,22.716889],[120.861674,22.716698],[120.860492,22.715967],[120.858391,22.713621],[120.857621,22.714063],[120.854877,22.717546],[120.853125,22.71695],[120.84851,22.716947],[120.847932,22.715561],[120.845477,22.712823],[120.844522,22.710858],[120.843104,22.71045],[120.842481,22.709837],[120.842505,22.708842],[120.843363,22.707648],[120.842173,22.706862],[120.840235,22.706666],[120.839673,22.703952],[120.837903,22.701432],[120.838289,22.698943],[120.837677,22.698358],[120.837684,22.697818],[120.83679,22.697078],[120.834985,22.696564],[120.833303,22.696641],[120.831168,22.696836],[120.829939,22.697676],[120.828691,22.697659],[120.82702,22.69704],[120.826058,22.695919],[120.82545,22.695705],[120.824254,22.695552],[120.822193,22.695918],[120.819877,22.695595],[120.818863,22.69436],[120.819356,22.692701],[120.819113,22.691028],[120.818867,22.690879],[120.816332,22.691843],[120.811445,22.692038],[120.810824,22.69158],[120.8091,22.688257],[120.80802,22.689186],[120.797673,22.689101],[120.796794,22.689361],[120.795543,22.69062],[120.791907,22.691629],[120.789123,22.693288],[120.787745,22.693339],[120.78679,22.692911],[120.787677,22.689755],[120.789481,22.68649],[120.789258,22.683829],[120.791316,22.680431],[120.791566,22.679183],[120.790658,22.67776],[120.788852,22.676236],[120.787538,22.673631],[120.786224,22.672041],[120.786348,22.662982],[120.785817,22.661434],[120.783713,22.658945],[120.782333,22.656085],[120.779775,22.652533],[120.777128,22.65047],[120.773829,22.646229],[120.771982,22.642181],[120.76892,22.638847],[120.767651,22.636185],[120.76424,22.633708],[120.763118,22.631142],[120.761312,22.630039],[120.761235,22.626207],[120.758035,22.623089],[120.75487,22.616984],[120.752874,22.611802],[120.754056,22.608552],[120.754068,22.604426],[120.754811,22.60156],[120.754644,22.600785],[120.75226,22.5971],[120.74901,22.593945],[120.745803,22.589547],[120.745758,22.588319],[120.746667,22.584009],[120.749084,22.578633],[120.749176,22.575605],[120.748783,22.572295],[120.747944,22.571076],[120.741718,22.5689],[120.739629,22.56254],[120.740013,22.559242],[120.739045,22.55366],[120.739372,22.551741],[120.743958,22.543104],[120.745662,22.54073],[120.747944,22.538544],[120.748327,22.536707],[120.750016,22.534019],[120.749909,22.529358],[120.751664,22.525316],[120.751315,22.521969],[120.751492,22.521048],[120.753029,22.518391],[120.753626,22.511036],[120.757068,22.508881],[120.75847,22.507348],[120.758871,22.505874],[120.7627,22.501098],[120.764342,22.495386],[120.763676,22.490915],[120.761871,22.489286],[120.760449,22.488529],[120.758552,22.488405],[120.75835,22.485399],[120.757458,22.48183],[120.754868,22.481072],[120.751522,22.479725],[120.750808,22.479154],[120.752257,22.477606],[120.754568,22.471404],[120.754169,22.469402],[120.753008,22.467812],[120.752856,22.466181],[120.75163,22.464215],[120.751784,22.461623],[120.751066,22.459927],[120.751048,22.459021],[120.751608,22.45841],[120.754608,22.457247],[120.75654,22.457418],[120.758176,22.458517],[120.760177,22.456473],[120.765096,22.453058],[120.771924,22.451836],[120.776332,22.449954],[120.776448,22.448942],[120.775032,22.444286],[120.775132,22.443297],[120.776477,22.440443],[120.78002,22.437428],[120.782442,22.433901],[120.783905,22.430229],[120.784733,22.429141],[120.784768,22.428118],[120.786867,22.42518],[120.787111,22.423048],[120.787965,22.421141],[120.788224,22.419443],[120.789638,22.417648],[120.788632,22.417348],[120.78693,22.416139],[120.78641,22.414678],[120.784867,22.413071],[120.783436,22.412603],[120.782903,22.411209],[120.780357,22.409452],[120.77702,22.40889],[120.776311,22.40956],[120.775555,22.409654],[120.77339,22.406934],[120.770578,22.406895],[120.768327,22.408625],[120.765307,22.409046],[120.763212,22.407156],[120.760329,22.406228],[120.758116,22.404903],[120.7568,22.404705],[120.753418,22.405058],[120.755357,22.403276],[120.756098,22.400969],[120.757603,22.398176],[120.753797,22.396434],[120.752281,22.393908],[120.752141,22.392666],[120.752786,22.391646],[120.756483,22.388383],[120.754557,22.386632],[120.752351,22.385816],[120.750499,22.384088],[120.748621,22.380383],[120.749127,22.375686],[120.748783,22.373247],[120.747515,22.371404],[120.744491,22.369815],[120.743458,22.367261],[120.74738,22.364137],[120.751749,22.361451],[120.752672,22.360395],[120.755544,22.360397],[120.758102,22.359415],[120.759824,22.360278],[120.761004,22.360419],[120.762981,22.359145],[120.763153,22.357929],[120.76282,22.356692],[120.76338,22.352784],[120.765256,22.349504],[120.767263,22.34761],[120.769514,22.347479],[120.771671,22.348631],[120.774053,22.348531],[120.775178,22.349353],[120.775796,22.348744],[120.779106,22.347914],[120.78106,22.346373],[120.784723,22.345778],[120.786389,22.342239],[120.787631,22.342118],[120.788468,22.341574],[120.789698,22.337643],[120.792473,22.335623],[120.792816,22.333753],[120.792388,22.331098],[120.792506,22.328396],[120.792873,22.326282],[120.793462,22.325057],[120.793405,22.323645],[120.794828,22.323018],[120.7951,22.322571],[120.795324,22.321017],[120.796549,22.319414],[120.796586,22.317171],[120.794219,22.31468],[120.792687,22.312151],[120.78995,22.311067],[120.787131,22.309207],[120.783199,22.309461],[120.778151,22.308497],[120.777793,22.305372],[120.776834,22.302584],[120.777743,22.297972],[120.778617,22.296923],[120.779735,22.296405],[120.780835,22.294953],[120.782127,22.294468],[120.786906,22.294341],[120.787918,22.293825],[120.788607,22.294002],[120.789898,22.293308],[120.791128,22.290647],[120.790979,22.288411],[120.792581,22.287],[120.793211,22.28579],[120.796017,22.28515],[120.799195,22.285396],[120.800209,22.284899],[120.800686,22.284247],[120.805295,22.284173],[120.805695,22.283795],[120.806063,22.282367],[120.805864,22.281183],[120.806449,22.280364],[120.807212,22.280189],[120.806774,22.277158],[120.804868,22.276785],[120.804255,22.277354],[120.803053,22.276993],[120.800586,22.277352],[120.798064,22.276377],[120.797976,22.273847],[120.796287,22.269924],[120.796204,22.267788],[120.796542,22.267138],[120.799576,22.265098],[120.798624,22.263836],[120.798947,22.262264],[120.798832,22.259867],[120.797895,22.257937],[120.799061,22.257161],[120.800635,22.257477],[120.806129,22.259781],[120.808019,22.259361],[120.809385,22.260695],[120.812754,22.262172],[120.813908,22.261872],[120.815071,22.26256],[120.815399,22.26322],[120.817687,22.261433],[120.818652,22.261205],[120.82225,22.258055],[120.825908,22.256646],[120.831505,22.25006],[120.832542,22.247254],[120.834616,22.245371],[120.836057,22.245459],[120.838081,22.24403],[120.83961,22.243633],[120.840185,22.244286],[120.841396,22.24456],[120.842605,22.243357],[120.844194,22.243197],[120.844651,22.242863],[120.846417,22.243529],[120.850836,22.243657],[120.853202,22.2425],[120.854269,22.242435],[120.855462,22.241495],[120.858668,22.240819],[120.858976,22.240317],[120.858678,22.239161],[120.859003,22.238635],[120.862534,22.236736],[120.864298,22.234285],[120.864189,22.233587],[120.862327,22.231349],[120.862145,22.230707],[120.86386,22.231139],[120.864783,22.230409],[120.866429,22.229825],[120.867453,22.230011],[120.868666,22.231282],[120.870844,22.231391],[120.871636,22.232036],[120.871531,22.233005],[120.873958,22.233587],[120.874731,22.234246],[120.875957,22.234203],[120.876528,22.234846],[120.879093,22.235217],[120.880616,22.234699],[120.882506,22.237409],[120.88294,22.238953],[120.884184,22.240712],[120.885919,22.241985],[120.887438,22.24233],[120.888235,22.243039],[120.89138,22.2443],[120.892053,22.245452],[120.896295,22.24643],[120.895997,22.252678],[120.894471,22.26076],[120.895254,22.261863],[120.895272,22.262507],[120.894883,22.26308],[120.895022,22.26373],[120.894694,22.26378],[120.894772,22.264814],[120.893314,22.265856],[120.893079,22.266553],[120.891868,22.27749],[120.891661,22.282957],[120.891929,22.289653],[120.891674,22.303751],[120.892188,22.314008],[120.892595,22.314629],[120.892304,22.315802],[120.892435,22.318091],[120.893671,22.327784],[120.89524,22.335716],[120.895847,22.33692],[120.896603,22.33733],[120.898655,22.343723],[120.900317,22.346766],[120.902614,22.352546],[120.904285,22.354996],[120.907814,22.357766],[120.908826,22.359196],[120.91197,22.374609],[120.91487,22.384924],[120.918916,22.392992],[120.920516,22.394812],[120.921125,22.396137],[120.922105,22.398416],[120.922766,22.401643],[120.925199,22.408967],[120.928845,22.417181],[120.931604,22.420438],[120.933104,22.423209],[120.934409,22.427524],[120.941153,22.445145],[120.946402,22.45688],[120.950594,22.473333],[120.954431,22.485028],[120.955505,22.491646],[120.958822,22.501011],[120.959526,22.505286],[120.968216,22.526448],[120.977296,22.55449],[120.981683,22.563695],[120.985507,22.569344],[120.990033,22.573258],[120.998332,22.578391],[121.003951,22.583701],[121.007203,22.586181],[121.00916,22.58896],[121.010263,22.595792],[121.010297,22.599442],[121.011254,22.604995],[121.011781,22.613765],[121.012595,22.61951],[121.013893,22.623026],[121.017192,22.635684],[121.021727,22.647017],[121.022283,22.64923],[121.025736,22.655844],[121.029428,22.661161],[121.035533,22.667681],[121.039334,22.670336],[121.042881,22.671916],[121.045646,22.672857],[121.048047,22.673214],[121.055359,22.6761],[121.059573,22.679353],[121.064244,22.682006],[121.064912,22.683422],[121.06567,22.683635],[121.068258,22.686521],[121.070818,22.688612],[121.073105,22.691755],[121.077562,22.695679],[121.081356,22.698198],[121.093182,22.703711],[121.097034,22.70481],[121.101516,22.705313],[121.109669,22.709407],[121.117621,22.714131],[121.120588,22.714758],[121.123692,22.716247],[121.128108,22.719362],[121.129245,22.72102],[121.131528,22.722971],[121.132031,22.723881],[121.137262,22.729406],[121.139592,22.731323],[121.14186,22.73185],[121.145086,22.734447],[121.147113,22.736766],[121.147926,22.73825],[121.150177,22.74065],[121.151941,22.741971],[121.156785,22.747323],[121.160909,22.749681],[121.165986,22.751175],[121.172487,22.755167],[121.176191,22.758802],[121.176992,22.7601],[121.178669,22.764564],[121.17987,22.769259],[121.180246,22.771311],[121.180309,22.778267],[121.181398,22.782904],[121.185851,22.788895],[121.187415,22.790413],[121.191592,22.790771],[121.193079,22.789878],[121.194898,22.790293],[121.195294,22.790889],[121.195185,22.791788],[121.196136,22.792313],[121.196003,22.792628],[121.196337,22.792714],[121.196717,22.792047],[121.197169,22.791931],[121.196758,22.792583],[121.197141,22.792614],[121.197356,22.793112],[121.197919,22.792971],[121.198456,22.793413],[121.198342,22.79373],[121.198631,22.793844],[121.198142,22.794228],[121.198189,22.794738],[121.198696,22.794959],[121.199994,22.794575],[121.200537,22.795789],[121.201029,22.795854],[121.200891,22.798767],[121.199868,22.800621],[121.199939,22.802834],[121.199389,22.803676],[121.199629,22.804392],[121.197975,22.808116],[121.198157,22.8086],[121.197443,22.808952],[121.196871,22.810976],[121.196836,22.811503],[121.197534,22.812234],[121.196462,22.812691],[121.196531,22.813208],[121.197356,22.812818],[121.196944,22.813986],[121.19813,22.814806],[121.197165,22.814663],[121.197699,22.81566],[121.196736,22.815659],[121.196525,22.816246],[121.19575,22.816363],[121.195755,22.816725],[121.19516,22.816717],[121.194112,22.817666],[121.194014,22.818368],[121.193623,22.81845],[121.193572,22.8213],[121.192402,22.822021],[121.191824,22.822918],[121.192212,22.823557],[121.191984,22.824891],[121.192402,22.82557],[121.19055,22.827275],[121.188242,22.828265],[121.186839,22.830814],[121.187101,22.831071],[121.186533,22.832358],[121.186718,22.832628],[121.186255,22.832898],[121.186705,22.833703],[121.186147,22.833604],[121.186277,22.834112],[121.186944,22.834836],[121.188024,22.83532],[121.187962,22.836007],[121.188839,22.83788],[121.188814,22.839112],[121.189989,22.843034],[121.190055,22.844233],[121.189265,22.845515],[121.189579,22.84694],[121.191143,22.848445],[121.191485,22.849685],[121.192197,22.850572],[121.192756,22.8506],[121.196096,22.853437],[121.197322,22.854086],[121.19879,22.85672],[121.200136,22.85734],[121.201387,22.857096],[121.204726,22.859899],[121.204464,22.860223],[121.206415,22.860987],[121.209041,22.863095],[121.210942,22.863152],[121.214631,22.863916],[121.217445,22.864865],[121.219979,22.864921],[121.223586,22.866936],[121.224686,22.867168],[121.225587,22.86711],[121.2297,22.864965],[121.232089,22.86413],[121.233352,22.864489],[121.236168,22.867994],[121.236001,22.868705],[121.235097,22.869604],[121.235235,22.870971],[121.236153,22.873638],[121.236971,22.874377],[121.237495,22.876326],[121.238908,22.87848],[121.239793,22.879525],[121.241196,22.880159],[121.245535,22.880656],[121.247306,22.88146],[121.250956,22.886076],[121.25558,22.895165],[121.259145,22.89828],[121.259728,22.900033],[121.259607,22.901047],[121.260394,22.901404],[121.260386,22.902634],[121.261687,22.904541],[121.262195,22.90645],[121.26374,22.908055],[121.265819,22.908986],[121.269419,22.911869],[121.272832,22.917832],[121.274861,22.924945],[121.275731,22.926783],[121.278646,22.930829],[121.278743,22.934255],[121.279861,22.939377],[121.281727,22.945234],[121.283034,22.947877],[121.284273,22.949585],[121.285248,22.949579],[121.285863,22.950155],[121.287104,22.949599],[121.286522,22.949175],[121.286607,22.948842],[121.287836,22.949416],[121.288159,22.949954],[121.28798,22.950444],[121.287629,22.950522],[121.287242,22.949852],[121.286654,22.950352],[121.286656,22.95184],[121.28744,22.952847],[121.289469,22.953639],[121.29141,22.955467],[121.29203,22.955635],[121.29285,22.954995],[121.293096,22.95514],[121.293687,22.954394],[121.293347,22.953639],[121.295176,22.954519],[121.29597,22.956744],[121.299655,22.959742],[121.308454,22.970933],[121.309347,22.97125],[121.310808,22.972909],[121.311109,22.97375],[121.310785,22.973942],[121.311398,22.974888],[121.313681,22.976802],[121.316487,22.981237],[121.320672,22.989693],[121.323462,22.993282],[121.323765,22.993895],[121.321611,22.997155],[121.321586,23.00008],[121.322032,23.002081],[121.322795,23.003063],[121.323231,23.004854],[121.323798,23.005024],[121.324346,23.004594],[121.325322,23.004683],[121.327319,23.007107],[121.328341,23.009244],[121.32743,23.009663],[121.328211,23.011245],[121.328727,23.0152],[121.329444,23.016204],[121.330366,23.016994],[121.334557,23.018357],[121.337186,23.020113],[121.336889,23.020889],[121.335154,23.02182],[121.335097,23.023158],[121.335376,23.023912],[121.335977,23.024049],[121.336607,23.025216],[121.33916,23.025913],[121.339509,23.028723],[121.339248,23.029128],[121.338236,23.029259],[121.338527,23.033297],[121.339485,23.03498],[121.339519,23.037048],[121.341636,23.042443],[121.343296,23.043653],[121.344119,23.04638],[121.343658,23.046613],[121.343711,23.048328],[121.344554,23.050028],[121.34588,23.051109],[121.345746,23.0519],[121.346272,23.052942],[121.346122,23.05611],[121.346509,23.058931],[121.348132,23.064626],[121.349328,23.066704],[121.352681,23.070243],[121.352835,23.071341],[121.354148,23.071429],[121.355169,23.07267],[121.356644,23.073639],[121.356797,23.074418],[121.355092,23.078849],[121.355082,23.079658],[121.356634,23.081562],[121.358016,23.082551],[121.357844,23.085407],[121.359525,23.088918],[121.363363,23.093892],[121.366136,23.096167],[121.367304,23.096534],[121.369743,23.09583],[121.371035,23.095778],[121.37173,23.096301],[121.375068,23.096522],[121.375951,23.095939],[121.382941,23.095492],[121.384647,23.096782],[121.385025,23.097613],[121.384292,23.098521],[121.385308,23.100868],[121.386457,23.102151],[121.387068,23.101733],[121.38762,23.102309],[121.387485,23.102899],[121.387927,23.104019],[121.387263,23.104161],[121.387751,23.104455],[121.387408,23.105603],[121.387921,23.105319],[121.38839,23.105896],[121.388615,23.105716],[121.391608,23.108285],[121.395155,23.113429],[121.397523,23.114566],[121.399245,23.113798],[121.40182,23.113513],[121.402909,23.113775],[121.407018,23.11589],[121.407621,23.116477],[121.408039,23.117724],[121.412471,23.122357],[121.411523,23.122811],[121.412006,23.123057],[121.411674,23.123288],[121.413102,23.123673],[121.414086,23.122745],[121.415445,23.123379],[121.418486,23.122685],[121.421607,23.124456],[121.424147,23.12491],[121.424588,23.12566],[121.424729,23.126446],[121.424536,23.12629],[121.42402,23.127453],[121.423146,23.127757],[121.420892,23.12685],[121.418204,23.127032],[121.416353,23.126772],[121.413679,23.124087],[121.411153,23.123979],[121.409898,23.124474],[121.41,23.12477],[121.409783,23.124513],[121.406482,23.12565],[121.404182,23.127219],[121.402958,23.128742],[121.402615,23.13035],[121.399797,23.135119],[121.39987,23.137881],[121.400975,23.142015],[121.401092,23.146047],[121.400795,23.146857],[121.399971,23.146986],[121.399344,23.148434],[121.399443,23.148976],[121.400377,23.150686],[121.401641,23.151091],[121.402525,23.15085],[121.403077,23.151299],[121.405001,23.154112],[121.405198,23.156096],[121.406584,23.158856],[121.407585,23.162285],[121.407754,23.166836],[121.406818,23.170282],[121.405034,23.171235],[121.403856,23.171068],[121.402936,23.171819],[121.402696,23.174222],[121.403943,23.176494],[121.403889,23.178087],[121.402682,23.179999],[121.399953,23.182179],[121.398367,23.185707],[121.397803,23.188423],[121.397484,23.19286],[121.396458,23.195878],[121.396109,23.199205],[121.397021,23.205116],[121.398133,23.207966],[121.400182,23.208722],[121.402819,23.212248],[121.404923,23.213104],[121.406771,23.213263],[121.407899,23.212853],[121.408046,23.213398],[121.408701,23.213036],[121.409318,23.214025],[121.410037,23.213542],[121.410111,23.214163],[121.409675,23.214395],[121.410287,23.214398],[121.410152,23.214877],[121.411171,23.215113],[121.411167,23.215615],[121.41266,23.216873],[121.41444,23.219715],[121.415045,23.219934],[121.415169,23.220503],[121.416585,23.221748],[121.416585,23.221238],[121.416746,23.221416],[121.417182,23.22207],[121.416949,23.222413],[121.417389,23.222602],[121.41707,23.222614],[121.420388,23.22632],[121.420666,23.227047],[121.420331,23.227706],[121.418712,23.228314],[121.416054,23.227465],[121.415731,23.227881],[121.415127,23.230204],[121.414897,23.234928],[121.416912,23.238617],[121.417219,23.240175],[121.417049,23.241577],[121.419002,23.245308],[121.418696,23.246925],[121.419026,23.247987],[121.42081,23.250048],[121.421124,23.253453],[121.420816,23.257622],[121.421933,23.258623],[121.422709,23.261877],[121.423664,23.263017],[121.424056,23.264251],[121.426072,23.264776],[121.427717,23.266687],[121.427773,23.268049],[121.427075,23.269126],[121.427442,23.27266],[121.429742,23.281434],[121.43132,23.285065],[121.431921,23.285283],[121.43287,23.288131],[121.433472,23.288476],[121.43407,23.287897],[121.434321,23.288231],[121.434274,23.288877],[121.436189,23.292461],[121.438247,23.29414],[121.439183,23.296861],[121.4406,23.297745],[121.441673,23.297165],[121.442015,23.298272],[121.441484,23.299866],[121.44242,23.302495],[121.443464,23.303923],[121.445265,23.304137],[121.447096,23.30532],[121.447739,23.306691],[121.44701,23.308887],[121.447454,23.309318],[121.454045,23.313508],[121.457659,23.313759],[121.458521,23.31356],[121.460493,23.311834],[121.460749,23.312058],[121.460342,23.312614],[121.460689,23.312905],[121.461566,23.312974],[121.462026,23.312539],[121.462389,23.31281],[121.462914,23.317794],[121.46573,23.322006],[121.46574,23.325478],[121.466203,23.32872],[121.46775,23.331941],[121.468068,23.334429],[121.467714,23.337417],[121.46764,23.345618],[121.468585,23.348493],[121.472205,23.352431],[121.471908,23.352957],[121.47186,23.355754],[121.470804,23.35668],[121.47168,23.359628],[121.473161,23.36148],[121.473581,23.363298],[121.473426,23.36575],[121.472205,23.369671],[121.472209,23.371538],[121.473887,23.378079],[121.474004,23.380414],[121.474932,23.384996],[121.474856,23.386625],[121.475296,23.387626],[121.476653,23.389093],[121.477092,23.393273],[121.477991,23.395286],[121.479109,23.396154],[121.480811,23.39647],[121.482036,23.397281],[121.482072,23.397928],[121.481633,23.398433],[121.481727,23.399629],[121.482204,23.400133],[121.481704,23.400639],[121.481807,23.402117],[121.482812,23.403665],[121.484016,23.404129],[121.483535,23.404646],[121.483391,23.405524],[121.484083,23.410739],[121.485099,23.412485],[121.486237,23.412893],[121.486198,23.41384],[121.487343,23.417078],[121.488041,23.417823],[121.487865,23.418468],[121.489233,23.423325],[121.489706,23.424273],[121.492492,23.426841],[121.495479,23.432741],[121.496092,23.434826],[121.494144,23.435333],[121.493755,23.434865],[121.491951,23.434444],[121.491123,23.435277],[121.490501,23.435261],[121.48881,23.434045],[121.487034,23.43361],[121.486207,23.432484],[121.485516,23.432364],[121.48459,23.430882],[121.483724,23.430345],[121.482468,23.430167],[121.479799,23.431182],[121.477585,23.434858],[121.475115,23.437409],[121.474346,23.439474],[121.473308,23.440622],[121.470573,23.440774],[121.469562,23.440256],[121.467119,23.439805],[121.463917,23.439548],[121.463442,23.438868],[121.462036,23.439554],[121.461584,23.441537],[121.457098,23.442213],[121.455171,23.441166],[121.454424,23.441143],[121.452347,23.441752],[121.451012,23.443163],[121.448339,23.442911],[121.447169,23.443809]]]]}},{"type":"Feature","id":"10015","properties":{"CountyID":"U","CountyCode":"10015","NameZh":"花蓮縣","NameEn":"Hualien County"},"geometry":{"type":"Polygon","coordinates":[[[121.631756,24.369428],[121.631731,24.370181],[121.630952,24.370549],[121.628572,24.369522],[121.625886,24.369116],[121.623555,24.367347],[121.621715,24.366627],[121.621485,24.365242],[121.620655,24.364271],[121.620378,24.363209],[121.620758,24.362548],[121.623569,24.362341],[121.62339,24.361606],[121.621517,24.359907],[121.621202,24.358114],[121.622284,24.35668],[121.626771,24.35433],[121.627277,24.351676],[121.626852,24.349531],[121.629446,24.349444],[121.630464,24.348217],[121.63223,24.349216],[121.633237,24.34917],[121.634937,24.348508],[121.635522,24.347618],[121.635926,24.34611],[121.635297,24.344815],[121.634008,24.344378],[121.631819,24.344471],[121.631373,24.343982],[121.631574,24.342296],[121.632379,24.341569],[121.632976,24.339898],[121.632651,24.33747],[121.633165,24.335675],[121.632804,24.334747],[121.630019,24.333599],[121.628638,24.333694],[121.627795,24.334851],[121.62669,24.335626],[121.626658,24.336276],[121.628084,24.338708],[121.62748,24.341119],[121.625462,24.339969],[121.622785,24.339473],[121.621406,24.342273],[121.620625,24.344872],[121.620287,24.345334],[121.619214,24.345482],[121.618638,24.345328],[121.617849,24.344224],[121.616578,24.34068],[121.616139,24.338134],[121.616323,24.337036],[121.618127,24.336396],[121.618662,24.335743],[121.618588,24.334626],[121.617537,24.333646],[121.61523,24.333303],[121.613162,24.335552],[121.612207,24.335888],[121.611149,24.336006],[121.609357,24.33533],[121.607917,24.335416],[121.607404,24.334931],[121.606544,24.332727],[121.606251,24.330947],[121.60646,24.330057],[121.604473,24.329009],[121.603058,24.329306],[121.60072,24.330863],[121.59923,24.333525],[121.596978,24.333467],[121.595752,24.331623],[121.595875,24.329514],[121.596571,24.328139],[121.598632,24.326538],[121.598876,24.325278],[121.601327,24.323285],[121.601098,24.320581],[121.604641,24.31827],[121.605227,24.317282],[121.605147,24.315408],[121.606656,24.313693],[121.607023,24.312637],[121.606599,24.310686],[121.605747,24.309423],[121.603137,24.313168],[121.601918,24.314148],[121.600719,24.314943],[121.597192,24.316294],[121.593761,24.316413],[121.592746,24.31567],[121.590835,24.314946],[121.589489,24.313802],[121.588454,24.315347],[121.587515,24.316062],[121.584256,24.316686],[121.58236,24.317804],[121.578842,24.318034],[121.577226,24.319203],[121.575855,24.31967],[121.573651,24.319392],[121.571848,24.318193],[121.5699,24.317942],[121.568834,24.318136],[121.567674,24.319182],[121.566373,24.319184],[121.56333,24.322235],[121.560085,24.322635],[121.559489,24.323154],[121.557743,24.325996],[121.557027,24.329502],[121.556079,24.331154],[121.552069,24.333277],[121.548423,24.336343],[121.544989,24.337768],[121.542618,24.337155],[121.540535,24.335912],[121.538455,24.336126],[121.535716,24.337367],[121.533272,24.337055],[121.530552,24.338758],[121.528428,24.338848],[121.527755,24.339152],[121.525145,24.342473],[121.522159,24.343022],[121.520442,24.342592],[121.517994,24.341005],[121.51715,24.341054],[121.515435,24.341815],[121.513567,24.340814],[121.50968,24.341201],[121.508861,24.341723],[121.507929,24.3432],[121.504383,24.342934],[121.501344,24.34114],[121.499786,24.339525],[121.498121,24.339234],[121.494258,24.340828],[121.492238,24.34209],[121.490634,24.344189],[121.487441,24.346057],[121.486654,24.347324],[121.485368,24.348456],[121.481113,24.349076],[121.48071,24.350163],[121.478875,24.351876],[121.475263,24.351265],[121.472995,24.352689],[121.465401,24.355306],[121.463414,24.357032],[121.460923,24.358109],[121.454292,24.363636],[121.452012,24.36468],[121.44977,24.363493],[121.448107,24.362096],[121.44727,24.359545],[121.446057,24.359592],[121.441575,24.358593],[121.440593,24.356947],[121.439937,24.354515],[121.437794,24.352052],[121.43646,24.348436],[121.435632,24.347579],[121.436248,24.345212],[121.437775,24.342218],[121.435612,24.340265],[121.434306,24.33827],[121.433467,24.335785],[121.432481,24.329864],[121.433371,24.326815],[121.434492,24.325576],[121.434948,24.322562],[121.434605,24.321775],[121.433749,24.321023],[121.431643,24.320483],[121.428495,24.317359],[121.426098,24.31397],[121.423234,24.308216],[121.422014,24.307534],[121.419281,24.307858],[121.416886,24.309174],[121.415578,24.308491],[121.411435,24.307264],[121.405103,24.308252],[121.404737,24.307482],[121.404862,24.303981],[121.403242,24.297968],[121.403455,24.296883],[121.402403,24.295605],[121.399976,24.293687],[121.397226,24.290527],[121.396584,24.288738],[121.395406,24.288135],[121.393517,24.288232],[121.39084,24.289744],[121.389631,24.287256],[121.387243,24.284706],[121.385578,24.283363],[121.382302,24.281622],[121.380546,24.279756],[121.382163,24.276176],[121.38327,24.267979],[121.38566,24.264155],[121.385205,24.261834],[121.385804,24.25805],[121.385058,24.254988],[121.383803,24.254951],[121.378425,24.252815],[121.372824,24.254143],[121.371559,24.253159],[121.369898,24.252543],[121.367024,24.252174],[121.364423,24.247273],[121.360669,24.243943],[121.358542,24.243602],[121.355991,24.244627],[121.352526,24.24376],[121.353223,24.238926],[121.352963,24.236377],[121.352333,24.234632],[121.351743,24.233795],[121.349178,24.231806],[121.348403,24.229987],[121.34302,24.223554],[121.343326,24.222134],[121.34627,24.216586],[121.347866,24.21258],[121.349378,24.210438],[121.349321,24.209305],[121.348333,24.20719],[121.34931,24.203726],[121.349701,24.200769],[121.349438,24.199775],[121.348765,24.199512],[121.347102,24.199977],[121.345086,24.199953],[121.343756,24.199144],[121.34086,24.19846],[121.338252,24.199244],[121.335811,24.19911],[121.333945,24.198307],[121.330698,24.197763],[121.328248,24.196465],[121.32562,24.196125],[121.324178,24.194675],[121.322711,24.19171],[121.319916,24.191236],[121.318645,24.18925],[121.317367,24.188109],[121.315787,24.185172],[121.31103,24.183249],[121.30708,24.180332],[121.305648,24.180047],[121.298788,24.180092],[121.296445,24.178325],[121.29299,24.177202],[121.287182,24.177704],[121.286204,24.177361],[121.286217,24.17603],[121.287836,24.172458],[121.288296,24.166556],[121.287935,24.161658],[121.288395,24.158095],[121.2878,24.15721],[121.286726,24.157076],[121.285364,24.157141],[121.281978,24.158194],[121.280335,24.157866],[121.28103,24.154493],[121.283225,24.153837],[121.284504,24.152841],[121.28468,24.152289],[121.284222,24.145851],[121.283624,24.143318],[121.282206,24.140101],[121.281808,24.136835],[121.281369,24.135873],[121.284809,24.134714],[121.295864,24.132443],[121.296689,24.131136],[121.298442,24.130406],[121.299825,24.129211],[121.30164,24.127296],[121.303542,24.124579],[121.305273,24.123475],[121.307992,24.122417],[121.311626,24.12019],[121.314108,24.118336],[121.315662,24.116494],[121.319679,24.116561],[121.323432,24.115941],[121.324997,24.116083],[121.327127,24.114743],[121.328495,24.114409],[121.328166,24.111645],[121.326931,24.110261],[121.326288,24.1083],[121.326472,24.106001],[121.325816,24.104193],[121.325658,24.102463],[121.3243,24.100863],[121.322332,24.099488],[121.318948,24.09501],[121.319189,24.092767],[121.321148,24.088872],[121.323297,24.086544],[121.323132,24.084941],[121.317932,24.079699],[121.314221,24.077646],[121.311954,24.075651],[121.310246,24.074958],[121.308192,24.073307],[121.306438,24.070872],[121.30606,24.069504],[121.302329,24.066349],[121.301396,24.06504],[121.300835,24.0633],[121.299888,24.062174],[121.298636,24.06169],[121.295544,24.06378],[121.293548,24.061692],[121.290519,24.060342],[121.289426,24.058891],[121.288146,24.058903],[121.286473,24.057959],[121.28482,24.055331],[121.283707,24.05495],[121.283208,24.054267],[121.282612,24.051278],[121.284977,24.04857],[121.284915,24.046666],[121.285627,24.044948],[121.285661,24.039533],[121.282434,24.034688],[121.281856,24.032146],[121.280182,24.030601],[121.278656,24.026821],[121.27661,24.024615],[121.276316,24.020152],[121.273959,24.016278],[121.273791,24.015169],[121.271787,24.013118],[121.271379,24.011382],[121.270314,24.010015],[121.270257,24.00912],[121.269565,24.008012],[121.270051,24.006711],[121.269421,24.006345],[121.267094,24.002606],[121.265575,24.001248],[121.264936,23.999357],[121.261252,23.994462],[121.260043,23.992078],[121.259951,23.990237],[121.261141,23.987229],[121.261427,23.981798],[121.263199,23.978706],[121.26423,23.97598],[121.265119,23.97532],[121.273567,23.975252],[121.27508,23.971874],[121.275617,23.968359],[121.277954,23.96558],[121.276259,23.963406],[121.275173,23.960101],[121.275179,23.9582],[121.275817,23.955865],[121.274705,23.951446],[121.271752,23.948505],[121.272851,23.946621],[121.274334,23.94564],[121.273526,23.944143],[121.273963,23.941585],[121.273143,23.93964],[121.272057,23.938345],[121.273857,23.93622],[121.273749,23.933748],[121.27485,23.931542],[121.274786,23.930376],[121.273675,23.929257],[121.273408,23.92849],[121.275237,23.924775],[121.276314,23.923939],[121.276515,23.923163],[121.275068,23.918584],[121.275244,23.917427],[121.276295,23.916221],[121.275436,23.914696],[121.27538,23.912055],[121.276078,23.909864],[121.274902,23.907535],[121.274453,23.907318],[121.270433,23.906497],[121.266271,23.907266],[121.265262,23.905933],[121.262716,23.904334],[121.261062,23.902602],[121.262699,23.900143],[121.26244,23.89908],[121.266536,23.898411],[121.265178,23.896719],[121.266044,23.894197],[121.265475,23.892408],[121.265508,23.891242],[121.267413,23.889],[121.267583,23.886045],[121.268359,23.884946],[121.268451,23.883753],[121.268094,23.883358],[121.265318,23.883031],[121.263372,23.881224],[121.262927,23.8795],[121.263376,23.877923],[121.264209,23.876625],[121.26447,23.874783],[121.265252,23.872905],[121.261674,23.872284],[121.260074,23.872668],[121.258151,23.87251],[121.256939,23.869456],[121.255193,23.868571],[121.253176,23.868085],[121.252665,23.865361],[121.252921,23.862955],[121.252143,23.861302],[121.250498,23.860969],[121.249967,23.85982],[121.250216,23.856779],[121.249482,23.854562],[121.248684,23.853657],[121.248924,23.852132],[121.247351,23.85068],[121.245878,23.850016],[121.244518,23.848913],[121.243826,23.847535],[121.244063,23.846236],[121.243481,23.844985],[121.239423,23.840423],[121.239126,23.836354],[121.237731,23.832493],[121.238113,23.829625],[121.236677,23.825213],[121.237147,23.823512],[121.239134,23.821863],[121.237873,23.821383],[121.236118,23.819078],[121.234773,23.817943],[121.23446,23.812],[121.232127,23.810364],[121.230329,23.81016],[121.229256,23.808833],[121.227541,23.808538],[121.22791,23.805335],[121.226578,23.804579],[121.226055,23.802278],[121.225507,23.798235],[121.226578,23.79609],[121.226367,23.793652],[121.226621,23.792444],[121.227273,23.791094],[121.230332,23.790278],[121.230616,23.789462],[121.230401,23.787967],[121.228346,23.785223],[121.226293,23.783674],[121.223654,23.782397],[121.220651,23.781742],[121.219545,23.781796],[121.218421,23.779835],[121.212966,23.776908],[121.212191,23.775686],[121.208676,23.77593],[121.206973,23.775103],[121.206762,23.773744],[121.206006,23.772649],[121.204651,23.772399],[121.206747,23.76724],[121.20867,23.765846],[121.208104,23.764485],[121.206483,23.762637],[121.210967,23.761112],[121.213402,23.75747],[121.217295,23.757008],[121.218645,23.756384],[121.220004,23.754207],[121.221398,23.752756],[121.223212,23.752684],[121.225082,23.751786],[121.226898,23.752083],[121.228434,23.751859],[121.229306,23.752269],[121.230656,23.750995],[121.232516,23.750601],[121.233322,23.7482],[121.230076,23.747184],[121.228815,23.744284],[121.228918,23.73988],[121.228431,23.736137],[121.228577,23.735084],[121.229764,23.732892],[121.229949,23.731419],[121.229639,23.730191],[121.230993,23.730123],[121.232267,23.729531],[121.233106,23.730129],[121.233573,23.72783],[121.235767,23.724638],[121.236956,23.724255],[121.239341,23.724375],[121.239463,23.724154],[121.238807,23.723151],[121.237785,23.72007],[121.239519,23.716279],[121.23956,23.715418],[121.238848,23.713515],[121.239266,23.710964],[121.239788,23.710136],[121.240915,23.709504],[121.241208,23.708733],[121.240985,23.7051],[121.239354,23.699781],[121.241212,23.698464],[121.240059,23.696783],[121.23937,23.694686],[121.239432,23.686973],[121.237521,23.685292],[121.236,23.682342],[121.234279,23.680959],[121.232404,23.677041],[121.233067,23.675614],[121.234783,23.673588],[121.235955,23.670772],[121.235839,23.662521],[121.235199,23.661113],[121.234161,23.660509],[121.231927,23.657879],[121.231594,23.654936],[121.230687,23.653546],[121.231228,23.651562],[121.230456,23.65019],[121.230249,23.647987],[121.227848,23.645382],[121.225425,23.640555],[121.224119,23.638855],[121.22401,23.632931],[121.22499,23.628771],[121.223799,23.623583],[121.221388,23.620223],[121.219955,23.616927],[121.217323,23.614697],[121.215944,23.607268],[121.214508,23.604914],[121.21341,23.60037],[121.21002,23.598631],[121.208125,23.598242],[121.20658,23.595866],[121.202763,23.59611],[121.201728,23.596787],[121.200125,23.596402],[121.194173,23.6006],[121.190301,23.597189],[121.189409,23.594812],[121.183474,23.593164],[121.182044,23.590943],[121.180611,23.590078],[121.17973,23.590032],[121.180006,23.587458],[121.179097,23.585185],[121.178827,23.583122],[121.178044,23.582637],[121.176879,23.582693],[121.175012,23.58382],[121.171396,23.584142],[121.16987,23.586318],[121.166746,23.587142],[121.160509,23.587035],[121.15959,23.586263],[121.15819,23.585731],[121.156587,23.586272],[121.15557,23.587051],[121.153392,23.586778],[121.152395,23.584108],[121.152018,23.581657],[121.152201,23.577905],[121.151883,23.574384],[121.15215,23.573159],[121.153602,23.571532],[121.155113,23.570863],[121.157149,23.570489],[121.158417,23.569801],[121.160352,23.569764],[121.160341,23.567828],[121.158017,23.564049],[121.157638,23.560891],[121.157143,23.559556],[121.155333,23.560026],[121.153345,23.55989],[121.151877,23.560474],[121.151188,23.559856],[121.149953,23.557349],[121.14803,23.556576],[121.146117,23.55437],[121.148053,23.552402],[121.15106,23.545175],[121.151043,23.544369],[121.150099,23.543216],[121.148446,23.539529],[121.148083,23.53567],[121.146876,23.534106],[121.149511,23.531002],[121.150756,23.528812],[121.151099,23.527046],[121.150758,23.526534],[121.149502,23.527068],[121.147903,23.526863],[121.147171,23.527246],[121.144399,23.525595],[121.142951,23.524005],[121.138335,23.520592],[121.136644,23.518023],[121.135262,23.514961],[121.132924,23.514833],[121.132255,23.515106],[121.131128,23.517485],[121.128789,23.518498],[121.128267,23.518486],[121.126351,23.517047],[121.120452,23.520995],[121.117698,23.521643],[121.116584,23.521369],[121.115488,23.520234],[121.110799,23.519061],[121.107037,23.519461],[121.10579,23.519024],[121.103674,23.51893],[121.102223,23.519685],[121.101023,23.521245],[121.09914,23.521242],[121.097363,23.521646],[121.093268,23.517779],[121.091851,23.514517],[121.090463,23.514587],[121.088105,23.514046],[121.083074,23.514631],[121.079976,23.515572],[121.078674,23.516417],[121.075377,23.517333],[121.073205,23.517457],[121.068458,23.518447],[121.06876,23.514767],[121.067924,23.511955],[121.066099,23.507967],[121.066138,23.50631],[121.063785,23.50474],[121.062981,23.503837],[121.062879,23.501546],[121.062167,23.499536],[121.05844,23.497385],[121.057245,23.496188],[121.055102,23.496128],[121.054097,23.495603],[121.052799,23.493677],[121.05412,23.490115],[121.053612,23.487829],[121.052618,23.487132],[121.050117,23.48653],[121.048553,23.482415],[121.047353,23.482176],[121.046923,23.4814],[121.04497,23.48054],[121.043088,23.478048],[121.03943,23.474913],[121.038896,23.474083],[121.039515,23.473164],[121.042603,23.471876],[121.044411,23.470122],[121.049652,23.467833],[121.051307,23.46431],[121.054119,23.463755],[121.055661,23.462694],[121.058928,23.461942],[121.058351,23.460275],[121.055912,23.459279],[121.054528,23.457379],[121.053241,23.455439],[121.053273,23.45321],[121.051817,23.450802],[121.046465,23.450872],[121.043964,23.448957],[121.039701,23.447859],[121.037541,23.446457],[121.035144,23.446122],[121.033649,23.445507],[121.033762,23.444177],[121.033142,23.443323],[121.031422,23.442212],[121.02866,23.441608],[121.026519,23.439153],[121.022034,23.438997],[121.021298,23.43782],[121.019576,23.436431],[121.018514,23.435951],[121.015008,23.435322],[121.014284,23.434798],[121.013916,23.433775],[121.012933,23.433241],[121.014155,23.430934],[121.01659,23.430966],[121.017312,23.430467],[121.018998,23.430329],[121.019842,23.429656],[121.020937,23.42951],[121.022346,23.427355],[121.02253,23.424902],[121.025801,23.424216],[121.027409,23.423183],[121.029031,23.422947],[121.029342,23.422631],[121.029383,23.420236],[121.028393,23.418534],[121.027741,23.416253],[121.026612,23.415242],[121.024911,23.414603],[121.02708,23.41278],[121.026865,23.411843],[121.027411,23.409412],[121.026652,23.406042],[121.028128,23.404525],[121.028346,23.403763],[121.027056,23.402999],[121.025833,23.402859],[121.023548,23.400861],[121.021746,23.399968],[121.021153,23.400797],[121.019242,23.401517],[121.015648,23.397272],[121.014643,23.396583],[121.011738,23.39591],[121.010463,23.395098],[121.008789,23.395546],[121.008034,23.396601],[121.006434,23.396556],[121.005001,23.396017],[121.003211,23.394788],[121.001133,23.391745],[121.004073,23.38864],[121.006485,23.387708],[121.007386,23.387032],[121.007803,23.386333],[121.007718,23.384665],[121.006948,23.384007],[121.00531,23.383391],[121.002038,23.382899],[120.999867,23.382208],[120.999333,23.381138],[120.997608,23.379966],[120.993887,23.375939],[120.991549,23.371744],[120.990084,23.370914],[120.988111,23.370676],[120.987782,23.370055],[120.986565,23.363425],[120.987095,23.358731],[120.988986,23.358261],[120.991197,23.357183],[120.992232,23.35717],[120.994663,23.356371],[120.99883,23.356753],[121.000057,23.356521],[121.002484,23.355253],[121.007574,23.352025],[121.008074,23.350644],[121.007474,23.349703],[121.007647,23.348952],[121.008835,23.347103],[121.010404,23.345814],[121.015194,23.346341],[121.017727,23.348304],[121.018105,23.350126],[121.020046,23.350383],[121.022364,23.348127],[121.022393,23.346086],[121.02432,23.340729],[121.024746,23.339863],[121.026997,23.337623],[121.028224,23.337188],[121.030914,23.337028],[121.032521,23.334069],[121.035713,23.333751],[121.037041,23.333024],[121.037902,23.332097],[121.03942,23.329135],[121.041675,23.328035],[121.044978,23.327781],[121.048781,23.325307],[121.049031,23.324483],[121.048779,23.322906],[121.04716,23.320008],[121.047839,23.316872],[121.048044,23.313781],[121.046682,23.31146],[121.046282,23.308678],[121.044559,23.307595],[121.041971,23.307185],[121.036429,23.303802],[121.034275,23.304209],[121.032075,23.303789],[121.031914,23.301752],[121.031365,23.300433],[121.0299,23.298366],[121.028324,23.297122],[121.032187,23.29835],[121.03447,23.299734],[121.036732,23.299848],[121.038901,23.300653],[121.039936,23.299783],[121.041554,23.297453],[121.043066,23.296311],[121.045854,23.29575],[121.048163,23.29474],[121.052163,23.291698],[121.053399,23.291188],[121.054732,23.291134],[121.056315,23.290299],[121.057267,23.287609],[121.059449,23.286148],[121.059902,23.283313],[121.062068,23.279408],[121.061719,23.278226],[121.060671,23.276745],[121.060963,23.273879],[121.060721,23.273031],[121.061808,23.271859],[121.061466,23.270976],[121.061936,23.269476],[121.062891,23.26888],[121.061846,23.268016],[121.062417,23.26584],[121.064189,23.263085],[121.064836,23.261187],[121.064538,23.260718],[121.065036,23.259304],[121.06568,23.258978],[121.065858,23.257546],[121.067448,23.256767],[121.069225,23.255175],[121.070098,23.252307],[121.069865,23.249322],[121.071025,23.24685],[121.071889,23.245823],[121.074013,23.244413],[121.075899,23.241795],[121.077317,23.238782],[121.078452,23.237583],[121.077951,23.234414],[121.078395,23.233405],[121.079353,23.23265],[121.080987,23.233791],[121.083636,23.232964],[121.08654,23.233853],[121.088295,23.233595],[121.09311,23.233726],[121.094059,23.232924],[121.09638,23.229649],[121.098855,23.228061],[121.100894,23.227625],[121.101791,23.227092],[121.103626,23.226963],[121.106088,23.223953],[121.108884,23.223518],[121.114686,23.224958],[121.119485,23.224543],[121.120886,23.225042],[121.123399,23.225081],[121.125526,23.22489],[121.129395,23.223298],[121.131513,23.219532],[121.132394,23.215489],[121.134519,23.211256],[121.137503,23.208924],[121.138094,23.20809],[121.139364,23.201915],[121.140325,23.201337],[121.142759,23.20079],[121.14492,23.199722],[121.147352,23.199007],[121.150056,23.198561],[121.154702,23.199148],[121.156088,23.20023],[121.158323,23.203333],[121.16091,23.205964],[121.163668,23.206378],[121.16506,23.207116],[121.16743,23.207238],[121.168665,23.207647],[121.169902,23.207067],[121.175628,23.210187],[121.17936,23.208643],[121.180899,23.207154],[121.184395,23.204913],[121.18645,23.204774],[121.187368,23.204138],[121.189504,23.203717],[121.191032,23.202104],[121.191998,23.197921],[121.194429,23.192508],[121.198255,23.188442],[121.197957,23.185553],[121.199222,23.182048],[121.199311,23.17954],[121.199772,23.178288],[121.19917,23.175092],[121.200126,23.17414],[121.203098,23.169467],[121.205682,23.16687],[121.205592,23.164582],[121.20649,23.162806],[121.210299,23.159896],[121.211203,23.157289],[121.212488,23.154934],[121.211754,23.153674],[121.210641,23.14806],[121.212008,23.145443],[121.211951,23.144232],[121.214558,23.143903],[121.219266,23.142339],[121.224888,23.139878],[121.229087,23.139665],[121.230929,23.13925],[121.233213,23.136644],[121.234639,23.133389],[121.237722,23.130207],[121.238455,23.128738],[121.240115,23.128678],[121.242312,23.128024],[121.245209,23.128407],[121.24678,23.129326],[121.248303,23.129586],[121.249206,23.131521],[121.2576,23.126117],[121.258134,23.125442],[121.258223,23.12443],[121.259014,23.123457],[121.259567,23.121016],[121.261748,23.119155],[121.264258,23.117661],[121.264202,23.115548],[121.264465,23.115157],[121.267267,23.114093],[121.267668,23.112184],[121.267372,23.109339],[121.26618,23.106725],[121.264317,23.103922],[121.269444,23.102049],[121.270741,23.101189],[121.272542,23.097801],[121.273599,23.098393],[121.274708,23.098513],[121.278307,23.100825],[121.280865,23.104033],[121.283028,23.103867],[121.28441,23.10657],[121.285823,23.106947],[121.287326,23.106711],[121.288773,23.107734],[121.289849,23.108002],[121.29142,23.109369],[121.293978,23.109888],[121.295913,23.109829],[121.297047,23.10931],[121.297917,23.109953],[121.299979,23.109264],[121.300319,23.109741],[121.301315,23.109821],[121.303063,23.111088],[121.305222,23.111286],[121.312403,23.110953],[121.314845,23.110383],[121.315803,23.109743],[121.315955,23.110471],[121.31962,23.113655],[121.321967,23.117171],[121.321866,23.118213],[121.322576,23.119972],[121.322321,23.121673],[121.322941,23.123772],[121.321532,23.12929],[121.322133,23.132094],[121.320523,23.136143],[121.320367,23.137926],[121.322052,23.139619],[121.322777,23.142112],[121.323811,23.143299],[121.323334,23.14474],[121.324474,23.146592],[121.324396,23.148979],[121.327202,23.152193],[121.324601,23.154686],[121.322032,23.155348],[121.322164,23.156804],[121.321366,23.159136],[121.320304,23.160037],[121.317406,23.164581],[121.317344,23.165163],[121.318516,23.168079],[121.321859,23.169395],[121.322214,23.173233],[121.323032,23.173553],[121.323149,23.174206],[121.32393,23.174791],[121.323958,23.178132],[121.3233,23.178735],[121.325509,23.179256],[121.328367,23.179292],[121.329741,23.180371],[121.331238,23.178878],[121.332449,23.178946],[121.333119,23.178064],[121.334931,23.177933],[121.335414,23.179424],[121.335313,23.181302],[121.336794,23.182474],[121.336366,23.183817],[121.337007,23.184896],[121.337866,23.185326],[121.337581,23.188392],[121.338292,23.189607],[121.338258,23.19069],[121.339123,23.191616],[121.339053,23.192371],[121.339699,23.193748],[121.341156,23.194679],[121.342146,23.195809],[121.342385,23.197487],[121.34323,23.198703],[121.342928,23.200019],[121.343621,23.200734],[121.34335,23.202176],[121.344286,23.205759],[121.34533,23.208262],[121.346914,23.209273],[121.34677,23.211075],[121.34612,23.2116],[121.345689,23.213566],[121.346072,23.215335],[121.346602,23.216159],[121.346459,23.217099],[121.348447,23.217181],[121.349967,23.217886],[121.351573,23.220181],[121.353282,23.220012],[121.354688,23.221839],[121.35716,23.223715],[121.355849,23.223959],[121.354378,23.225525],[121.354214,23.228584],[121.353176,23.229133],[121.35262,23.23026],[121.352599,23.231305],[121.353461,23.233373],[121.354964,23.234602],[121.35766,23.23794],[121.357823,23.240562],[121.359708,23.242305],[121.360898,23.244352],[121.361536,23.246905],[121.360823,23.248204],[121.359365,23.249006],[121.358944,23.249661],[121.359401,23.25269],[121.36149,23.253657],[121.362804,23.256654],[121.363613,23.257646],[121.364457,23.25804],[121.365857,23.258034],[121.366109,23.25907],[121.366926,23.260243],[121.370561,23.262219],[121.371158,23.263281],[121.371673,23.266972],[121.372333,23.267826],[121.374084,23.269071],[121.377917,23.26962],[121.377683,23.271145],[121.378478,23.273156],[121.378604,23.274512],[121.378242,23.277554],[121.376857,23.281824],[121.377315,23.287475],[121.377106,23.288428],[121.376493,23.289076],[121.377162,23.291349],[121.376282,23.295659],[121.378027,23.298588],[121.377855,23.30094],[121.380351,23.304187],[121.382086,23.305443],[121.383793,23.308126],[121.385567,23.308899],[121.387846,23.310641],[121.387939,23.311983],[121.389067,23.313573],[121.388975,23.314682],[121.39011,23.315896],[121.390248,23.320624],[121.392135,23.321706],[121.397734,23.321686],[121.399333,23.323077],[121.399938,23.323184],[121.399606,23.326588],[121.400596,23.328384],[121.401081,23.331345],[121.401857,23.332636],[121.402078,23.333901],[121.403844,23.337208],[121.406428,23.33956],[121.406882,23.341407],[121.40837,23.342722],[121.409711,23.345898],[121.411411,23.34681],[121.41402,23.347454],[121.414838,23.348364],[121.41668,23.349315],[121.416818,23.349992],[121.418346,23.352186],[121.42199,23.354778],[121.422529,23.355701],[121.422877,23.359992],[121.417906,23.360588],[121.41725,23.36167],[121.415958,23.361745],[121.413188,23.363847],[121.411041,23.364287],[121.410098,23.364899],[121.407571,23.364638],[121.40612,23.365517],[121.404365,23.367352],[121.404846,23.369142],[121.403894,23.372198],[121.403626,23.375813],[121.402638,23.378304],[121.402643,23.379058],[121.401636,23.380513],[121.399922,23.385604],[121.400087,23.386681],[121.401158,23.388468],[121.403614,23.389412],[121.403707,23.390408],[121.406751,23.393598],[121.407811,23.395853],[121.409456,23.397346],[121.411741,23.401698],[121.412488,23.402355],[121.413204,23.405222],[121.415681,23.408191],[121.416258,23.410059],[121.417582,23.411963],[121.417213,23.412577],[121.418485,23.413869],[121.418356,23.4157],[121.419969,23.4169],[121.419572,23.419415],[121.420218,23.420582],[121.42293,23.423015],[121.425723,23.42486],[121.42533,23.425404],[121.425464,23.426018],[121.428769,23.429297],[121.433134,23.43174],[121.4334,23.432866],[121.43438,23.433248],[121.436577,23.432887],[121.438256,23.43327],[121.439234,23.432608],[121.440641,23.433672],[121.442089,23.436846],[121.444162,23.438639],[121.444302,23.440799],[121.445602,23.442941],[121.446042,23.443549],[121.447094,23.443797],[121.448339,23.442911],[121.451012,23.443163],[121.452347,23.441752],[121.454424,23.441143],[121.455171,23.441166],[121.457098,23.442213],[121.461584,23.441537],[121.462036,23.439554],[121.463442,23.438868],[121.463917,23.439548],[121.467119,23.439805],[121.469562,23.440256],[121.470573,23.440774],[121.473308,23.440622],[121.474346,23.439474],[121.475115,23.437409],[121.477585,23.434858],[121.479799,23.431182],[121.482468,23.430167],[121.483724,23.430345],[121.48459,23.430882],[121.485516,23.432364],[121.486207,23.432484],[121.487034,23.43361],[121.48881,23.434045],[121.490501,23.435261],[121.491123,23.435277],[121.491951,23.434444],[121.493755,23.434865],[121.494144,23.435333],[121.496092,23.434826],[121.497879,23.446769],[121.499382,23.452376],[121.499825,23.456157],[121.501714,23.45998],[121.503745,23.467612],[121.505454,23.470166],[121.506685,23.471173],[121.508094,23.471718],[121.509712,23.47944],[121.512236,23.481661],[121.512584,23.482446],[121.512851,23.486242],[121.513137,23.486761],[121.51395,23.487156],[121.513103,23.490568],[121.512449,23.491801],[121.511722,23.492249],[121.510169,23.492372],[121.509006,23.491977],[121.508094,23.491179],[121.507718,23.491236],[121.506257,23.50025],[121.506493,23.501799],[121.50611,23.503374],[121.506203,23.505233],[121.505986,23.505495],[121.505831,23.505086],[121.504969,23.505475],[121.505013,23.506823],[121.504411,23.507363],[121.504404,23.507594],[121.504808,23.507552],[121.504416,23.507771],[121.504415,23.508429],[121.505084,23.50868],[121.50473,23.508926],[121.505415,23.509734],[121.504934,23.51021],[121.505275,23.511199],[121.505713,23.511305],[121.50502,23.511836],[121.505027,23.514029],[121.504684,23.514127],[121.50487,23.514423],[121.504521,23.51467],[121.503566,23.517446],[121.50395,23.517912],[121.50347,23.519035],[121.503728,23.51989],[121.503465,23.520186],[121.504485,23.522482],[121.50537,23.529405],[121.508031,23.531504],[121.507905,23.533117],[121.506966,23.534657],[121.507254,23.535981],[121.508069,23.537151],[121.508599,23.541127],[121.509457,23.543412],[121.51134,23.551487],[121.513584,23.555481],[121.516891,23.560135],[121.518585,23.56346],[121.52007,23.565458],[121.522007,23.567065],[121.523085,23.571586],[121.526291,23.576389],[121.526649,23.578326],[121.525953,23.581368],[121.526114,23.582417],[121.530072,23.597168],[121.529469,23.597789],[121.530486,23.601814],[121.529982,23.60308],[121.529805,23.609072],[121.531047,23.618386],[121.531228,23.626475],[121.533525,23.634419],[121.535268,23.643663],[121.536586,23.647191],[121.537309,23.648552],[121.539893,23.651577],[121.542771,23.652563],[121.543395,23.653336],[121.543764,23.65601],[121.541983,23.658051],[121.540999,23.66053],[121.541743,23.6619],[121.54275,23.662511],[121.54351,23.66254],[121.545358,23.664572],[121.545324,23.668546],[121.54669,23.673099],[121.545881,23.675038],[121.546184,23.67524],[121.54725,23.679642],[121.549042,23.684046],[121.550472,23.689753],[121.550687,23.692445],[121.55166,23.693899],[121.5521,23.695781],[121.552957,23.696371],[121.552752,23.696798],[121.553364,23.698348],[121.552937,23.699388],[121.551295,23.699794],[121.550659,23.70045],[121.549858,23.702952],[121.549288,23.711776],[121.54989,23.716556],[121.551634,23.72021],[121.552241,23.722745],[121.553675,23.724405],[121.556102,23.725053],[121.556549,23.724799],[121.558923,23.728791],[121.559238,23.728617],[121.5602,23.729534],[121.560094,23.730791],[121.56118,23.732748],[121.561142,23.733344],[121.562401,23.735249],[121.563168,23.735777],[121.56385,23.739026],[121.565656,23.740437],[121.567016,23.742617],[121.567887,23.744783],[121.567469,23.746601],[121.568295,23.746867],[121.569811,23.749458],[121.570516,23.75232],[121.57177,23.754871],[121.571591,23.755838],[121.572452,23.756613],[121.573142,23.762353],[121.572083,23.762579],[121.57126,23.766134],[121.570809,23.782379],[121.571423,23.788463],[121.5721,23.791195],[121.572399,23.797934],[121.572852,23.800424],[121.573876,23.80424],[121.576528,23.810906],[121.581265,23.816001],[121.583402,23.819832],[121.585206,23.825907],[121.585433,23.828499],[121.587385,23.831137],[121.589591,23.837358],[121.591869,23.840578],[121.593918,23.844592],[121.594904,23.848545],[121.596592,23.852178],[121.597094,23.854874],[121.598237,23.857019],[121.599612,23.863725],[121.599808,23.867576],[121.600412,23.868643],[121.602546,23.877975],[121.602601,23.879886],[121.60497,23.893664],[121.605687,23.899408],[121.604893,23.904127],[121.604934,23.90817],[121.606022,23.915911],[121.606957,23.919399],[121.60787,23.920604],[121.609141,23.923615],[121.609504,23.928517],[121.609961,23.930367],[121.610804,23.931436],[121.611524,23.931798],[121.611872,23.933328],[121.610459,23.942038],[121.609062,23.946299],[121.60907,23.946959],[121.60981,23.948088],[121.607807,23.949317],[121.606908,23.952771],[121.607823,23.959899],[121.608961,23.962214],[121.613175,23.968088],[121.61584,23.973207],[121.619117,23.97624],[121.622191,23.977873],[121.624551,23.976236],[121.626605,23.97377],[121.628284,23.969473],[121.635003,23.979816],[121.634834,23.984635],[121.639561,23.995407],[121.641409,23.998972],[121.642122,23.999775],[121.642523,23.999581],[121.641368,23.997334],[121.643149,23.999595],[121.644487,24.003061],[121.647469,24.007035],[121.647917,24.008949],[121.645813,24.015048],[121.643673,24.019392],[121.636107,24.024197],[121.629885,24.031132],[121.624227,24.040986],[121.619192,24.052225],[121.618376,24.055818],[121.616511,24.061308],[121.615669,24.070257],[121.615927,24.077245],[121.617417,24.083568],[121.619313,24.088012],[121.619127,24.089582],[121.621007,24.093275],[121.622179,24.093757],[121.626413,24.100301],[121.628822,24.103201],[121.631723,24.105993],[121.635549,24.108733],[121.645149,24.113752],[121.650869,24.117564],[121.653735,24.119997],[121.655464,24.122105],[121.65826,24.126976],[121.662363,24.131859],[121.663758,24.134515],[121.665141,24.140519],[121.664215,24.155433],[121.662196,24.158842],[121.659973,24.163662],[121.659129,24.166434],[121.658479,24.171878],[121.658698,24.178837],[121.659083,24.181038],[121.66028,24.185767],[121.661966,24.189662],[121.663317,24.194141],[121.666055,24.19783],[121.667425,24.19856],[121.669181,24.2002],[121.672174,24.205788],[121.673948,24.207556],[121.67784,24.20893],[121.68373,24.212091],[121.684888,24.212239],[121.686358,24.213192],[121.689895,24.216489],[121.690596,24.216901],[121.691719,24.21697],[121.69628,24.22072],[121.697241,24.220883],[121.6992,24.222128],[121.70127,24.222682],[121.706133,24.225608],[121.711252,24.235983],[121.715593,24.241669],[121.716966,24.242776],[121.719391,24.243807],[121.720744,24.244001],[121.721882,24.243631],[121.722844,24.243714],[121.726751,24.245368],[121.728302,24.245702],[121.73007,24.24776],[121.731078,24.248072],[121.732286,24.249748],[121.735004,24.252149],[121.738178,24.255879],[121.740565,24.258019],[121.743069,24.259634],[121.744307,24.262003],[121.747307,24.27754],[121.748555,24.280787],[121.750576,24.284411],[121.753568,24.288238],[121.761228,24.295754],[121.769539,24.302698],[121.773007,24.308759],[121.773833,24.312407],[121.774065,24.315271],[121.772724,24.313629],[121.770849,24.313148],[121.765474,24.313356],[121.762377,24.313947],[121.759398,24.314107],[121.757475,24.315349],[121.755241,24.316272],[121.753172,24.317937],[121.750581,24.319202],[121.747751,24.321246],[121.744736,24.322853],[121.740058,24.323556],[121.73518,24.323074],[121.727791,24.325985],[121.723459,24.325479],[121.713535,24.326887],[121.7053,24.329567],[121.700006,24.332393],[121.697657,24.334111],[121.694983,24.334853],[121.693613,24.334853],[121.690099,24.333696],[121.688466,24.333619],[121.687357,24.334643],[121.686979,24.338749],[121.685581,24.340731],[121.683851,24.340733],[121.677014,24.337577],[121.675943,24.337464],[121.67484,24.337774],[121.673488,24.33998],[121.674069,24.342274],[121.673983,24.343396],[121.673086,24.343812],[121.670102,24.342815],[121.669109,24.3431],[121.667845,24.344643],[121.667539,24.34604],[121.666741,24.347246],[121.665664,24.348],[121.664839,24.348151],[121.663904,24.349173],[121.663129,24.352886],[121.66246,24.353174],[121.661374,24.353014],[121.661237,24.351794],[121.660012,24.351152],[121.658665,24.351282],[121.657455,24.352933],[121.656646,24.353255],[121.653514,24.352189],[121.653654,24.356109],[121.651937,24.357755],[121.651189,24.359406],[121.650479,24.359886],[121.649456,24.359657],[121.647853,24.357725],[121.648102,24.356527],[121.650032,24.354872],[121.650724,24.35093],[121.650303,24.349502],[121.649709,24.349193],[121.648756,24.349508],[121.646603,24.351911],[121.644717,24.352639],[121.642283,24.356085],[121.640475,24.357168],[121.640031,24.358259],[121.640366,24.359395],[121.638672,24.360919],[121.638337,24.362319],[121.637281,24.363144],[121.635028,24.363716],[121.634796,24.364356],[121.634999,24.366339],[121.634479,24.366609],[121.631957,24.365933],[121.630619,24.366421],[121.630561,24.367478],[121.631756,24.369428]]]}},{"type":"Feature","id":"10016","properties":{"CountyID":"X","CountyCode":"10016","NameZh":"澎湖縣","NameEn":"Penghu County"},"geometry":{"type":"MultiPolygon","coordinates":[[[[119.440261,23.221366],[119.43612,23.220583],[119.430148,23.220091],[119.428973,23.219568],[119.428496,23.219728],[119.428863,23.21939],[119.427745,23.219089],[119.426777,23.21934],[119.422764,23.218655],[119.42245,23.218988],[119.422437,23.218579],[119.421527,23.218442],[119.42112,23.217838],[119.419731,23.217424],[119.417702,23.217759],[119.417289,23.217374],[119.416605,23.217617],[119.414738,23.217308],[119.414736,23.21673],[119.415239,23.216578],[119.414494,23.215246],[119.41335,23.216289],[119.412662,23.216341],[119.413653,23.215842],[119.413211,23.215247],[119.413736,23.215776],[119.414237,23.215355],[119.412746,23.214178],[119.411831,23.214458],[119.412294,23.215737],[119.411696,23.214528],[119.41156,23.216111],[119.410755,23.21635],[119.410417,23.216825],[119.410196,23.215952],[119.409512,23.216286],[119.410088,23.214408],[119.410481,23.214087],[119.410352,23.213724],[119.40982,23.213933],[119.411399,23.211549],[119.412267,23.211777],[119.412549,23.211176],[119.412131,23.21098],[119.412813,23.210419],[119.413746,23.210378],[119.414761,23.208869],[119.415943,23.209033],[119.415989,23.208631],[119.415632,23.208775],[119.415659,23.207903],[119.41599,23.207338],[119.416687,23.20728],[119.416661,23.206819],[119.416158,23.206899],[119.416404,23.206104],[119.418438,23.205661],[119.41889,23.204838],[119.419375,23.204875],[119.420629,23.203316],[119.42056,23.202318],[119.420849,23.202015],[119.420131,23.200841],[119.42053,23.200537],[119.420792,23.199372],[119.420493,23.198147],[119.419048,23.19725],[119.418525,23.195714],[119.416689,23.194863],[119.415736,23.193764],[119.417155,23.193092],[119.417299,23.193362],[119.416279,23.193945],[119.417848,23.195354],[119.418486,23.195477],[119.419293,23.194562],[119.419409,23.194889],[119.418742,23.195451],[119.420358,23.196043],[119.421745,23.196071],[119.421763,23.195499],[119.421117,23.195488],[119.421663,23.195324],[119.421706,23.194472],[119.420929,23.194326],[119.42071,23.195633],[119.420797,23.194008],[119.421597,23.194042],[119.421626,23.193353],[119.421019,23.193391],[119.420804,23.193759],[119.420841,23.193226],[119.420203,23.193307],[119.420414,23.194286],[119.420169,23.194416],[119.420027,23.193337],[119.419221,23.193813],[119.417929,23.193674],[119.417928,23.193399],[119.419245,23.193441],[119.419764,23.192884],[119.421691,23.192703],[119.421855,23.19219],[119.421491,23.191301],[119.42219,23.190651],[119.423177,23.191771],[119.42706,23.189941],[119.429135,23.188425],[119.429576,23.18771],[119.429202,23.186986],[119.429873,23.186596],[119.430465,23.186592],[119.430624,23.187615],[119.431155,23.18804],[119.431162,23.188923],[119.431772,23.18993],[119.431387,23.190272],[119.431585,23.191093],[119.430737,23.191357],[119.43026,23.192156],[119.430983,23.192187],[119.431217,23.192544],[119.429924,23.192649],[119.429119,23.193506],[119.429338,23.194199],[119.429911,23.194209],[119.430062,23.193727],[119.430349,23.193817],[119.430111,23.194386],[119.42935,23.194389],[119.429649,23.194629],[119.429436,23.195619],[119.429882,23.196776],[119.432932,23.19779],[119.432789,23.198707],[119.432216,23.199171],[119.432484,23.199534],[119.433234,23.199112],[119.433876,23.199424],[119.434967,23.200557],[119.435721,23.200735],[119.435291,23.20119],[119.436166,23.201919],[119.437498,23.201204],[119.438071,23.201629],[119.438431,23.201017],[119.438972,23.201575],[119.439474,23.20093],[119.439926,23.200866],[119.439867,23.201381],[119.440394,23.201418],[119.442511,23.20033],[119.442971,23.200593],[119.443137,23.204101],[119.442824,23.204779],[119.443236,23.204268],[119.443441,23.204633],[119.441924,23.206111],[119.442624,23.206019],[119.4422,23.206334],[119.442461,23.206643],[119.442195,23.207023],[119.44321,23.208419],[119.444153,23.207631],[119.444062,23.208243],[119.442969,23.208928],[119.443644,23.210651],[119.443404,23.211469],[119.443663,23.214028],[119.444328,23.215261],[119.446588,23.217088],[119.447985,23.220087],[119.446923,23.220401],[119.447551,23.219747],[119.447211,23.2195],[119.447266,23.219994],[119.446423,23.220658],[119.440261,23.221366]]],[[[119.497364,23.232802],[119.497097,23.232478],[119.497614,23.231776],[119.498673,23.23156],[119.49894,23.23184],[119.498385,23.231961],[119.498237,23.232691],[119.497364,23.232802]]],[[[119.519722,23.235174],[119.519732,23.234768],[119.520094,23.234737],[119.519741,23.234233],[119.519986,23.233726],[119.52066,23.233733],[119.52099,23.234497],[119.519722,23.235174]]],[[[119.548848,23.235926],[119.547729,23.236312],[119.546992,23.2358],[119.546651,23.235972],[119.546267,23.23529],[119.547001,23.234824],[119.548161,23.235033],[119.548848,23.235926]]],[[[119.551236,23.242147],[119.550937,23.242378],[119.550636,23.241923],[119.550831,23.241873],[119.551236,23.242147]]],[[[119.550636,23.243325],[119.550085,23.243379],[119.550098,23.242954],[119.549591,23.243155],[119.549238,23.242533],[119.55044,23.242364],[119.550636,23.243325]]],[[[119.551396,23.243932],[119.551219,23.244169],[119.551084,23.243865],[119.551396,23.243932]]],[[[119.520189,23.250176],[119.519958,23.250599],[119.519572,23.250136],[119.520189,23.250176]]],[[[119.519016,23.250377],[119.519317,23.250692],[119.51905,23.251011],[119.518717,23.250622],[119.519016,23.250377]]],[[[119.516422,23.251999],[119.515635,23.252341],[119.51502,23.252167],[119.515166,23.2518],[119.514166,23.252063],[119.514144,23.25161],[119.515171,23.251189],[119.516422,23.251999]]],[[[119.514253,23.252582],[119.514185,23.252894],[119.513841,23.252699],[119.514253,23.252582]]],[[[119.616147,23.253721],[119.614942,23.253035],[119.61446,23.253543],[119.61412,23.253242],[119.613478,23.253635],[119.613471,23.25312],[119.612851,23.253213],[119.612083,23.252198],[119.608738,23.251418],[119.609148,23.250446],[119.608519,23.249595],[119.608683,23.248915],[119.610067,23.248128],[119.609769,23.247317],[119.61042,23.247005],[119.610921,23.246168],[119.611981,23.245601],[119.613878,23.245398],[119.61531,23.244099],[119.615685,23.244305],[119.615811,23.243957],[119.616163,23.244091],[119.61674,23.2437],[119.617392,23.243851],[119.617799,23.244053],[119.617583,23.244302],[119.618062,23.244203],[119.617722,23.244513],[119.618677,23.24469],[119.619124,23.245072],[119.618673,23.245122],[119.61952,23.245427],[119.621561,23.244611],[119.622384,23.24524],[119.621492,23.245553],[119.622111,23.245717],[119.621506,23.246156],[119.621914,23.246524],[119.62155,23.246496],[119.620814,23.247664],[119.620231,23.247739],[119.61964,23.248707],[119.619968,23.249525],[119.62066,23.249669],[119.62069,23.25008],[119.621097,23.250158],[119.620626,23.250554],[119.620995,23.251223],[119.620658,23.251455],[119.621389,23.251416],[119.621393,23.252942],[119.620695,23.253333],[119.619962,23.253054],[119.619118,23.253019],[119.618825,23.253341],[119.618124,23.25312],[119.616147,23.253721]]],[[[119.519666,23.253788],[119.518063,23.253884],[119.517812,23.25369],[119.517977,23.252988],[119.518807,23.252339],[119.519745,23.25298],[119.519666,23.253788]]],[[[119.618255,23.255501],[119.617845,23.2552],[119.617487,23.255466],[119.61736,23.255202],[119.618575,23.255048],[119.618255,23.255501]]],[[[119.502521,23.258828],[119.501684,23.258447],[119.502008,23.257803],[119.502616,23.257711],[119.503012,23.258005],[119.502521,23.258828]]],[[[119.677228,23.264385],[119.676914,23.263865],[119.676861,23.264285],[119.67654,23.264221],[119.676581,23.263792],[119.676059,23.263733],[119.67596,23.263307],[119.675254,23.263301],[119.675386,23.262982],[119.674341,23.262948],[119.674078,23.26259],[119.670707,23.26335],[119.67067,23.263239],[119.671065,23.263122],[119.670543,23.262732],[119.66755,23.26165],[119.667445,23.261928],[119.666186,23.260849],[119.666175,23.259775],[119.665422,23.258611],[119.665542,23.257884],[119.666201,23.257244],[119.665934,23.256981],[119.666959,23.256372],[119.666764,23.255296],[119.66705,23.255793],[119.667845,23.255278],[119.667667,23.254829],[119.667046,23.254913],[119.666977,23.254595],[119.66755,23.254511],[119.667388,23.253128],[119.666861,23.25295],[119.666586,23.25345],[119.666803,23.254964],[119.666526,23.254924],[119.666254,23.253323],[119.666765,23.252372],[119.664579,23.250539],[119.665087,23.250668],[119.66524,23.250101],[119.665441,23.250703],[119.666416,23.25034],[119.665969,23.248357],[119.667116,23.2494],[119.66935,23.247727],[119.669968,23.245774],[119.670883,23.245724],[119.6711,23.24389],[119.671483,23.244196],[119.672288,23.24417],[119.672077,23.24509],[119.672591,23.246209],[119.674245,23.246715],[119.674078,23.247508],[119.673089,23.247921],[119.67317,23.248214],[119.674108,23.248072],[119.67294,23.248872],[119.672952,23.249508],[119.673327,23.249757],[119.672457,23.250488],[119.6727,23.251277],[119.673618,23.252025],[119.67445,23.251888],[119.673737,23.252417],[119.674007,23.253037],[119.675001,23.25406],[119.676485,23.254789],[119.676561,23.254459],[119.677915,23.25604],[119.678114,23.257189],[119.678378,23.257145],[119.677893,23.257837],[119.678018,23.258986],[119.678547,23.260331],[119.680092,23.260189],[119.679342,23.260766],[119.679778,23.261444],[119.679344,23.261229],[119.679076,23.261641],[119.679459,23.262906],[119.679136,23.263587],[119.678274,23.263319],[119.677779,23.263845],[119.677327,23.263621],[119.677228,23.264385]]],[[[119.660939,23.264366],[119.659809,23.263931],[119.658891,23.264203],[119.658288,23.263878],[119.658217,23.263163],[119.657482,23.263275],[119.657178,23.262881],[119.65773,23.262567],[119.657659,23.262005],[119.656729,23.260977],[119.658431,23.260494],[119.658825,23.260851],[119.659039,23.260439],[119.659522,23.260514],[119.659389,23.260104],[119.659701,23.260414],[119.660035,23.259963],[119.661634,23.262925],[119.661657,23.263894],[119.660939,23.264366]]],[[[119.51977,23.264626],[119.519543,23.265232],[119.518577,23.265274],[119.514075,23.262315],[119.514521,23.261406],[119.514312,23.260224],[119.512817,23.257479],[119.510037,23.257159],[119.510571,23.256466],[119.511197,23.257024],[119.512049,23.256831],[119.511566,23.25644],[119.511091,23.256534],[119.511372,23.255745],[119.510341,23.255846],[119.510398,23.256257],[119.509996,23.256177],[119.509418,23.256887],[119.509201,23.256716],[119.509908,23.255915],[119.511433,23.25554],[119.511678,23.255214],[119.513954,23.255886],[119.515398,23.255335],[119.515969,23.25473],[119.516455,23.25481],[119.516535,23.257074],[119.51794,23.257932],[119.518005,23.258738],[119.518515,23.259366],[119.519069,23.259215],[119.518907,23.26008],[119.519571,23.260769],[119.521287,23.261174],[119.52208,23.262079],[119.521804,23.264466],[119.521277,23.264249],[119.51977,23.264626]]],[[[119.512607,23.272133],[119.51193,23.27251],[119.510816,23.272223],[119.511096,23.272062],[119.512607,23.272133]]],[[[119.508646,23.272936],[119.508007,23.273223],[119.50777,23.272842],[119.508471,23.272723],[119.508646,23.272936]]],[[[119.506503,23.272738],[119.506778,23.273243],[119.506426,23.273309],[119.505984,23.273169],[119.505916,23.272557],[119.50276,23.272709],[119.502782,23.272186],[119.503517,23.272102],[119.503334,23.270705],[119.504658,23.2685],[119.507285,23.267539],[119.510021,23.267257],[119.50963,23.266456],[119.509925,23.266415],[119.510307,23.267192],[119.511165,23.266747],[119.510827,23.26869],[119.511123,23.269334],[119.511013,23.270737],[119.509732,23.272565],[119.509864,23.273224],[119.509326,23.272781],[119.508753,23.273074],[119.508943,23.272608],[119.506503,23.272738]]],[[[119.502856,23.276628],[119.502487,23.276329],[119.501769,23.276404],[119.501759,23.275706],[119.501403,23.275538],[119.502488,23.275708],[119.502215,23.276134],[119.503079,23.276151],[119.504015,23.275692],[119.504217,23.275899],[119.503826,23.276088],[119.504076,23.276209],[119.503897,23.276492],[119.502856,23.276628]]],[[[119.501203,23.276697],[119.501217,23.276381],[119.501805,23.276539],[119.501203,23.276697]]],[[[119.500643,23.286677],[119.500352,23.2871],[119.500053,23.28699],[119.500268,23.286651],[119.500643,23.286677]]],[[[119.501434,23.290769],[119.501184,23.290493],[119.501549,23.290153],[119.500565,23.290118],[119.500726,23.289437],[119.50113,23.289247],[119.50093,23.28903],[119.501745,23.289407],[119.502442,23.289062],[119.501799,23.289687],[119.502896,23.289902],[119.502524,23.290091],[119.5026,23.290488],[119.501434,23.290769]]],[[[119.500608,23.291273],[119.500431,23.290788],[119.501016,23.290577],[119.500742,23.29083],[119.500608,23.291273]]],[[[119.342584,23.305625],[119.34235,23.305813],[119.342469,23.305165],[119.342584,23.305625]]],[[[119.342225,23.307168],[119.342428,23.307639],[119.34184,23.308695],[119.341618,23.308104],[119.342225,23.307168]]],[[[119.335932,23.322727],[119.335621,23.322533],[119.334842,23.321065],[119.335226,23.320918],[119.334864,23.320551],[119.335157,23.32039],[119.334911,23.320047],[119.335315,23.319881],[119.334961,23.319008],[119.335213,23.317665],[119.336391,23.31749],[119.336892,23.317103],[119.33843,23.318028],[119.337955,23.319011],[119.337498,23.319041],[119.337125,23.319568],[119.337533,23.321446],[119.337039,23.322325],[119.335932,23.322727]]],[[[119.32621,23.324301],[119.326154,23.324334],[119.326081,23.324208],[119.32621,23.324301]]],[[[119.323312,23.324399],[119.323292,23.324049],[119.323601,23.324261],[119.323732,23.323974],[119.324243,23.324034],[119.324482,23.323618],[119.325563,23.323886],[119.325228,23.324422],[119.323312,23.324399]]],[[[119.322412,23.324295],[119.323141,23.324259],[119.322954,23.324589],[119.322412,23.324295]]],[[[119.332533,23.324594],[119.332444,23.324664],[119.332378,23.324479],[119.332533,23.324594]]],[[[119.328227,23.324983],[119.328179,23.325057],[119.32809,23.324963],[119.328227,23.324983]]],[[[119.320262,23.326038],[119.320101,23.327618],[119.319862,23.327628],[119.319552,23.325892],[119.318617,23.325409],[119.318658,23.324804],[119.318293,23.325202],[119.318398,23.324599],[119.318973,23.324482],[119.319215,23.323868],[119.319836,23.323797],[119.320829,23.324689],[119.320969,23.324147],[119.320559,23.323736],[119.321098,23.323331],[119.322928,23.323815],[119.321933,23.324196],[119.321958,23.324813],[119.321171,23.325812],[119.320602,23.326272],[119.320262,23.326038]]],[[[119.55575,23.348011],[119.555431,23.348775],[119.554936,23.348495],[119.554972,23.347989],[119.55575,23.348011]]],[[[119.46589,23.347834],[119.465924,23.348918],[119.464699,23.347362],[119.464676,23.347028],[119.46589,23.347834]]],[[[119.543538,23.348921],[119.543477,23.349056],[119.543333,23.349016],[119.543538,23.348921]]],[[[119.539294,23.350495],[119.538518,23.349884],[119.537961,23.349981],[119.537582,23.349359],[119.538828,23.349179],[119.539965,23.35029],[119.539294,23.350495]]],[[[119.541592,23.351009],[119.541438,23.351271],[119.541229,23.350757],[119.541592,23.351009]]],[[[119.519969,23.351446],[119.51986,23.351548],[119.519739,23.351336],[119.519969,23.351446]]],[[[119.520014,23.351836],[119.519948,23.351988],[119.519619,23.351846],[119.520014,23.351836]]],[[[119.467907,23.353373],[119.467748,23.352283],[119.467126,23.351921],[119.467721,23.351944],[119.467295,23.351341],[119.467659,23.350798],[119.468083,23.351691],[119.469642,23.352675],[119.469522,23.353138],[119.469048,23.35288],[119.467907,23.353373]]],[[[119.467177,23.353718],[119.467042,23.354026],[119.466977,23.354048],[119.466888,23.353798],[119.467177,23.353718]]],[[[119.468253,23.35497],[119.46814,23.354966],[119.468158,23.354867],[119.468253,23.35497]]],[[[119.52763,23.355414],[119.527239,23.355498],[119.527506,23.35517],[119.52763,23.355414]]],[[[119.463586,23.355567],[119.463363,23.355197],[119.463522,23.354461],[119.463586,23.355567]]],[[[119.468431,23.355516],[119.468139,23.355765],[119.468079,23.355544],[119.468431,23.355516]]],[[[119.461782,23.356105],[119.461436,23.355216],[119.460212,23.354658],[119.460168,23.354373],[119.461057,23.354644],[119.46065,23.353893],[119.461346,23.354472],[119.462092,23.354469],[119.462973,23.354977],[119.462668,23.355924],[119.461782,23.356105]]],[[[119.517838,23.356315],[119.518111,23.356592],[119.518082,23.356678],[119.517465,23.356569],[119.517838,23.356315]]],[[[119.478775,23.359146],[119.479003,23.35841],[119.48034,23.356735],[119.481133,23.356058],[119.481612,23.35618],[119.481741,23.35669],[119.480461,23.357667],[119.479816,23.359026],[119.478775,23.359146]]],[[[119.537549,23.361947],[119.537663,23.362664],[119.536455,23.363339],[119.53633,23.362405],[119.535574,23.361276],[119.536516,23.360244],[119.536954,23.360299],[119.53696,23.359994],[119.537765,23.360041],[119.538157,23.361001],[119.537819,23.361887],[119.538434,23.361617],[119.538041,23.362212],[119.537549,23.361947]]],[[[119.553289,23.363782],[119.552618,23.364263],[119.552874,23.364688],[119.55238,23.365252],[119.552209,23.363819],[119.553105,23.363482],[119.553289,23.363782]]],[[[119.552573,23.366737],[119.551982,23.365658],[119.553399,23.366687],[119.552573,23.366737]]],[[[119.531729,23.374394],[119.531243,23.374346],[119.531337,23.374021],[119.531535,23.374011],[119.531729,23.374394]]],[[[119.523634,23.374862],[119.52367,23.375209],[119.52317,23.375568],[119.523043,23.37443],[119.524544,23.37336],[119.527048,23.373345],[119.526134,23.373935],[119.525665,23.375031],[119.525085,23.374586],[119.524465,23.374866],[119.524338,23.374358],[119.524117,23.374851],[119.523634,23.374862]]],[[[119.536738,23.375754],[119.536441,23.375234],[119.536147,23.375488],[119.535904,23.374917],[119.536356,23.374209],[119.536011,23.373662],[119.534284,23.373],[119.533425,23.373194],[119.533365,23.372594],[119.533005,23.372401],[119.531775,23.372936],[119.531268,23.373834],[119.530768,23.373714],[119.531076,23.372751],[119.530549,23.371728],[119.530128,23.37193],[119.529274,23.371633],[119.528519,23.37262],[119.527964,23.372427],[119.528155,23.372871],[119.527107,23.372378],[119.52677,23.371303],[119.525388,23.36998],[119.526811,23.371],[119.527236,23.369899],[119.52693,23.369692],[119.527232,23.369761],[119.527653,23.368706],[119.527291,23.368262],[119.52655,23.369448],[119.527197,23.368206],[119.526491,23.367892],[119.525619,23.369636],[119.52578,23.369852],[119.525434,23.369716],[119.526356,23.36764],[119.525283,23.36661],[119.523366,23.365882],[119.522738,23.36595],[119.520966,23.367091],[119.519589,23.366825],[119.518577,23.36409],[119.519781,23.362644],[119.519637,23.363213],[119.519906,23.363483],[119.520687,23.363042],[119.520318,23.362669],[119.520776,23.362965],[119.521335,23.36225],[119.520518,23.36125],[119.519591,23.362385],[119.520217,23.361233],[119.520596,23.361063],[119.520536,23.359873],[119.521207,23.360591],[119.521303,23.361207],[119.523884,23.360609],[119.524504,23.360156],[119.524716,23.359406],[119.523917,23.357559],[119.524179,23.357242],[119.525257,23.357266],[119.526335,23.358703],[119.526193,23.359331],[119.526648,23.359675],[119.526605,23.360347],[119.525706,23.361461],[119.525928,23.362808],[119.526479,23.363043],[119.527103,23.362707],[119.527092,23.363678],[119.528031,23.364553],[119.529107,23.364633],[119.530106,23.365532],[119.531546,23.365816],[119.532474,23.366908],[119.533253,23.366969],[119.534502,23.366156],[119.537508,23.365241],[119.539438,23.36618],[119.540247,23.366247],[119.541482,23.365094],[119.543844,23.364973],[119.543506,23.366338],[119.542724,23.366489],[119.543092,23.366499],[119.543273,23.366973],[119.542603,23.366799],[119.542584,23.367095],[119.542173,23.367046],[119.542598,23.367289],[119.542447,23.367569],[119.542022,23.36735],[119.541476,23.367557],[119.542083,23.368693],[119.541999,23.369948],[119.541392,23.370691],[119.540828,23.372722],[119.540051,23.372533],[119.54024,23.373171],[119.539431,23.373226],[119.53872,23.373849],[119.537659,23.37413],[119.536738,23.375754]]],[[[119.488049,23.378713],[119.487414,23.378882],[119.487381,23.378106],[119.487672,23.378258],[119.487564,23.378638],[119.488251,23.378288],[119.488049,23.378713]]],[[[119.527369,23.378856],[119.52638,23.379411],[119.526462,23.378598],[119.528143,23.377477],[119.528831,23.376228],[119.529627,23.376499],[119.529872,23.376834],[119.529276,23.378015],[119.528272,23.377767],[119.527832,23.378507],[119.52813,23.378944],[119.527929,23.379439],[119.527836,23.378945],[119.527369,23.378856]]],[[[119.514474,23.384071],[119.514391,23.384686],[119.513497,23.385104],[119.512866,23.384765],[119.512976,23.383778],[119.513962,23.383883],[119.51338,23.383368],[119.513203,23.382669],[119.512701,23.382957],[119.512106,23.382147],[119.512734,23.381014],[119.514339,23.380661],[119.515223,23.381617],[119.515375,23.382122],[119.514667,23.383445],[119.514063,23.383698],[119.514474,23.384071]]],[[[119.513146,23.395916],[119.512613,23.396178],[119.512342,23.395513],[119.513809,23.395388],[119.514073,23.395897],[119.514018,23.396101],[119.513146,23.395916]]],[[[119.492397,23.397322],[119.492292,23.396649],[119.491698,23.397186],[119.490973,23.396994],[119.49024,23.395764],[119.490481,23.3954],[119.48943,23.394692],[119.49009,23.39439],[119.490626,23.393571],[119.492159,23.393002],[119.492965,23.39201],[119.493346,23.390422],[119.49309,23.389529],[119.493429,23.38883],[119.495367,23.387591],[119.494955,23.387888],[119.495102,23.388143],[119.495519,23.388013],[119.495958,23.387461],[119.495218,23.384689],[119.494262,23.384353],[119.493977,23.383812],[119.493626,23.384039],[119.492788,23.38234],[119.492014,23.381965],[119.492815,23.381651],[119.492105,23.381023],[119.49167,23.379508],[119.49184,23.378988],[119.493634,23.378341],[119.493839,23.377988],[119.493767,23.37711],[119.492016,23.375405],[119.493543,23.375005],[119.493855,23.373798],[119.493268,23.373462],[119.493415,23.372195],[119.493408,23.373418],[119.494222,23.373872],[119.494751,23.372832],[119.493798,23.37276],[119.494862,23.3727],[119.494674,23.371782],[119.493297,23.370484],[119.49465,23.365545],[119.492179,23.363293],[119.491391,23.361988],[119.489993,23.361392],[119.48998,23.360557],[119.488809,23.36019],[119.490103,23.359588],[119.487859,23.357818],[119.486295,23.355994],[119.487291,23.35563],[119.487851,23.354685],[119.489834,23.354234],[119.490731,23.353037],[119.492266,23.353915],[119.494424,23.354003],[119.49693,23.354649],[119.499317,23.354231],[119.501751,23.355467],[119.502992,23.355729],[119.505571,23.354999],[119.50621,23.354313],[119.506119,23.353035],[119.506541,23.353539],[119.507228,23.353377],[119.507431,23.353932],[119.50827,23.354028],[119.511697,23.353462],[119.512188,23.352826],[119.513109,23.352475],[119.513807,23.353572],[119.509664,23.356286],[119.508331,23.358482],[119.508289,23.360284],[119.509428,23.36089],[119.508349,23.360611],[119.508014,23.361856],[119.508492,23.362042],[119.508017,23.362007],[119.508018,23.363023],[119.508908,23.363115],[119.508842,23.361808],[119.509517,23.361492],[119.509166,23.361811],[119.509139,23.363277],[119.508025,23.363553],[119.507654,23.364659],[119.509737,23.366284],[119.510767,23.366342],[119.510988,23.365867],[119.511689,23.365553],[119.512709,23.36664],[119.513911,23.366684],[119.514081,23.367216],[119.516306,23.367843],[119.515714,23.368849],[119.515833,23.370398],[119.514992,23.370089],[119.514723,23.37058],[119.515426,23.3719],[119.516565,23.372438],[119.516623,23.373497],[119.516396,23.373893],[119.515674,23.373922],[119.515608,23.374703],[119.514603,23.37495],[119.514343,23.372755],[119.513923,23.372876],[119.513446,23.372132],[119.514152,23.371313],[119.513976,23.371034],[119.512747,23.370699],[119.512578,23.370991],[119.512092,23.370859],[119.511101,23.371271],[119.510335,23.370881],[119.510102,23.370369],[119.508627,23.371175],[119.508257,23.372],[119.508845,23.372942],[119.509785,23.373212],[119.510466,23.374628],[119.511398,23.374433],[119.5119,23.374738],[119.512686,23.376424],[119.513407,23.376887],[119.513037,23.377191],[119.512467,23.377023],[119.511598,23.375721],[119.511235,23.376131],[119.509426,23.375943],[119.508366,23.376788],[119.509043,23.378847],[119.508479,23.380578],[119.508625,23.381758],[119.508234,23.382631],[119.507225,23.382262],[119.506786,23.383385],[119.507135,23.38365],[119.507004,23.38475],[119.507726,23.385224],[119.507297,23.385646],[119.507675,23.386367],[119.507345,23.38646],[119.507211,23.387924],[119.508055,23.3907],[119.507541,23.391275],[119.507513,23.392248],[119.506991,23.391769],[119.506503,23.392152],[119.507024,23.392234],[119.506646,23.392815],[119.505622,23.392755],[119.505516,23.393372],[119.506024,23.393479],[119.506248,23.394063],[119.506,23.394339],[119.50561,23.394169],[119.505345,23.394847],[119.504792,23.394873],[119.50408,23.394451],[119.504663,23.394239],[119.503978,23.393858],[119.504442,23.393294],[119.504097,23.392984],[119.504219,23.391737],[119.503765,23.391601],[119.503323,23.392142],[119.503177,23.391727],[119.502203,23.391631],[119.502635,23.390361],[119.50233,23.389861],[119.501545,23.389987],[119.501552,23.389757],[119.502197,23.389823],[119.501985,23.38937],[119.500968,23.389228],[119.500415,23.389774],[119.501001,23.38996],[119.501269,23.389501],[119.501382,23.389782],[119.500954,23.390057],[119.500331,23.389928],[119.500161,23.389649],[119.499079,23.389819],[119.497535,23.390583],[119.498115,23.39205],[119.497281,23.394107],[119.49681,23.39433],[119.496663,23.394845],[119.496181,23.394402],[119.495235,23.394635],[119.494932,23.395799],[119.495138,23.396412],[119.494749,23.396605],[119.495009,23.396973],[119.492397,23.397322]]],[[[119.319111,23.411626],[119.319008,23.411127],[119.318654,23.411067],[119.318828,23.408985],[119.318401,23.408176],[119.318716,23.407726],[119.31806,23.406233],[119.317094,23.406013],[119.31716,23.40544],[119.317584,23.405146],[119.317489,23.404572],[119.317022,23.404174],[119.316068,23.404419],[119.315653,23.404143],[119.315966,23.403821],[119.315481,23.40373],[119.315337,23.402924],[119.314581,23.403005],[119.314446,23.402743],[119.31459,23.400937],[119.315209,23.400741],[119.314721,23.399722],[119.315945,23.398336],[119.316377,23.396851],[119.316662,23.396889],[119.316126,23.398683],[119.316749,23.399011],[119.316957,23.398419],[119.317041,23.398934],[119.31816,23.398613],[119.317881,23.397896],[119.316907,23.397898],[119.31802,23.397586],[119.318295,23.398606],[119.319606,23.397949],[119.320859,23.399057],[119.322048,23.399055],[119.321679,23.399209],[119.322049,23.399481],[119.32246,23.399374],[119.322099,23.398987],[119.323579,23.39918],[119.323959,23.398847],[119.327228,23.400344],[119.327727,23.40084],[119.327788,23.401379],[119.327141,23.401995],[119.327572,23.402962],[119.32942,23.403353],[119.329465,23.403839],[119.329058,23.404201],[119.330112,23.404284],[119.330694,23.404859],[119.3302,23.40597],[119.328865,23.407111],[119.327728,23.40743],[119.326764,23.406709],[119.324894,23.406934],[119.324799,23.407418],[119.325225,23.407977],[119.32503,23.408343],[119.322421,23.409897],[119.321391,23.411141],[119.32082,23.410674],[119.320151,23.411651],[119.319111,23.411626]]],[[[119.537593,23.498074],[119.536865,23.497769],[119.536182,23.496557],[119.534846,23.495895],[119.532786,23.496302],[119.529312,23.495842],[119.527839,23.494861],[119.526756,23.493397],[119.525603,23.492739],[119.524034,23.492932],[119.522904,23.492414],[119.521804,23.492445],[119.521899,23.492682],[119.520718,23.492216],[119.520492,23.491671],[119.520943,23.490694],[119.520622,23.489988],[119.51814,23.487775],[119.517647,23.487678],[119.516583,23.488559],[119.515943,23.488263],[119.516462,23.488368],[119.517691,23.487269],[119.517133,23.486517],[119.516002,23.486934],[119.516645,23.487965],[119.515446,23.486491],[119.514138,23.487005],[119.513675,23.488011],[119.51432,23.488081],[119.514464,23.487593],[119.51447,23.488257],[119.513609,23.48835],[119.512631,23.490037],[119.512747,23.49092],[119.511861,23.491406],[119.510373,23.491463],[119.509503,23.490524],[119.509805,23.48848],[119.508936,23.486359],[119.50903,23.485058],[119.509716,23.483988],[119.511728,23.482995],[119.514303,23.483555],[119.515034,23.484666],[119.517265,23.485451],[119.518619,23.485667],[119.519971,23.485383],[119.524664,23.486584],[119.528569,23.486596],[119.536871,23.491945],[119.539341,23.492972],[119.541366,23.493101],[119.54366,23.493738],[119.543836,23.494282],[119.543496,23.494965],[119.537593,23.498074]]],[[[119.52025,23.515258],[119.520052,23.514951],[119.520349,23.514564],[119.520811,23.514676],[119.520533,23.514241],[119.519226,23.513663],[119.52007,23.513667],[119.520425,23.51414],[119.520862,23.513982],[119.520474,23.512941],[119.51969,23.512221],[119.518631,23.512166],[119.517585,23.512659],[119.518013,23.51333],[119.518538,23.513046],[119.519108,23.513185],[119.517633,23.513675],[119.517096,23.514729],[119.516052,23.514648],[119.516272,23.514282],[119.515946,23.512572],[119.514655,23.510651],[119.514462,23.509401],[119.514835,23.509596],[119.515034,23.509189],[119.516601,23.508888],[119.519604,23.508751],[119.52182,23.509692],[119.522044,23.510278],[119.521805,23.514338],[119.521561,23.514845],[119.52025,23.515258]]],[[[119.725589,23.536104],[119.725646,23.535813],[119.724517,23.53573],[119.723989,23.534904],[119.724426,23.535078],[119.724706,23.534675],[119.725397,23.53489],[119.724932,23.534471],[119.725125,23.534255],[119.725767,23.534498],[119.726272,23.534437],[119.726369,23.534109],[119.726986,23.534346],[119.726449,23.534603],[119.726722,23.534952],[119.72626,23.534783],[119.726194,23.536029],[119.725589,23.536104]]],[[[119.661505,23.540057],[119.661309,23.540385],[119.660682,23.539977],[119.659836,23.54005],[119.66027,23.539906],[119.659953,23.539646],[119.661029,23.53946],[119.661505,23.540057]]],[[[119.697004,23.540748],[119.696611,23.539452],[119.697071,23.539366],[119.697244,23.538399],[119.698728,23.538278],[119.699272,23.538487],[119.699487,23.538994],[119.698873,23.539437],[119.699053,23.539716],[119.698517,23.540559],[119.697004,23.540748]]],[[[119.532859,23.541961],[119.530097,23.541325],[119.531533,23.540853],[119.531528,23.539679],[119.532549,23.538712],[119.533362,23.53914],[119.53319,23.540461],[119.53358,23.541191],[119.532859,23.541961]]],[[[119.659707,23.541563],[119.66006,23.541812],[119.659677,23.542532],[119.659021,23.541756],[119.659707,23.541563]]],[[[119.66096,23.544709],[119.6594,23.544337],[119.6594,23.543718],[119.659766,23.543622],[119.659396,23.543468],[119.659487,23.54293],[119.660087,23.543051],[119.66096,23.544709]]],[[[119.69007,23.546836],[119.689922,23.547568],[119.689693,23.547526],[119.689441,23.546746],[119.69007,23.546836]]],[[[119.686253,23.548884],[119.685563,23.549269],[119.685332,23.547193],[119.686342,23.548017],[119.686253,23.548884]]],[[[119.706811,23.554111],[119.706886,23.553998],[119.70705,23.554121],[119.706811,23.554111]]],[[[119.541515,23.554287],[119.541243,23.554238],[119.541392,23.554104],[119.541515,23.554287]]],[[[119.706524,23.554816],[119.706284,23.554646],[119.706476,23.554564],[119.706524,23.554816]]],[[[119.542832,23.554896],[119.54296,23.555347],[119.542546,23.554911],[119.541385,23.554969],[119.541289,23.554664],[119.541847,23.554333],[119.541694,23.553834],[119.541366,23.55384],[119.541375,23.552955],[119.541995,23.552797],[119.543211,23.553407],[119.543303,23.554177],[119.542832,23.554896]]],[[[119.696853,23.555603],[119.696434,23.555273],[119.695458,23.555453],[119.696581,23.554974],[119.696211,23.554219],[119.696895,23.554034],[119.696871,23.554539],[119.697314,23.554366],[119.696853,23.555603]]],[[[119.660779,23.555295],[119.659775,23.556128],[119.659796,23.555311],[119.660158,23.554907],[119.660779,23.555295]]],[[[119.706134,23.556685],[119.706104,23.556468],[119.706772,23.556671],[119.706134,23.556685]]],[[[119.662754,23.556678],[119.662875,23.557292],[119.662444,23.55762],[119.662489,23.55676],[119.662754,23.556678]]],[[[119.695542,23.55781],[119.694466,23.557823],[119.694581,23.557378],[119.694096,23.557416],[119.694116,23.557188],[119.695284,23.557316],[119.695399,23.557011],[119.696002,23.556961],[119.696146,23.557256],[119.695691,23.557353],[119.695542,23.55781]]],[[[119.725345,23.558719],[119.724019,23.558901],[119.723295,23.558676],[119.722747,23.55767],[119.723135,23.557799],[119.723468,23.557398],[119.724281,23.557566],[119.725045,23.557178],[119.725601,23.55814],[119.725345,23.558719]]],[[[119.662906,23.559564],[119.662743,23.558542],[119.663499,23.558466],[119.663105,23.558151],[119.664101,23.557178],[119.66426,23.557657],[119.662906,23.559564]]],[[[119.661521,23.559479],[119.66104,23.559472],[119.660909,23.558776],[119.661814,23.557188],[119.66223,23.557992],[119.661521,23.559479]]],[[[119.664891,23.559908],[119.664114,23.559667],[119.664618,23.558362],[119.66464,23.557022],[119.665111,23.556894],[119.665419,23.557679],[119.66467,23.558941],[119.664891,23.559908]]],[[[119.689978,23.562796],[119.689611,23.563096],[119.688882,23.56248],[119.689169,23.562206],[119.689317,23.562655],[119.689978,23.562796]]],[[[119.692135,23.56389],[119.691396,23.563645],[119.691048,23.563841],[119.690713,23.563328],[119.690514,23.561665],[119.690985,23.561225],[119.692441,23.561478],[119.692044,23.56253],[119.692508,23.563681],[119.692135,23.56389]]],[[[119.693021,23.564807],[119.692866,23.564461],[119.693702,23.563904],[119.694595,23.56425],[119.693815,23.564441],[119.693021,23.564807]]],[[[119.540551,23.580506],[119.540234,23.5805],[119.540171,23.580209],[119.540236,23.580198],[119.540551,23.580506]]],[[[119.598157,23.587049],[119.597075,23.587008],[119.596168,23.586431],[119.596521,23.586051],[119.597093,23.586055],[119.597281,23.586513],[119.598261,23.586685],[119.598157,23.587049]]],[[[119.481962,23.594458],[119.4812,23.594477],[119.480654,23.593747],[119.481071,23.593436],[119.481962,23.594458]]],[[[119.551455,23.594209],[119.551701,23.594521],[119.551674,23.594874],[119.551421,23.59454],[119.551455,23.594209]]],[[[119.589017,23.596393],[119.587615,23.595539],[119.587533,23.594909],[119.588271,23.594789],[119.58854,23.59549],[119.589471,23.59629],[119.589017,23.596393]]],[[[119.689433,23.59861],[119.689956,23.597583],[119.689698,23.597426],[119.689826,23.596665],[119.690438,23.596515],[119.691047,23.597883],[119.690484,23.597998],[119.690532,23.598361],[119.689433,23.59861]]],[[[119.678429,23.598814],[119.677918,23.598272],[119.679335,23.598278],[119.678429,23.598814]]],[[[119.675494,23.600166],[119.674871,23.599414],[119.674817,23.598561],[119.675206,23.598377],[119.675553,23.599068],[119.676265,23.599433],[119.676257,23.599765],[119.675494,23.600166]]],[[[119.673903,23.602839],[119.674933,23.60245],[119.674687,23.602797],[119.673903,23.602839]]],[[[119.674418,23.605313],[119.673727,23.605158],[119.674208,23.604621],[119.675126,23.604743],[119.675397,23.604482],[119.674512,23.604317],[119.672709,23.604903],[119.671956,23.604829],[119.672488,23.604362],[119.672056,23.604115],[119.672311,23.603769],[119.67295,23.603762],[119.673021,23.603362],[119.673559,23.603222],[119.672917,23.60266],[119.672947,23.601985],[119.674224,23.603302],[119.675248,23.603404],[119.67564,23.603023],[119.675789,23.603298],[119.676447,23.602618],[119.675799,23.603426],[119.67618,23.603273],[119.675991,23.603678],[119.675514,23.603739],[119.675862,23.603925],[119.676328,23.603548],[119.67611,23.603998],[119.67671,23.603707],[119.677023,23.604204],[119.6773,23.604059],[119.677117,23.604719],[119.676068,23.60482],[119.675447,23.605272],[119.674875,23.604934],[119.674418,23.605313]]],[[[119.564312,23.60379],[119.565804,23.605579],[119.565762,23.606372],[119.565178,23.606853],[119.564533,23.606742],[119.56429,23.606359],[119.564312,23.60379]]],[[[119.614642,23.607035],[119.614832,23.607533],[119.614308,23.607713],[119.61388,23.606916],[119.614642,23.607035]]],[[[119.599113,23.608136],[119.598789,23.608174],[119.59834,23.608056],[119.598669,23.60772],[119.599113,23.608136]]],[[[119.583728,23.610942],[119.584492,23.611465],[119.584268,23.612053],[119.583522,23.611546],[119.583728,23.610942]]],[[[119.57735,23.610709],[119.578228,23.611626],[119.577747,23.612482],[119.577452,23.612426],[119.576992,23.611234],[119.57735,23.610709]]],[[[119.700656,23.615545],[119.700007,23.615502],[119.699941,23.615044],[119.700522,23.61515],[119.700656,23.615545]]],[[[119.701404,23.616209],[119.701033,23.616319],[119.70082,23.616058],[119.701404,23.616209]]],[[[119.698732,23.617287],[119.698018,23.61715],[119.697637,23.616077],[119.698944,23.615726],[119.698929,23.616169],[119.699307,23.615677],[119.699759,23.615677],[119.699797,23.615898],[119.698732,23.617287]]],[[[119.702535,23.617547],[119.70169,23.617289],[119.701669,23.616673],[119.702864,23.616652],[119.702535,23.617547]]],[[[119.698,23.619184],[119.697588,23.618412],[119.698218,23.617926],[119.698454,23.618275],[119.698,23.619184]]],[[[119.694194,23.61979],[119.694188,23.619962],[119.693946,23.619749],[119.694194,23.61979]]],[[[119.69641,23.620352],[119.69604,23.620281],[119.695638,23.619497],[119.695264,23.619488],[119.695305,23.618912],[119.696247,23.619262],[119.69641,23.620352]]],[[[119.699835,23.620336],[119.699688,23.61998],[119.699037,23.619861],[119.698773,23.619007],[119.699219,23.618732],[119.698604,23.618464],[119.699227,23.618468],[119.699228,23.617537],[119.698766,23.617257],[119.699431,23.617421],[119.699804,23.61702],[119.699904,23.617501],[119.700789,23.617573],[119.700698,23.618673],[119.701259,23.619648],[119.700129,23.619716],[119.700373,23.619903],[119.699812,23.619914],[119.699835,23.620336]]],[[[119.570828,23.617742],[119.57025,23.620218],[119.569805,23.620608],[119.569802,23.621466],[119.569074,23.622469],[119.56792,23.622539],[119.567479,23.621779],[119.567889,23.620489],[119.567358,23.619945],[119.565178,23.619142],[119.567829,23.617453],[119.567725,23.616562],[119.567942,23.617051],[119.568395,23.616984],[119.567938,23.61715],[119.568014,23.617585],[119.568612,23.617486],[119.568515,23.617049],[119.569315,23.616994],[119.568684,23.617179],[119.568732,23.61749],[119.569415,23.617393],[119.569485,23.617081],[119.56952,23.617386],[119.569827,23.617344],[119.569791,23.616667],[119.568133,23.616589],[119.569931,23.616522],[119.56997,23.617018],[119.570828,23.617742]]],[[[119.692931,23.622947],[119.692924,23.623026],[119.692808,23.622946],[119.692931,23.622947]]],[[[119.529625,23.624521],[119.529308,23.623834],[119.529714,23.623451],[119.529636,23.622979],[119.531228,23.623202],[119.530398,23.624408],[119.529625,23.624521]]],[[[119.709859,23.627182],[119.709041,23.626854],[119.709287,23.626409],[119.70986,23.6269],[119.709859,23.627182]]],[[[119.68608,23.627761],[119.684255,23.627329],[119.684529,23.626387],[119.684234,23.626103],[119.684031,23.626863],[119.683302,23.626875],[119.683207,23.626167],[119.683853,23.625317],[119.68462,23.625352],[119.684906,23.624737],[119.685834,23.625141],[119.685346,23.625728],[119.685616,23.626264],[119.686592,23.625951],[119.687087,23.626118],[119.686967,23.626965],[119.68608,23.627761]]],[[[119.557677,23.628529],[119.557311,23.628607],[119.557336,23.628245],[119.557677,23.628529]]],[[[119.558576,23.629911],[119.558844,23.629599],[119.559366,23.629719],[119.559182,23.629986],[119.558576,23.629911]]],[[[119.617535,23.630293],[119.617337,23.630407],[119.617328,23.630086],[119.617535,23.630293]]],[[[119.554023,23.631409],[119.553383,23.631214],[119.554296,23.630884],[119.554023,23.631409]]],[[[119.659506,23.632035],[119.659265,23.631571],[119.659028,23.631768],[119.658573,23.630228],[119.659319,23.629812],[119.660283,23.630045],[119.660189,23.629664],[119.660759,23.629334],[119.660766,23.628966],[119.662122,23.629039],[119.662166,23.629863],[119.661184,23.630057],[119.660744,23.630533],[119.660781,23.631092],[119.660406,23.631062],[119.660351,23.63153],[119.659506,23.632035]]],[[[119.608426,23.637431],[119.608034,23.637715],[119.608039,23.637475],[119.608426,23.637431]]],[[[119.605022,23.638968],[119.604806,23.638858],[119.605262,23.63889],[119.605022,23.638968]]],[[[119.546999,23.638743],[119.547004,23.640003],[119.5467,23.640063],[119.546626,23.638963],[119.546999,23.638743]]],[[[119.58833,23.640689],[119.587348,23.640774],[119.587255,23.639567],[119.587961,23.639494],[119.58833,23.640689]]],[[[119.53899,23.640404],[119.539355,23.640628],[119.539061,23.640961],[119.538836,23.640795],[119.53899,23.640404]]],[[[119.631024,23.64101],[119.631254,23.640795],[119.631673,23.640862],[119.631024,23.64101]]],[[[119.630044,23.641223],[119.629916,23.640658],[119.630641,23.640711],[119.630726,23.641014],[119.630044,23.641223]]],[[[119.696112,23.640902],[119.696569,23.641245],[119.696383,23.642014],[119.695794,23.641104],[119.696112,23.640902]]],[[[119.529324,23.641427],[119.529512,23.641919],[119.529286,23.642129],[119.529079,23.641905],[119.529324,23.641427]]],[[[119.630349,23.642382],[119.630368,23.642159],[119.630439,23.642168],[119.630349,23.642382]]],[[[119.539354,23.641926],[119.538634,23.642425],[119.538223,23.641835],[119.539205,23.641502],[119.539354,23.641926]]],[[[119.538999,23.643796],[119.537918,23.643692],[119.538545,23.643617],[119.538722,23.643186],[119.538999,23.643796]]],[[[119.531781,23.64448],[119.531985,23.644994],[119.531259,23.644933],[119.530863,23.643831],[119.531933,23.643652],[119.532374,23.644356],[119.531781,23.64448]]],[[[119.543623,23.645514],[119.544028,23.64629],[119.543503,23.647179],[119.543264,23.646335],[119.543623,23.645514]]],[[[119.524689,23.646918],[119.52505,23.647278],[119.524495,23.647748],[119.524024,23.646616],[119.524356,23.646861],[119.52474,23.646373],[119.524689,23.646918]]],[[[119.544086,23.647588],[119.544207,23.648018],[119.543542,23.648106],[119.543636,23.647666],[119.544086,23.647588]]],[[[119.581851,23.648967],[119.581137,23.648933],[119.581103,23.648852],[119.581872,23.648359],[119.581851,23.648967]]],[[[119.545372,23.648937],[119.545321,23.649156],[119.545028,23.648913],[119.545372,23.648937]]],[[[119.523207,23.648758],[119.5237,23.648942],[119.523746,23.649272],[119.522916,23.649144],[119.523207,23.648758]]],[[[119.544489,23.648572],[119.544957,23.649396],[119.544682,23.650111],[119.544546,23.649721],[119.543827,23.649506],[119.544382,23.649137],[119.544222,23.648616],[119.544489,23.648572]]],[[[119.524079,23.650124],[119.523762,23.64959],[119.524436,23.649587],[119.524645,23.650069],[119.524079,23.650124]]],[[[119.545529,23.649807],[119.545609,23.650428],[119.545329,23.650501],[119.544972,23.649859],[119.545529,23.649807]]],[[[119.528487,23.651332],[119.52841,23.651389],[119.528308,23.651209],[119.528487,23.651332]]],[[[119.633287,23.651957],[119.632311,23.651403],[119.631636,23.650189],[119.63163,23.647758],[119.630031,23.647458],[119.629548,23.646778],[119.629884,23.646664],[119.630099,23.647266],[119.6318,23.647654],[119.631623,23.645839],[119.629669,23.646294],[119.629635,23.646173],[119.631549,23.645747],[119.630659,23.644651],[119.632084,23.645601],[119.632732,23.646602],[119.633106,23.64652],[119.633119,23.643641],[119.633975,23.642922],[119.633753,23.643876],[119.634153,23.64666],[119.63609,23.647659],[119.636097,23.648839],[119.63672,23.649507],[119.63687,23.650457],[119.636145,23.651282],[119.633287,23.651957]]],[[[119.527079,23.651975],[119.526806,23.652083],[119.526785,23.651995],[119.527079,23.651975]]],[[[119.547519,23.652272],[119.547401,23.652261],[119.547389,23.652153],[119.547519,23.652272]]],[[[119.526039,23.652072],[119.526394,23.652372],[119.526263,23.6525],[119.525789,23.652388],[119.526039,23.652072]]],[[[119.549724,23.653122],[119.54939,23.653236],[119.549404,23.653121],[119.549724,23.653122]]],[[[119.527921,23.653312],[119.527757,23.653335],[119.527765,23.653247],[119.527921,23.653312]]],[[[119.526347,23.653373],[119.526287,23.653439],[119.526248,23.65326],[119.526347,23.653373]]],[[[119.526542,23.653548],[119.526494,23.653582],[119.526461,23.653527],[119.526542,23.653548]]],[[[119.54895,23.653595],[119.548826,23.653536],[119.549273,23.653352],[119.54895,23.653595]]],[[[119.526141,23.653611],[119.525807,23.653581],[119.525752,23.653374],[119.525914,23.653321],[119.526141,23.653611]]],[[[119.527296,23.653309],[119.527549,23.653655],[119.527537,23.65371],[119.527172,23.653546],[119.527296,23.653309]]],[[[119.527245,23.653799],[119.527203,23.653824],[119.527176,23.653744],[119.527245,23.653799]]],[[[119.527099,23.653849],[119.527048,23.653932],[119.527015,23.653833],[119.527099,23.653849]]],[[[119.527425,23.654005],[119.527348,23.654066],[119.527323,23.653961],[119.527425,23.654005]]],[[[119.526875,23.653987],[119.526881,23.654067],[119.526786,23.654013],[119.526875,23.653987]]],[[[119.549332,23.654006],[119.549307,23.654101],[119.548971,23.653999],[119.549332,23.654006]]],[[[119.548078,23.654444],[119.547491,23.653898],[119.547743,23.653319],[119.548505,23.653386],[119.548866,23.653785],[119.548078,23.654444]]],[[[119.525455,23.653781],[119.525614,23.654238],[119.525501,23.654454],[119.525219,23.653987],[119.525455,23.653781]]],[[[119.52491,23.657416],[119.524692,23.657112],[119.52489,23.656082],[119.52552,23.655748],[119.525457,23.656351],[119.526283,23.656053],[119.525856,23.655016],[119.526243,23.654622],[119.526873,23.654826],[119.526753,23.655266],[119.527424,23.656517],[119.527268,23.656995],[119.526636,23.65718],[119.526268,23.656853],[119.52491,23.657416]]],[[[119.64145,23.660368],[119.639721,23.660249],[119.638892,23.659433],[119.638245,23.65809],[119.638575,23.658062],[119.639329,23.659287],[119.642995,23.660109],[119.645427,23.659995],[119.64145,23.660368]]],[[[119.548288,23.663764],[119.549134,23.662978],[119.548969,23.663618],[119.548288,23.663764]]],[[[119.554922,23.668714],[119.55496,23.669091],[119.554658,23.669074],[119.554625,23.66888],[119.554922,23.668714]]],[[[119.554469,23.669088],[119.554473,23.66953],[119.554401,23.669583],[119.554199,23.669276],[119.554469,23.669088]]],[[[119.664025,23.66973],[119.664385,23.670288],[119.663664,23.669668],[119.663286,23.668053],[119.663747,23.666525],[119.663136,23.666596],[119.661838,23.663504],[119.660462,23.662767],[119.657556,23.662565],[119.654749,23.660509],[119.655659,23.659257],[119.656404,23.659401],[119.655748,23.659471],[119.65504,23.660483],[119.655704,23.660925],[119.655998,23.660639],[119.655571,23.660336],[119.656101,23.660503],[119.656719,23.65972],[119.658455,23.66094],[119.659239,23.660158],[119.65908,23.659775],[119.658197,23.659937],[119.659385,23.659467],[119.659223,23.659061],[119.657139,23.65972],[119.657115,23.65921],[119.654082,23.656803],[119.6573,23.659124],[119.657462,23.659509],[119.659895,23.658749],[119.66174,23.658504],[119.662271,23.659134],[119.664184,23.658711],[119.663948,23.659183],[119.66471,23.659774],[119.666456,23.659694],[119.666847,23.659972],[119.666742,23.660316],[119.667686,23.66051],[119.665683,23.660467],[119.665579,23.661036],[119.666439,23.662069],[119.666119,23.662522],[119.665566,23.662585],[119.665698,23.663045],[119.665283,23.663455],[119.6654,23.66404],[119.666171,23.664158],[119.665316,23.665333],[119.666009,23.665497],[119.665721,23.666889],[119.666964,23.667189],[119.666422,23.667554],[119.666635,23.667851],[119.666203,23.667921],[119.667363,23.668627],[119.666679,23.668687],[119.666154,23.669255],[119.665284,23.66895],[119.665077,23.669255],[119.665361,23.669873],[119.664025,23.66973]]],[[[119.612292,23.671055],[119.612081,23.671133],[119.612224,23.670622],[119.612292,23.671055]]],[[[119.643463,23.673927],[119.642488,23.6738],[119.642466,23.673432],[119.643341,23.673611],[119.643463,23.673927]]],[[[119.645104,23.675259],[119.644651,23.675744],[119.643601,23.675441],[119.643867,23.675144],[119.645104,23.675259]]],[[[119.617811,23.67584],[119.616236,23.674035],[119.615694,23.669699],[119.615904,23.668533],[119.616501,23.673242],[119.617608,23.673323],[119.617785,23.67293],[119.618473,23.673302],[119.617055,23.670698],[119.616494,23.668648],[119.614213,23.665249],[119.616798,23.669051],[119.617158,23.670535],[119.618392,23.672997],[119.619492,23.673512],[119.619276,23.674028],[119.619623,23.67471],[119.619303,23.67496],[119.61957,23.675286],[119.617811,23.67584]]],[[[119.671002,23.67614],[119.670001,23.675056],[119.669629,23.675073],[119.668591,23.673453],[119.66924,23.673461],[119.669849,23.673969],[119.670725,23.673791],[119.671346,23.674116],[119.671055,23.674474],[119.671327,23.674676],[119.671568,23.67423],[119.672717,23.674453],[119.672944,23.674989],[119.672655,23.675607],[119.671351,23.676055],[119.671042,23.675866],[119.671002,23.67614]]],[[[119.556234,23.67661],[119.555567,23.676732],[119.554849,23.676346],[119.554394,23.67656],[119.554074,23.675503],[119.554771,23.673988],[119.556342,23.673406],[119.556796,23.673951],[119.556863,23.675425],[119.556234,23.67661]]],[[[119.582299,23.677519],[119.579526,23.676249],[119.578717,23.676243],[119.578755,23.675537],[119.577659,23.674374],[119.574571,23.673141],[119.573774,23.673223],[119.572545,23.67251],[119.57193,23.672605],[119.571234,23.671553],[119.570421,23.672403],[119.568238,23.672474],[119.569633,23.672379],[119.569617,23.671945],[119.569708,23.672401],[119.570373,23.672322],[119.571073,23.671527],[119.569699,23.671073],[119.570459,23.670919],[119.569865,23.670671],[119.57028,23.670566],[119.570247,23.670272],[119.569744,23.670362],[119.569598,23.6709],[119.569665,23.671812],[119.569487,23.671106],[119.569162,23.671432],[119.568733,23.67133],[119.56861,23.672082],[119.568399,23.671717],[119.564983,23.670831],[119.560806,23.670724],[119.556668,23.668746],[119.555193,23.668553],[119.553875,23.666462],[119.552832,23.665821],[119.552566,23.66381],[119.550856,23.66278],[119.552072,23.660268],[119.550449,23.659043],[119.550153,23.657751],[119.55049,23.657526],[119.550746,23.658358],[119.551784,23.658592],[119.552158,23.659484],[119.552858,23.658944],[119.552672,23.658498],[119.552986,23.658838],[119.553818,23.658347],[119.553528,23.657933],[119.553996,23.657511],[119.553533,23.656971],[119.551954,23.658117],[119.551315,23.658033],[119.5534,23.656775],[119.548395,23.651267],[119.542209,23.643148],[119.541627,23.642884],[119.540304,23.64045],[119.538334,23.639548],[119.536253,23.639481],[119.535556,23.638668],[119.533027,23.638808],[119.532615,23.639141],[119.53201,23.638933],[119.531784,23.640261],[119.531359,23.640502],[119.531824,23.639877],[119.531523,23.639777],[119.531859,23.639615],[119.531897,23.638931],[119.530816,23.639118],[119.52947,23.639946],[119.529884,23.640306],[119.531285,23.64005],[119.529902,23.640447],[119.529171,23.639974],[119.527756,23.640502],[119.525325,23.642182],[119.525226,23.64281],[119.525922,23.643457],[119.525735,23.643937],[119.525137,23.644002],[119.524835,23.643432],[119.524153,23.643165],[119.523662,23.643275],[119.523602,23.642524],[119.522626,23.642326],[119.521646,23.642675],[119.51935,23.644466],[119.519883,23.646247],[119.519472,23.646856],[119.519794,23.647164],[119.519526,23.647621],[119.521114,23.64824],[119.521353,23.648994],[119.522466,23.649512],[119.522981,23.650355],[119.524308,23.651298],[119.523777,23.652262],[119.524541,23.653634],[119.524552,23.654668],[119.523991,23.65509],[119.524105,23.65586],[119.523496,23.655903],[119.523059,23.655482],[119.522313,23.655644],[119.521924,23.655335],[119.520075,23.655568],[119.519295,23.65492],[119.518653,23.655256],[119.518725,23.65487],[119.517917,23.654572],[119.516674,23.654814],[119.51615,23.655328],[119.515788,23.655313],[119.515651,23.654878],[119.515301,23.655575],[119.514266,23.655554],[119.514267,23.655025],[119.513554,23.654407],[119.513524,23.653743],[119.513843,23.653018],[119.514405,23.652742],[119.51422,23.652023],[119.51492,23.651575],[119.514881,23.65184],[119.515338,23.651708],[119.516689,23.652624],[119.517281,23.652323],[119.517752,23.651325],[119.517602,23.650805],[119.518259,23.650062],[119.517922,23.649197],[119.518702,23.649906],[119.519128,23.649774],[119.518962,23.649258],[119.519407,23.649658],[119.519671,23.648153],[119.519311,23.647656],[119.518137,23.647711],[119.517938,23.649006],[119.517136,23.648887],[119.516641,23.649507],[119.51562,23.64984],[119.514814,23.649068],[119.51524,23.648712],[119.514161,23.647628],[119.513636,23.647867],[119.514041,23.648008],[119.51368,23.648537],[119.512618,23.648667],[119.51203,23.648353],[119.511586,23.647654],[119.511907,23.647378],[119.511857,23.646733],[119.511475,23.64726],[119.511605,23.64614],[119.510572,23.64519],[119.509622,23.642426],[119.509687,23.641464],[119.508939,23.640426],[119.509046,23.639976],[119.507835,23.638298],[119.507398,23.638182],[119.507804,23.637425],[119.507509,23.636317],[119.50657,23.635585],[119.505942,23.635553],[119.504936,23.636152],[119.503961,23.635589],[119.50344,23.634498],[119.503283,23.63292],[119.50216,23.630926],[119.502829,23.629285],[119.502521,23.627798],[119.503541,23.626876],[119.504346,23.625519],[119.504101,23.623788],[119.50258,23.622782],[119.501672,23.622701],[119.501539,23.622153],[119.501025,23.622126],[119.499288,23.620102],[119.499548,23.619753],[119.499901,23.619951],[119.500221,23.619688],[119.499656,23.619518],[119.500831,23.617661],[119.503859,23.616109],[119.503942,23.615348],[119.504319,23.61509],[119.504166,23.615555],[119.504492,23.615611],[119.504559,23.616245],[119.503823,23.616498],[119.504173,23.617036],[119.505711,23.617392],[119.505706,23.616855],[119.505092,23.616783],[119.505708,23.616781],[119.505708,23.616426],[119.504815,23.616341],[119.504952,23.615903],[119.505662,23.61555],[119.505287,23.615358],[119.507325,23.615193],[119.507133,23.614489],[119.508675,23.613281],[119.508946,23.612652],[119.508791,23.611524],[119.5082,23.610736],[119.506774,23.61042],[119.505816,23.610554],[119.505134,23.610184],[119.505125,23.609726],[119.504478,23.609732],[119.504476,23.609231],[119.505174,23.609143],[119.50508,23.60831],[119.504476,23.608376],[119.505045,23.607751],[119.504314,23.607672],[119.504765,23.607318],[119.504546,23.606895],[119.503932,23.607134],[119.503149,23.606764],[119.503204,23.605989],[119.50265,23.605675],[119.502893,23.605218],[119.503242,23.605567],[119.503506,23.605363],[119.503168,23.60405],[119.502514,23.604276],[119.502172,23.603852],[119.502425,23.602883],[119.502159,23.602268],[119.502641,23.601675],[119.502215,23.60094],[119.502453,23.60079],[119.502879,23.601225],[119.502949,23.600866],[119.502428,23.599612],[119.5029,23.599784],[119.503014,23.600484],[119.503462,23.600121],[119.503218,23.599734],[119.503527,23.600065],[119.503827,23.599824],[119.50341,23.599363],[119.503077,23.599606],[119.503525,23.59915],[119.50406,23.599661],[119.503923,23.599366],[119.504203,23.599378],[119.504447,23.598734],[119.503605,23.598936],[119.50357,23.59869],[119.503732,23.598317],[119.503795,23.598684],[119.504498,23.598639],[119.50443,23.597299],[119.501956,23.595995],[119.501557,23.596091],[119.501292,23.596832],[119.500756,23.596735],[119.499913,23.595351],[119.498376,23.595675],[119.497528,23.596863],[119.498145,23.597682],[119.497582,23.598136],[119.498312,23.600253],[119.498176,23.600705],[119.4978,23.600794],[119.497105,23.600209],[119.496695,23.601073],[119.495306,23.600427],[119.49448,23.600453],[119.493801,23.60208],[119.493387,23.601727],[119.493323,23.600964],[119.492423,23.600048],[119.492434,23.599549],[119.491806,23.599592],[119.49146,23.598602],[119.491723,23.598123],[119.492451,23.598104],[119.492813,23.597591],[119.494037,23.59728],[119.494101,23.596072],[119.493562,23.595634],[119.492763,23.595972],[119.491107,23.59547],[119.490311,23.595684],[119.489517,23.594265],[119.491153,23.593935],[119.492228,23.594437],[119.49568,23.59332],[119.498532,23.592963],[119.502146,23.590452],[119.504464,23.587354],[119.504592,23.585975],[119.50325,23.586295],[119.503155,23.586072],[119.504261,23.58514],[119.503943,23.584112],[119.503336,23.583559],[119.503514,23.582824],[119.502861,23.580601],[119.503374,23.579138],[119.500868,23.576234],[119.499343,23.577217],[119.499172,23.577048],[119.499996,23.57621],[119.499681,23.57499],[119.499932,23.574932],[119.50024,23.576083],[119.50082,23.575925],[119.500587,23.574994],[119.500059,23.574851],[119.500274,23.574611],[119.499523,23.574159],[119.498894,23.574225],[119.499436,23.575006],[119.499167,23.576134],[119.498824,23.574715],[119.497078,23.573603],[119.497176,23.572235],[119.496501,23.571846],[119.495832,23.572164],[119.493501,23.570483],[119.491844,23.569832],[119.488289,23.570261],[119.488035,23.570519],[119.488312,23.571136],[119.487844,23.571242],[119.487131,23.572201],[119.486078,23.572505],[119.485008,23.573294],[119.485159,23.574022],[119.483396,23.575407],[119.48152,23.574898],[119.4813,23.575429],[119.481236,23.5747],[119.480634,23.573989],[119.480767,23.573476],[119.477853,23.568943],[119.471426,23.565753],[119.469536,23.565365],[119.467975,23.563465],[119.467219,23.561291],[119.467988,23.560514],[119.469817,23.560233],[119.472196,23.559264],[119.474194,23.560091],[119.476518,23.559807],[119.479636,23.562628],[119.480342,23.561881],[119.480881,23.561863],[119.479907,23.562783],[119.480182,23.56294],[119.478996,23.56295],[119.479468,23.564012],[119.480652,23.56441],[119.48308,23.564344],[119.482872,23.563555],[119.480994,23.563217],[119.480512,23.562795],[119.480783,23.562606],[119.481188,23.563043],[119.484444,23.563886],[119.489731,23.562664],[119.491319,23.563382],[119.492077,23.566063],[119.493783,23.567392],[119.496174,23.568141],[119.497858,23.568158],[119.499448,23.56774],[119.50034,23.56685],[119.500181,23.566525],[119.500542,23.566436],[119.500572,23.567165],[119.501727,23.566737],[119.501142,23.565842],[119.49906,23.566355],[119.498661,23.566099],[119.499943,23.566074],[119.500547,23.565693],[119.500375,23.565326],[119.501573,23.565739],[119.501947,23.566226],[119.502146,23.566828],[119.501261,23.567359],[119.503114,23.566394],[119.505461,23.566418],[119.506757,23.5657],[119.509343,23.565055],[119.510739,23.564486],[119.511305,23.563721],[119.511659,23.564138],[119.512,23.563825],[119.512688,23.564416],[119.515108,23.564086],[119.516232,23.564795],[119.518043,23.567311],[119.516553,23.568264],[119.515387,23.568053],[119.515015,23.568312],[119.515935,23.569282],[119.514658,23.568469],[119.514055,23.569229],[119.515207,23.569783],[119.515844,23.569682],[119.515006,23.570028],[119.514025,23.56943],[119.513139,23.570578],[119.513809,23.5713],[119.513734,23.572878],[119.514536,23.573352],[119.51471,23.574311],[119.515206,23.574582],[119.512537,23.575645],[119.512282,23.576486],[119.513312,23.577257],[119.512728,23.578794],[119.512788,23.579229],[119.513275,23.579228],[119.513276,23.579485],[119.512479,23.579461],[119.512245,23.579762],[119.512037,23.579516],[119.512042,23.580713],[119.512912,23.580818],[119.512028,23.580889],[119.512046,23.581893],[119.513051,23.582366],[119.513062,23.58147],[119.513313,23.581483],[119.513317,23.582393],[119.514762,23.582442],[119.514981,23.58187],[119.513279,23.580111],[119.513838,23.579933],[119.513825,23.580366],[119.515276,23.581815],[119.515205,23.582454],[119.516133,23.583517],[119.516315,23.585399],[119.514354,23.587814],[119.512867,23.591828],[119.512282,23.592158],[119.514887,23.594695],[119.516598,23.594685],[119.517082,23.594347],[119.516937,23.594065],[119.517225,23.594105],[119.516592,23.593279],[119.517438,23.594188],[119.517817,23.594017],[119.518088,23.594357],[119.519627,23.59453],[119.51977,23.595711],[119.521149,23.597688],[119.522045,23.600227],[119.523127,23.601765],[119.522477,23.603632],[119.522972,23.604845],[119.521682,23.606384],[119.521734,23.606982],[119.522133,23.606888],[119.520338,23.609423],[119.519815,23.61088],[119.520057,23.610956],[119.5198,23.611165],[119.520954,23.610834],[119.521185,23.611862],[119.520102,23.612223],[119.521245,23.612582],[119.521769,23.614824],[119.521446,23.615902],[119.519528,23.618681],[119.51956,23.619746],[119.521144,23.620791],[119.519819,23.622628],[119.519522,23.624173],[119.518107,23.625361],[119.517673,23.62701],[119.518182,23.62865],[119.519101,23.628441],[119.518406,23.628868],[119.518742,23.629316],[119.521678,23.631264],[119.522298,23.631343],[119.522763,23.629081],[119.522997,23.630663],[119.523931,23.630161],[119.523163,23.630748],[119.523359,23.631242],[119.524818,23.630657],[119.52339,23.629221],[119.522984,23.629519],[119.523326,23.629163],[119.522963,23.628774],[119.524605,23.630062],[119.530253,23.630191],[119.530872,23.631377],[119.531915,23.632326],[119.536495,23.633658],[119.536408,23.632775],[119.539194,23.632224],[119.537378,23.632718],[119.537372,23.633224],[119.537957,23.633316],[119.53737,23.633323],[119.537415,23.634065],[119.538461,23.633599],[119.538084,23.633183],[119.538548,23.633533],[119.53882,23.633264],[119.538286,23.632746],[119.539387,23.63265],[119.538902,23.632913],[119.540406,23.634432],[119.540734,23.63693],[119.541757,23.637755],[119.543069,23.637937],[119.542939,23.639924],[119.543746,23.640798],[119.541986,23.64054],[119.541588,23.64008],[119.540983,23.640144],[119.540745,23.640614],[119.541175,23.641287],[119.542136,23.641494],[119.54175,23.641768],[119.542067,23.642214],[119.542357,23.642137],[119.54196,23.642364],[119.542376,23.643085],[119.546473,23.648359],[119.553986,23.656976],[119.556041,23.655488],[119.555238,23.656297],[119.55407,23.657064],[119.554482,23.657512],[119.555249,23.656947],[119.555064,23.656616],[119.555325,23.656911],[119.555691,23.656661],[119.555573,23.656255],[119.555788,23.656606],[119.556294,23.656381],[119.555941,23.656238],[119.556197,23.656014],[119.557011,23.656117],[119.5569,23.655713],[119.558092,23.655722],[119.558089,23.655316],[119.556294,23.65579],[119.556885,23.655476],[119.55664,23.654664],[119.555965,23.654333],[119.556773,23.65451],[119.55705,23.655433],[119.558323,23.655232],[119.558637,23.655625],[119.562528,23.65237],[119.563264,23.65139],[119.564337,23.652751],[119.564962,23.654869],[119.565716,23.6556],[119.567063,23.65604],[119.566564,23.656834],[119.567083,23.658064],[119.566896,23.659027],[119.567403,23.659874],[119.571043,23.662228],[119.57369,23.662702],[119.577777,23.662526],[119.57964,23.661373],[119.580987,23.661833],[119.581616,23.660839],[119.580869,23.659065],[119.582054,23.658786],[119.582704,23.658036],[119.581931,23.657553],[119.579827,23.657733],[119.579781,23.657087],[119.579875,23.657665],[119.580716,23.657605],[119.580703,23.657269],[119.580091,23.657247],[119.580762,23.657183],[119.580748,23.656686],[119.579443,23.656579],[119.579417,23.656353],[119.581795,23.656762],[119.583238,23.655474],[119.583266,23.65483],[119.582009,23.65407],[119.582423,23.652642],[119.586231,23.649774],[119.587017,23.647748],[119.588517,23.647151],[119.588762,23.645419],[119.587895,23.644068],[119.589083,23.644269],[119.593079,23.64208],[119.594116,23.641184],[119.594764,23.640035],[119.59438,23.638542],[119.595798,23.635468],[119.595744,23.633703],[119.59499,23.632492],[119.590706,23.62956],[119.59129,23.628023],[119.590179,23.626941],[119.589801,23.625563],[119.589167,23.625216],[119.589417,23.623639],[119.588512,23.622667],[119.589694,23.622261],[119.591688,23.624159],[119.593165,23.62462],[119.595554,23.62465],[119.596402,23.624287],[119.596166,23.623631],[119.595565,23.62371],[119.596212,23.623496],[119.596556,23.624278],[119.597487,23.623592],[119.597833,23.62372],[119.598522,23.623333],[119.599407,23.622287],[119.599009,23.6213],[119.600005,23.62037],[119.600658,23.62093],[119.600949,23.622692],[119.601897,23.623957],[119.603692,23.624343],[119.60453,23.625001],[119.605354,23.622108],[119.605467,23.620078],[119.603166,23.618509],[119.602852,23.617558],[119.602255,23.617203],[119.599995,23.61719],[119.599316,23.616879],[119.598081,23.617497],[119.597352,23.617414],[119.597039,23.616689],[119.597318,23.615902],[119.60019,23.613462],[119.601285,23.613067],[119.600541,23.611668],[119.601042,23.611411],[119.600709,23.611735],[119.601273,23.612595],[119.602494,23.612112],[119.602233,23.611479],[119.601608,23.611698],[119.602209,23.611348],[119.601992,23.610931],[119.600851,23.611211],[119.60208,23.610741],[119.602452,23.611561],[119.60301,23.610981],[119.602533,23.611712],[119.602673,23.612082],[119.603142,23.6119],[119.603344,23.611646],[119.602992,23.610753],[119.603528,23.610625],[119.603906,23.611005],[119.60335,23.61017],[119.604355,23.609066],[119.605651,23.60975],[119.605049,23.610088],[119.605316,23.610695],[119.607023,23.609986],[119.609645,23.610368],[119.612047,23.606986],[119.612368,23.605439],[119.611172,23.605416],[119.611346,23.605271],[119.61084,23.604777],[119.611044,23.605433],[119.610675,23.605723],[119.605802,23.605564],[119.605708,23.602539],[119.605307,23.60264],[119.605164,23.601973],[119.604404,23.601937],[119.60309,23.600969],[119.602969,23.600484],[119.603595,23.600171],[119.60383,23.599596],[119.603228,23.598488],[119.604337,23.597712],[119.604719,23.596584],[119.604534,23.596122],[119.604948,23.595885],[119.605506,23.596251],[119.606626,23.596005],[119.605739,23.594257],[119.605993,23.594068],[119.606278,23.594821],[119.607707,23.593705],[119.607371,23.59318],[119.606125,23.593955],[119.607585,23.592992],[119.607023,23.592281],[119.607149,23.588357],[119.606132,23.586946],[119.607235,23.586542],[119.607269,23.58598],[119.606559,23.58521],[119.60452,23.585284],[119.602498,23.584558],[119.60067,23.584714],[119.599526,23.584032],[119.598429,23.582804],[119.599459,23.581795],[119.599718,23.580582],[119.599637,23.580318],[119.598828,23.580455],[119.598735,23.580132],[119.59938,23.579852],[119.599069,23.579013],[119.598053,23.57874],[119.599369,23.578349],[119.599247,23.578042],[119.598343,23.578222],[119.599341,23.57785],[119.599385,23.576951],[119.598783,23.577089],[119.598715,23.577523],[119.597744,23.577504],[119.597485,23.576943],[119.597791,23.577409],[119.598631,23.577419],[119.598731,23.576999],[119.599864,23.576794],[119.602132,23.577069],[119.600153,23.576585],[119.600476,23.575613],[119.599997,23.57657],[119.599639,23.57658],[119.59997,23.576491],[119.600253,23.575643],[119.598836,23.575827],[119.598718,23.575414],[119.597845,23.57488],[119.597391,23.573178],[119.597559,23.571832],[119.597143,23.572009],[119.597194,23.570758],[119.597473,23.57069],[119.59689,23.570342],[119.597279,23.568986],[119.595479,23.569467],[119.593931,23.570441],[119.59435,23.571207],[119.59392,23.571254],[119.593867,23.572099],[119.59445,23.573311],[119.594118,23.574818],[119.593755,23.574634],[119.592999,23.574955],[119.591105,23.574509],[119.589868,23.572276],[119.588587,23.571726],[119.587424,23.571933],[119.587027,23.57119],[119.587048,23.571472],[119.587308,23.571774],[119.587127,23.572271],[119.586011,23.572905],[119.585553,23.573559],[119.585604,23.576038],[119.588773,23.578619],[119.589061,23.579849],[119.588909,23.580781],[119.588481,23.580783],[119.587938,23.578803],[119.587519,23.578527],[119.587116,23.57872],[119.586637,23.57828],[119.585328,23.578377],[119.58343,23.579479],[119.583248,23.579191],[119.58274,23.579814],[119.582975,23.580452],[119.585337,23.579662],[119.585536,23.580092],[119.585251,23.579831],[119.584572,23.580042],[119.584611,23.580552],[119.584434,23.580096],[119.583734,23.58032],[119.583728,23.580711],[119.58358,23.580375],[119.582997,23.580558],[119.583219,23.581182],[119.585715,23.580234],[119.585599,23.580801],[119.583278,23.581403],[119.582839,23.582868],[119.582404,23.583014],[119.582636,23.583259],[119.583426,23.583168],[119.583473,23.584421],[119.584562,23.584873],[119.585412,23.585705],[119.585013,23.58546],[119.584436,23.584882],[119.583757,23.584867],[119.585923,23.586258],[119.586187,23.587812],[119.585498,23.589077],[119.58506,23.5892],[119.584504,23.588622],[119.583334,23.589354],[119.583992,23.58906],[119.584406,23.589429],[119.584022,23.590114],[119.582862,23.590877],[119.583865,23.591573],[119.583815,23.593325],[119.584351,23.593734],[119.584171,23.594242],[119.583367,23.594245],[119.581848,23.593669],[119.581723,23.592112],[119.582631,23.59176],[119.581801,23.590089],[119.581133,23.589649],[119.580105,23.589623],[119.578675,23.587818],[119.576275,23.587491],[119.576982,23.586908],[119.577095,23.58628],[119.57469,23.58495],[119.574196,23.584895],[119.573938,23.585544],[119.572495,23.585681],[119.572519,23.585044],[119.571902,23.584633],[119.572146,23.585729],[119.571106,23.585929],[119.571023,23.58549],[119.571146,23.585853],[119.57198,23.585703],[119.571788,23.584846],[119.57001,23.585157],[119.570084,23.585563],[119.570792,23.585258],[119.570713,23.585786],[119.570583,23.585521],[119.570041,23.585595],[119.569882,23.585266],[119.568365,23.584876],[119.566907,23.584954],[119.566744,23.584693],[119.566758,23.585261],[119.566065,23.585305],[119.565806,23.584752],[119.565883,23.585576],[119.564191,23.585837],[119.563547,23.58521],[119.562043,23.585324],[119.561672,23.585061],[119.561959,23.583744],[119.566552,23.577901],[119.567333,23.575859],[119.566661,23.575835],[119.566915,23.575669],[119.567355,23.575767],[119.567418,23.574945],[119.56638,23.573456],[119.56278,23.571715],[119.560718,23.571182],[119.559942,23.570357],[119.559805,23.569558],[119.560472,23.565644],[119.559759,23.56415],[119.558612,23.563633],[119.555735,23.563248],[119.557306,23.562288],[119.557785,23.56094],[119.558176,23.560698],[119.559575,23.560945],[119.55964,23.561859],[119.559758,23.561008],[119.560979,23.561175],[119.559836,23.561105],[119.559723,23.562058],[119.560525,23.562159],[119.560708,23.561623],[119.560637,23.562183],[119.560993,23.562225],[119.561245,23.561533],[119.561122,23.562389],[119.561552,23.562604],[119.562129,23.562521],[119.562339,23.561877],[119.563515,23.562757],[119.564781,23.562667],[119.564571,23.561501],[119.564972,23.562621],[119.567028,23.56274],[119.569004,23.564661],[119.569769,23.563987],[119.568088,23.562384],[119.5676,23.562465],[119.568237,23.562092],[119.571297,23.56509],[119.570151,23.564304],[119.568877,23.565318],[119.569479,23.565903],[119.570334,23.565204],[119.569641,23.56604],[119.570271,23.566629],[119.571875,23.565158],[119.572187,23.565489],[119.571992,23.565652],[119.574301,23.567969],[119.575196,23.567242],[119.574743,23.566777],[119.574938,23.56658],[119.575434,23.567047],[119.576095,23.566425],[119.57483,23.565195],[119.575556,23.564582],[119.576833,23.565804],[119.577767,23.564985],[119.577276,23.564359],[119.577559,23.564115],[119.578126,23.564675],[119.579545,23.563396],[119.579172,23.562908],[119.578439,23.563524],[119.578995,23.562752],[119.578443,23.562195],[119.576606,23.563748],[119.576386,23.563444],[119.578197,23.561895],[119.576834,23.560546],[119.573429,23.563593],[119.572356,23.563147],[119.57515,23.561137],[119.574204,23.559908],[119.574645,23.560362],[119.57745,23.558654],[119.576291,23.557013],[119.573505,23.558685],[119.573735,23.559259],[119.573467,23.558908],[119.572764,23.559319],[119.573428,23.558818],[119.57299,23.558045],[119.572105,23.55843],[119.57303,23.557512],[119.573992,23.55722],[119.575719,23.554866],[119.573547,23.55451],[119.572928,23.553765],[119.571191,23.552871],[119.569452,23.553196],[119.569068,23.552836],[119.568319,23.552798],[119.56819,23.553936],[119.567533,23.554812],[119.566326,23.555607],[119.563953,23.556297],[119.563495,23.557326],[119.562908,23.557725],[119.561886,23.556941],[119.562522,23.557221],[119.562681,23.556959],[119.562507,23.555481],[119.561721,23.554682],[119.561049,23.554827],[119.561951,23.554343],[119.562392,23.553323],[119.561993,23.552519],[119.565062,23.553126],[119.565556,23.552659],[119.565278,23.551615],[119.564475,23.55164],[119.564337,23.551905],[119.564012,23.551583],[119.563955,23.552019],[119.563699,23.551995],[119.563751,23.551553],[119.562943,23.551429],[119.562382,23.550066],[119.562739,23.549956],[119.562262,23.54861],[119.562523,23.548528],[119.563016,23.549858],[119.565066,23.549185],[119.564784,23.547795],[119.565288,23.54912],[119.565649,23.548995],[119.566066,23.550009],[119.566347,23.549925],[119.566547,23.550396],[119.568155,23.54986],[119.568047,23.551124],[119.568301,23.55146],[119.569053,23.551301],[119.569674,23.551001],[119.569382,23.549647],[119.569022,23.549563],[119.568649,23.548415],[119.571756,23.549289],[119.572332,23.549129],[119.572602,23.546938],[119.573271,23.545306],[119.573153,23.546292],[119.574435,23.547322],[119.576315,23.547389],[119.57705,23.548258],[119.578099,23.548035],[119.57851,23.548666],[119.57968,23.548747],[119.581336,23.549748],[119.582011,23.548741],[119.58374,23.548366],[119.585005,23.549711],[119.586623,23.549656],[119.587174,23.550755],[119.58805,23.550449],[119.587007,23.550909],[119.587498,23.551948],[119.588045,23.551289],[119.588782,23.551395],[119.588407,23.550141],[119.588039,23.550088],[119.588497,23.550007],[119.588986,23.551428],[119.589676,23.552005],[119.590433,23.552045],[119.590462,23.55235],[119.591048,23.552269],[119.591174,23.551036],[119.590495,23.551196],[119.590414,23.550777],[119.591104,23.550632],[119.590974,23.549928],[119.590666,23.549846],[119.591081,23.549792],[119.591496,23.551531],[119.59102,23.55249],[119.591195,23.552857],[119.591814,23.552388],[119.59214,23.552754],[119.592814,23.551208],[119.59145,23.551283],[119.593018,23.551038],[119.593498,23.549898],[119.594186,23.550358],[119.595417,23.550243],[119.595462,23.549457],[119.59449,23.54945],[119.594402,23.548432],[119.594605,23.549074],[119.595638,23.549055],[119.595861,23.548119],[119.595945,23.549663],[119.597878,23.549705],[119.598395,23.550015],[119.598392,23.54927],[119.599669,23.549938],[119.599571,23.550281],[119.602253,23.547869],[119.604106,23.548345],[119.604317,23.548062],[119.604056,23.547769],[119.602447,23.547787],[119.602514,23.547019],[119.602105,23.546348],[119.600753,23.54599],[119.600115,23.545347],[119.600446,23.543415],[119.602216,23.541309],[119.602981,23.540911],[119.603131,23.540344],[119.602376,23.540076],[119.600455,23.540144],[119.600274,23.539357],[119.599403,23.538403],[119.596918,23.538803],[119.597115,23.539277],[119.59629,23.539454],[119.596111,23.538933],[119.595135,23.538212],[119.594905,23.536861],[119.597242,23.532809],[119.595665,23.532523],[119.597691,23.532764],[119.598894,23.531845],[119.599381,23.532333],[119.599164,23.531029],[119.599782,23.531088],[119.598312,23.529402],[119.596712,23.528648],[119.59675,23.528061],[119.596325,23.527803],[119.596398,23.527173],[119.595895,23.526527],[119.59477,23.526712],[119.594207,23.527359],[119.593545,23.52717],[119.592547,23.527903],[119.592484,23.528246],[119.593035,23.528723],[119.592493,23.528892],[119.591703,23.530076],[119.591367,23.53],[119.590892,23.530562],[119.590751,23.532183],[119.590522,23.530789],[119.589852,23.531101],[119.588544,23.530627],[119.588402,23.531379],[119.587666,23.53145],[119.588321,23.531172],[119.588266,23.53073],[119.587586,23.530811],[119.588255,23.530662],[119.588149,23.530026],[119.586408,23.529145],[119.585182,23.530744],[119.585117,23.531983],[119.584403,23.531859],[119.582728,23.532699],[119.580888,23.532015],[119.580481,23.531441],[119.58037,23.528348],[119.579779,23.527366],[119.580513,23.528312],[119.581001,23.528244],[119.581331,23.526248],[119.580742,23.525692],[119.57992,23.525777],[119.579799,23.524917],[119.580342,23.523691],[119.5798,23.523282],[119.579224,23.524088],[119.578355,23.523617],[119.57853,23.523341],[119.579184,23.523944],[119.579739,23.523095],[119.578564,23.521957],[119.577251,23.521371],[119.575552,23.521197],[119.57592,23.521166],[119.575902,23.519938],[119.574664,23.520139],[119.574571,23.519643],[119.573785,23.520614],[119.573488,23.522656],[119.573073,23.523371],[119.571729,23.524258],[119.571976,23.524463],[119.571453,23.525243],[119.57186,23.525982],[119.57301,23.526175],[119.57405,23.526857],[119.574463,23.527828],[119.574015,23.528038],[119.573479,23.527794],[119.572884,23.528688],[119.573322,23.52774],[119.572338,23.527231],[119.572135,23.527496],[119.57193,23.527885],[119.572514,23.528402],[119.572028,23.5286],[119.572261,23.528263],[119.571823,23.528044],[119.571214,23.529001],[119.572214,23.529496],[119.572732,23.528882],[119.572043,23.530014],[119.572339,23.530112],[119.572807,23.529428],[119.573496,23.529117],[119.572834,23.529494],[119.571868,23.530836],[119.57188,23.531985],[119.567776,23.531212],[119.566476,23.532088],[119.565523,23.53471],[119.564432,23.53357],[119.565211,23.533003],[119.566076,23.531609],[119.564709,23.530304],[119.564628,23.529833],[119.562902,23.529306],[119.562782,23.530196],[119.560855,23.530831],[119.559783,23.528374],[119.5607,23.52805],[119.561336,23.527389],[119.56113,23.526771],[119.559584,23.526449],[119.557441,23.526725],[119.557162,23.527343],[119.555954,23.527945],[119.555031,23.528915],[119.554577,23.531415],[119.55682,23.533105],[119.557276,23.53393],[119.556329,23.535337],[119.556914,23.536364],[119.556945,23.537545],[119.556708,23.538099],[119.553537,23.539108],[119.551045,23.54065],[119.551672,23.54244],[119.551376,23.542723],[119.55157,23.542377],[119.55127,23.541667],[119.550769,23.541847],[119.551142,23.541604],[119.550518,23.540683],[119.550773,23.540572],[119.550635,23.540127],[119.550287,23.54023],[119.550399,23.540614],[119.550185,23.540262],[119.549779,23.54067],[119.549959,23.541076],[119.550571,23.541004],[119.549985,23.541218],[119.550439,23.542194],[119.550742,23.542114],[119.550157,23.542838],[119.550554,23.543261],[119.551209,23.543042],[119.551392,23.543822],[119.551012,23.543571],[119.550804,23.543788],[119.551105,23.546101],[119.550886,23.547709],[119.551861,23.548415],[119.549612,23.549642],[119.547943,23.551034],[119.547898,23.551982],[119.549141,23.553528],[119.548785,23.553997],[119.548086,23.554115],[119.547553,23.553405],[119.546316,23.5498],[119.546835,23.548902],[119.545988,23.547891],[119.545366,23.547835],[119.54535,23.546508],[119.545038,23.546206],[119.543608,23.546143],[119.543532,23.546679],[119.54408,23.546449],[119.544151,23.546787],[119.543463,23.546853],[119.543349,23.546284],[119.542876,23.548096],[119.542334,23.548245],[119.542118,23.547327],[119.542468,23.547019],[119.541984,23.54686],[119.542501,23.545493],[119.541577,23.543358],[119.541047,23.543028],[119.541135,23.542477],[119.540404,23.541963],[119.541274,23.542368],[119.54139,23.541894],[119.540959,23.541735],[119.54139,23.541799],[119.541457,23.541324],[119.540575,23.541303],[119.540388,23.541502],[119.540813,23.541808],[119.540374,23.5418],[119.540239,23.541487],[119.540465,23.541165],[119.541453,23.541128],[119.541266,23.53877],[119.543911,23.537198],[119.544604,23.538151],[119.547703,23.539521],[119.549469,23.539005],[119.55021,23.536903],[119.549557,23.535659],[119.548276,23.535391],[119.548299,23.534043],[119.548778,23.53324],[119.55004,23.53359],[119.551743,23.533218],[119.553411,23.532002],[119.554369,23.530059],[119.553536,23.528277],[119.554914,23.526692],[119.55561,23.524865],[119.556986,23.523465],[119.557499,23.523423],[119.558713,23.524199],[119.560944,23.524002],[119.561937,23.524664],[119.562841,23.526097],[119.564539,23.526276],[119.567437,23.525822],[119.569941,23.524434],[119.572172,23.522471],[119.573017,23.521163],[119.574029,23.517532],[119.573584,23.516436],[119.571433,23.514385],[119.570703,23.512234],[119.571045,23.51112],[119.57085,23.510419],[119.571326,23.509374],[119.572847,23.508066],[119.575702,23.507371],[119.577173,23.507881],[119.577984,23.509085],[119.578877,23.509466],[119.580621,23.509157],[119.583344,23.509542],[119.584297,23.509204],[119.584557,23.509636],[119.585806,23.509799],[119.586257,23.510434],[119.586817,23.510366],[119.586728,23.510752],[119.587161,23.51106],[119.587952,23.510687],[119.58896,23.511455],[119.58864,23.512219],[119.590223,23.51283],[119.595518,23.512507],[119.595606,23.511421],[119.59706,23.510636],[119.596908,23.511337],[119.595928,23.51156],[119.595998,23.51234],[119.5964,23.512332],[119.596224,23.512911],[119.59666,23.513792],[119.597144,23.513975],[119.597463,23.513576],[119.597286,23.514004],[119.597823,23.514207],[119.598147,23.513423],[119.597059,23.513278],[119.597108,23.512487],[119.596786,23.512236],[119.597202,23.511722],[119.597551,23.512305],[119.597778,23.512099],[119.597504,23.511551],[119.597783,23.511415],[119.598094,23.511915],[119.598322,23.511785],[119.597562,23.510269],[119.597919,23.51015],[119.598727,23.51179],[119.599761,23.511238],[119.599792,23.510859],[119.600176,23.511193],[119.600619,23.511],[119.601662,23.509443],[119.602681,23.509098],[119.604769,23.509196],[119.606264,23.507813],[119.607423,23.508005],[119.608001,23.509016],[119.607938,23.512565],[119.60577,23.515594],[119.605558,23.516514],[119.606582,23.517203],[119.607607,23.517142],[119.609423,23.51779],[119.610061,23.51848],[119.611614,23.518836],[119.610828,23.51978],[119.611771,23.521844],[119.611577,23.522502],[119.61073,23.522866],[119.609376,23.522203],[119.606432,23.522145],[119.605152,23.524005],[119.605961,23.524763],[119.605757,23.524967],[119.605167,23.524475],[119.604458,23.525141],[119.604645,23.525793],[119.605675,23.525487],[119.605757,23.525768],[119.604726,23.526041],[119.605474,23.52712],[119.60651,23.526316],[119.607068,23.52528],[119.606643,23.526474],[119.605057,23.527744],[119.605573,23.528625],[119.607103,23.52975],[119.607885,23.529526],[119.609167,23.529997],[119.60967,23.530686],[119.609386,23.531439],[119.609613,23.53211],[119.610701,23.533106],[119.611696,23.532716],[119.612334,23.536007],[119.613008,23.537027],[119.614285,23.538006],[119.615791,23.538809],[119.616823,23.538904],[119.618406,23.53881],[119.619658,23.537683],[119.620981,23.537707],[119.621463,23.538082],[119.620776,23.540796],[119.620867,23.542069],[119.621583,23.542641],[119.621765,23.542498],[119.621284,23.542087],[119.621508,23.541949],[119.623631,23.543841],[119.624914,23.543052],[119.623592,23.54415],[119.624064,23.544641],[119.62448,23.544887],[119.62525,23.544293],[119.625183,23.542835],[119.624799,23.54247],[119.62544,23.542766],[119.625501,23.544316],[119.624902,23.544809],[119.62686,23.54586],[119.627566,23.545764],[119.627977,23.546688],[119.629141,23.547629],[119.6314,23.547728],[119.631806,23.547092],[119.631578,23.546475],[119.631979,23.54604],[119.632917,23.546542],[119.63357,23.546291],[119.634716,23.546873],[119.635047,23.546732],[119.635345,23.547593],[119.6344,23.548782],[119.634679,23.551189],[119.637773,23.55289],[119.640951,23.551717],[119.6387,23.552816],[119.638756,23.554304],[119.640608,23.55719],[119.644033,23.559557],[119.646637,23.560535],[119.653937,23.560801],[119.660848,23.560473],[119.662527,23.56011],[119.663848,23.560298],[119.666589,23.561383],[119.666938,23.558702],[119.669544,23.556429],[119.670201,23.556943],[119.670926,23.556994],[119.670834,23.557275],[119.670086,23.557258],[119.669604,23.556743],[119.66815,23.558072],[119.668187,23.559828],[119.668923,23.559886],[119.668117,23.560914],[119.669663,23.56079],[119.668544,23.560942],[119.668528,23.561235],[119.66841,23.561019],[119.667517,23.561185],[119.667538,23.561987],[119.668399,23.562066],[119.668563,23.561513],[119.66856,23.562045],[119.66925,23.562072],[119.669362,23.561008],[119.670153,23.561415],[119.671959,23.561423],[119.671917,23.559403],[119.672912,23.559392],[119.672925,23.560293],[119.674379,23.560271],[119.674238,23.558917],[119.67459,23.558841],[119.674791,23.560292],[119.676072,23.559731],[119.676499,23.558521],[119.675471,23.558329],[119.675703,23.557312],[119.675717,23.557831],[119.676657,23.558044],[119.676829,23.557373],[119.6762,23.557105],[119.676876,23.557269],[119.676986,23.556896],[119.675993,23.556629],[119.675783,23.556967],[119.675863,23.55644],[119.675241,23.556438],[119.674697,23.557899],[119.675026,23.558083],[119.67192,23.558071],[119.674413,23.557855],[119.675169,23.555671],[119.674301,23.554481],[119.675247,23.553612],[119.675425,23.552367],[119.677133,23.551933],[119.677915,23.551366],[119.67971,23.55196],[119.680546,23.551912],[119.681474,23.553072],[119.68232,23.553455],[119.683656,23.553424],[119.685115,23.552725],[119.686676,23.553314],[119.687268,23.554146],[119.68829,23.554688],[119.689867,23.554099],[119.691148,23.5547],[119.691745,23.554355],[119.69236,23.55455],[119.692276,23.554869],[119.693582,23.555157],[119.695127,23.553759],[119.695985,23.55383],[119.695396,23.554449],[119.694582,23.554595],[119.693724,23.55635],[119.694189,23.556651],[119.693857,23.557124],[119.693388,23.557171],[119.692732,23.558526],[119.693288,23.559628],[119.693414,23.558925],[119.694415,23.559379],[119.694125,23.55948],[119.694487,23.559952],[119.694345,23.56035],[119.693348,23.560472],[119.692607,23.56099],[119.692649,23.560619],[119.692126,23.560563],[119.690288,23.561601],[119.689409,23.56137],[119.687022,23.562042],[119.683114,23.565637],[119.68267,23.569522],[119.683071,23.570053],[119.682443,23.570207],[119.681995,23.571073],[119.682091,23.571829],[119.680636,23.572948],[119.679984,23.57466],[119.680259,23.575155],[119.680962,23.575261],[119.681001,23.576227],[119.682019,23.576588],[119.681042,23.576434],[119.681665,23.576948],[119.680733,23.576709],[119.680633,23.577621],[119.681618,23.577529],[119.680649,23.577759],[119.680832,23.578279],[119.681722,23.578201],[119.68212,23.576827],[119.682602,23.576407],[119.68116,23.57993],[119.681196,23.582097],[119.682648,23.583915],[119.681785,23.584126],[119.680405,23.585428],[119.676472,23.592265],[119.675909,23.593785],[119.673707,23.595458],[119.672066,23.597907],[119.67157,23.599045],[119.67216,23.60107],[119.669285,23.601716],[119.668942,23.600975],[119.668147,23.600678],[119.668799,23.600163],[119.669228,23.599206],[119.668047,23.598268],[119.667737,23.596867],[119.667979,23.596778],[119.668377,23.598043],[119.669241,23.597827],[119.669531,23.597194],[119.668498,23.596792],[119.66944,23.596975],[119.669873,23.596574],[119.669177,23.5958],[119.667722,23.595969],[119.667679,23.596504],[119.66717,23.596398],[119.667521,23.596247],[119.667423,23.595948],[119.666835,23.595812],[119.666898,23.595598],[119.668436,23.595668],[119.668091,23.595166],[119.66671,23.595445],[119.666741,23.595136],[119.669162,23.594893],[119.669394,23.593506],[119.668006,23.591232],[119.663792,23.59055],[119.660209,23.591613],[119.659655,23.593757],[119.662113,23.594395],[119.660797,23.594391],[119.660716,23.594667],[119.660322,23.594621],[119.660139,23.595338],[119.660989,23.595429],[119.6611,23.594799],[119.661156,23.595647],[119.662006,23.595759],[119.662434,23.594384],[119.664857,23.594785],[119.666126,23.595481],[119.665967,23.59578],[119.664577,23.595082],[119.662768,23.594776],[119.662374,23.596369],[119.660826,23.596059],[119.657401,23.598146],[119.656466,23.598324],[119.655654,23.598982],[119.655332,23.600051],[119.65574,23.598566],[119.655332,23.598537],[119.654415,23.600475],[119.654721,23.600866],[119.655097,23.600468],[119.655147,23.601562],[119.656578,23.602245],[119.65719,23.602888],[119.657428,23.603855],[119.656847,23.605616],[119.6573,23.606138],[119.657181,23.606463],[119.655807,23.607984],[119.654719,23.608553],[119.654836,23.608875],[119.654349,23.608643],[119.651082,23.60985],[119.650129,23.609509],[119.649804,23.608364],[119.646554,23.606772],[119.647606,23.606091],[119.647569,23.606535],[119.649264,23.606779],[119.650233,23.608014],[119.650825,23.607585],[119.650777,23.60596],[119.65028,23.60519],[119.650083,23.6038],[119.648707,23.602971],[119.648203,23.602828],[119.647278,23.603254],[119.646459,23.602648],[119.647248,23.602988],[119.648137,23.60263],[119.647563,23.601854],[119.646878,23.601929],[119.647408,23.601671],[119.64671,23.60102],[119.646505,23.599928],[119.646502,23.597036],[119.646874,23.596782],[119.644114,23.596114],[119.6436,23.595102],[119.645876,23.594804],[119.64844,23.593911],[119.647877,23.593859],[119.645682,23.594762],[119.644606,23.594683],[119.643499,23.594832],[119.642789,23.593322],[119.641854,23.590349],[119.644002,23.589484],[119.643953,23.589101],[119.644094,23.589412],[119.64462,23.589166],[119.644012,23.588579],[119.643845,23.588864],[119.643907,23.588428],[119.643308,23.588311],[119.643734,23.588104],[119.643667,23.587689],[119.642914,23.5882],[119.64223,23.587462],[119.641009,23.587844],[119.640542,23.586593],[119.639615,23.587396],[119.639629,23.588191],[119.641362,23.588836],[119.63789,23.590853],[119.637714,23.591553],[119.638364,23.592512],[119.640154,23.593891],[119.641388,23.59648],[119.640145,23.59765],[119.639996,23.598255],[119.640809,23.598466],[119.641085,23.598224],[119.641389,23.598647],[119.640083,23.598571],[119.639456,23.599244],[119.637378,23.598988],[119.636982,23.597351],[119.634193,23.596421],[119.632984,23.595433],[119.633094,23.594559],[119.631691,23.593937],[119.632332,23.593914],[119.632331,23.593645],[119.632479,23.593943],[119.633149,23.593974],[119.633202,23.593606],[119.632632,23.593533],[119.633249,23.593486],[119.633313,23.592991],[119.632397,23.592941],[119.631973,23.593401],[119.632334,23.592785],[119.633614,23.592825],[119.634358,23.590831],[119.63397,23.589194],[119.632734,23.588382],[119.632914,23.587333],[119.632244,23.586212],[119.632168,23.585111],[119.631587,23.584519],[119.631806,23.583112],[119.629651,23.581988],[119.628822,23.580264],[119.624266,23.580379],[119.624794,23.580754],[119.625677,23.582554],[119.626171,23.582656],[119.626425,23.58315],[119.626881,23.58294],[119.626206,23.583408],[119.626499,23.583872],[119.627196,23.583722],[119.627232,23.583345],[119.627347,23.583834],[119.626628,23.583966],[119.626421,23.584551],[119.625861,23.584764],[119.62394,23.587088],[119.624962,23.589122],[119.624968,23.590208],[119.624517,23.590889],[119.624867,23.591601],[119.62463,23.592724],[119.625325,23.593827],[119.627685,23.595233],[119.627892,23.595688],[119.627565,23.597069],[119.626913,23.597825],[119.627237,23.598269],[119.626706,23.598445],[119.625115,23.600426],[119.625744,23.600747],[119.625832,23.601446],[119.626722,23.601587],[119.627111,23.600947],[119.627361,23.601122],[119.626821,23.601699],[119.62686,23.602288],[119.627952,23.603964],[119.63034,23.602776],[119.63154,23.604003],[119.631309,23.604094],[119.630306,23.60294],[119.628856,23.603657],[119.629982,23.604554],[119.630192,23.604417],[119.629435,23.603472],[119.630253,23.604349],[119.630871,23.603918],[119.630421,23.604412],[119.630832,23.604907],[119.631431,23.604351],[119.632085,23.604351],[119.630292,23.605494],[119.630942,23.607405],[119.628866,23.606732],[119.627374,23.607266],[119.627596,23.607706],[119.626354,23.608142],[119.627319,23.607601],[119.626969,23.606722],[119.626279,23.606894],[119.626482,23.607272],[119.62615,23.60691],[119.625195,23.60718],[119.62543,23.607601],[119.625081,23.60721],[119.624257,23.607762],[119.624815,23.608263],[119.625745,23.607918],[119.624896,23.608461],[119.625235,23.608801],[119.626575,23.608292],[119.625292,23.608986],[119.622921,23.607234],[119.62057,23.606736],[119.619504,23.606878],[119.619478,23.606063],[119.61973,23.606705],[119.620344,23.606629],[119.620479,23.605732],[119.619805,23.605662],[119.619677,23.605907],[119.619649,23.605536],[119.620029,23.605506],[119.62028,23.604753],[119.620955,23.604935],[119.621745,23.603126],[119.620878,23.602145],[119.616823,23.601031],[119.615992,23.601343],[119.615644,23.603573],[119.617101,23.603693],[119.614835,23.60368],[119.614181,23.604188],[119.613633,23.604206],[119.613597,23.603949],[119.614117,23.604068],[119.614723,23.60356],[119.614771,23.603084],[119.614122,23.603565],[119.614295,23.60377],[119.613777,23.603822],[119.614659,23.602949],[119.614377,23.602361],[119.613216,23.601988],[119.612509,23.606799],[119.609878,23.610568],[119.611506,23.612027],[119.612705,23.612591],[119.612841,23.613548],[119.61374,23.614036],[119.613315,23.61605],[119.613769,23.616513],[119.613279,23.618036],[119.613557,23.61855],[119.613484,23.620067],[119.613143,23.620346],[119.612007,23.620184],[119.609582,23.620827],[119.607171,23.622356],[119.60685,23.622154],[119.606859,23.621335],[119.606031,23.62081],[119.604713,23.62512],[119.602337,23.62852],[119.602336,23.629107],[119.603246,23.629081],[119.6033,23.629554],[119.603912,23.629687],[119.603636,23.630799],[119.604372,23.630586],[119.604613,23.631093],[119.604177,23.631648],[119.60525,23.631423],[119.605494,23.632009],[119.606335,23.632425],[119.607644,23.632246],[119.609539,23.63265],[119.610145,23.633555],[119.610352,23.635692],[119.610065,23.635835],[119.609922,23.635445],[119.609002,23.63521],[119.607327,23.636636],[119.606866,23.636613],[119.605984,23.635914],[119.60561,23.635103],[119.60476,23.634867],[119.604672,23.634089],[119.603366,23.633482],[119.602521,23.633646],[119.600762,23.634795],[119.603026,23.637402],[119.601729,23.637996],[119.602742,23.637415],[119.600853,23.635174],[119.599236,23.636306],[119.597398,23.639611],[119.597618,23.641222],[119.600173,23.641727],[119.601745,23.642532],[119.602254,23.641776],[119.602092,23.64156],[119.602439,23.641737],[119.601715,23.642773],[119.601882,23.643402],[119.600197,23.645201],[119.600578,23.645426],[119.60083,23.647411],[119.601096,23.64746],[119.600887,23.64768],[119.602414,23.647238],[119.600755,23.648059],[119.602007,23.647953],[119.602463,23.648394],[119.602324,23.648909],[119.603748,23.64949],[119.608473,23.64891],[119.608338,23.648486],[119.609643,23.647797],[119.608658,23.648541],[119.608986,23.649366],[119.609729,23.649234],[119.609665,23.648848],[119.609131,23.648846],[119.609655,23.648767],[119.609581,23.648323],[119.611086,23.647398],[119.610219,23.648101],[119.611982,23.650072],[119.611704,23.651764],[119.612362,23.652644],[119.61361,23.652914],[119.612273,23.652775],[119.609437,23.654653],[119.607308,23.657093],[119.606385,23.659473],[119.6066,23.660452],[119.60766,23.660951],[119.608094,23.66218],[119.609836,23.663586],[119.609529,23.663725],[119.608433,23.662815],[119.607016,23.662893],[119.604068,23.664035],[119.604576,23.666365],[119.604151,23.664771],[119.603739,23.664858],[119.603622,23.664353],[119.602914,23.664476],[119.603186,23.665197],[119.602507,23.665441],[119.602889,23.666498],[119.603765,23.666262],[119.603817,23.665842],[119.6042,23.666933],[119.603879,23.666603],[119.602995,23.66683],[119.603263,23.667691],[119.604365,23.667378],[119.604964,23.666605],[119.605102,23.667201],[119.603317,23.667957],[119.603584,23.668902],[119.605224,23.668191],[119.605052,23.667621],[119.605487,23.668254],[119.604825,23.668782],[119.601553,23.669874],[119.600021,23.671173],[119.599642,23.671816],[119.599873,23.673763],[119.59788,23.674493],[119.596783,23.674412],[119.595461,23.673584],[119.595125,23.672136],[119.594559,23.671788],[119.592614,23.671552],[119.590897,23.671771],[119.587465,23.672919],[119.586953,23.673458],[119.586806,23.674556],[119.585073,23.676344],[119.582299,23.677519]]],[[[119.656833,23.678837],[119.656692,23.678569],[119.658138,23.676209],[119.656979,23.678451],[119.656833,23.678837]]],[[[119.664178,23.682379],[119.663909,23.68266],[119.663495,23.682039],[119.664344,23.681541],[119.664708,23.682621],[119.664178,23.682379]]],[[[119.666843,23.682858],[119.666147,23.683159],[119.666893,23.682501],[119.666356,23.681724],[119.666821,23.680469],[119.665531,23.681588],[119.664954,23.681218],[119.665473,23.680934],[119.665829,23.679797],[119.665496,23.679229],[119.666004,23.678532],[119.665502,23.677791],[119.664725,23.677539],[119.665101,23.677073],[119.666224,23.676982],[119.666776,23.676325],[119.667872,23.677169],[119.668035,23.676035],[119.66867,23.676886],[119.669339,23.677005],[119.669461,23.677302],[119.66915,23.677283],[119.669449,23.677546],[119.668097,23.678744],[119.667924,23.680171],[119.66843,23.680948],[119.668297,23.681233],[119.667401,23.681298],[119.668048,23.682661],[119.667687,23.682784],[119.66712,23.681931],[119.666843,23.682858]]],[[[119.668044,23.683527],[119.667662,23.683741],[119.668057,23.682801],[119.668044,23.683527]]],[[[119.654455,23.68461],[119.654412,23.684674],[119.654231,23.684496],[119.654455,23.68461]]],[[[119.654227,23.684643],[119.654217,23.684715],[119.654014,23.684535],[119.654227,23.684643]]],[[[119.654962,23.684755],[119.654957,23.684816],[119.654804,23.684805],[119.654962,23.684755]]],[[[119.655189,23.68486],[119.655105,23.684693],[119.655186,23.684666],[119.655189,23.68486]]],[[[119.656048,23.685039],[119.656015,23.685091],[119.655828,23.684925],[119.656048,23.685039]]],[[[119.654234,23.685264],[119.654223,23.685284],[119.654038,23.68507],[119.654234,23.685264]]],[[[119.654705,23.685235],[119.654471,23.685208],[119.654333,23.684922],[119.654453,23.684888],[119.654705,23.685235]]],[[[119.623743,23.68529],[119.622709,23.684942],[119.623139,23.684557],[119.624195,23.684934],[119.623743,23.68529]]],[[[119.655254,23.685311],[119.654862,23.685015],[119.655533,23.685172],[119.655254,23.685311]]],[[[119.621259,23.686738],[119.620807,23.686115],[119.620962,23.685703],[119.621376,23.685968],[119.621409,23.685406],[119.621911,23.686006],[119.621259,23.686738]]],[[[119.670015,23.687882],[119.67019,23.68818],[119.669967,23.688379],[119.669829,23.688233],[119.670015,23.687882]]],[[[119.654382,23.688778],[119.654888,23.688507],[119.6551,23.688763],[119.655017,23.688852],[119.654382,23.688778]]],[[[119.650668,23.68987],[119.650672,23.689389],[119.651647,23.688444],[119.652029,23.688939],[119.652238,23.688559],[119.652459,23.689005],[119.652339,23.689802],[119.650668,23.68987]]],[[[119.672566,23.689932],[119.672404,23.690204],[119.672339,23.689757],[119.672566,23.689932]]],[[[119.67234,23.690432],[119.672309,23.690441],[119.672317,23.690387],[119.67234,23.690432]]],[[[119.672185,23.690503],[119.672132,23.690517],[119.672196,23.690435],[119.672185,23.690503]]],[[[119.557864,23.690544],[119.557319,23.689792],[119.556659,23.689724],[119.556593,23.68946],[119.55734,23.688424],[119.558124,23.688087],[119.55833,23.688292],[119.557936,23.688911],[119.557864,23.690544]]],[[[119.670745,23.69064],[119.671673,23.689404],[119.671002,23.688987],[119.671456,23.688535],[119.67062,23.688451],[119.67076,23.687902],[119.670424,23.687734],[119.670874,23.687407],[119.669562,23.687437],[119.670022,23.68721],[119.670937,23.684702],[119.670186,23.684615],[119.670239,23.683778],[119.670683,23.682855],[119.671735,23.682498],[119.671581,23.681916],[119.672156,23.682528],[119.671844,23.683583],[119.672069,23.683614],[119.671072,23.684309],[119.671824,23.684617],[119.671726,23.685008],[119.672561,23.686097],[119.672125,23.686817],[119.672365,23.687233],[119.671916,23.687098],[119.67166,23.687444],[119.672287,23.687895],[119.672603,23.688867],[119.672067,23.689178],[119.67232,23.689845],[119.671663,23.69062],[119.670745,23.69064]]],[[[119.595674,23.690426],[119.594842,23.691065],[119.59539,23.690181],[119.59693,23.69033],[119.596522,23.690632],[119.595674,23.690426]]],[[[119.670301,23.69127],[119.670814,23.690759],[119.670834,23.691597],[119.670301,23.69127]]],[[[119.557708,23.692438],[119.55664,23.69114],[119.557003,23.690847],[119.557825,23.690901],[119.557708,23.692438]]],[[[119.5596,23.693204],[119.559436,23.693188],[119.55956,23.693048],[119.5596,23.693204]]],[[[119.651837,23.693791],[119.650348,23.693303],[119.649684,23.693441],[119.649561,23.693157],[119.650249,23.692892],[119.650724,23.691814],[119.650422,23.691668],[119.650822,23.691488],[119.651511,23.692329],[119.651858,23.6918],[119.651481,23.691578],[119.651851,23.691357],[119.651717,23.690974],[119.652641,23.690713],[119.653281,23.692159],[119.651837,23.693791]]],[[[119.671032,23.693774],[119.670246,23.69362],[119.67016,23.693209],[119.669617,23.692943],[119.670562,23.692912],[119.671032,23.693774]]],[[[119.55968,23.693474],[119.559892,23.694047],[119.55946,23.694265],[119.559272,23.693977],[119.55968,23.693474]]],[[[119.593791,23.694848],[119.593473,23.694328],[119.594595,23.692976],[119.594665,23.692249],[119.594336,23.69193],[119.594934,23.691158],[119.59548,23.692013],[119.595135,23.693295],[119.595346,23.693592],[119.593791,23.694848]]],[[[119.563729,23.695642],[119.563286,23.695204],[119.563862,23.69501],[119.564492,23.694046],[119.564832,23.694126],[119.564847,23.693622],[119.565605,23.693812],[119.565611,23.694195],[119.565139,23.694364],[119.565026,23.695265],[119.564292,23.69509],[119.564121,23.695454],[119.563729,23.695642]]],[[[119.592794,23.696256],[119.593576,23.69491],[119.593642,23.695989],[119.592794,23.696256]]],[[[119.603424,23.706452],[119.603299,23.706381],[119.603759,23.706203],[119.603424,23.706452]]],[[[119.619085,23.708601],[119.618637,23.709194],[119.617945,23.708752],[119.618848,23.708263],[119.619085,23.708601]]],[[[119.609511,23.710431],[119.608807,23.71044],[119.608164,23.710305],[119.60837,23.710176],[119.609511,23.710431]]],[[[119.552052,23.710249],[119.551675,23.71063],[119.551363,23.710676],[119.551436,23.710292],[119.552052,23.710249]]],[[[119.5886,23.710559],[119.588096,23.710121],[119.58811,23.709742],[119.588999,23.710039],[119.5886,23.710559]]],[[[119.611774,23.711054],[119.611701,23.711695],[119.611499,23.710888],[119.611005,23.710809],[119.610916,23.7111],[119.609859,23.710233],[119.609527,23.709844],[119.60954,23.708927],[119.609914,23.709386],[119.609701,23.709843],[119.610447,23.7104],[119.612169,23.710958],[119.612697,23.7101],[119.612471,23.710744],[119.612204,23.711057],[119.612577,23.711245],[119.612168,23.711393],[119.611774,23.711054]]],[[[119.565506,23.712682],[119.565813,23.711154],[119.566835,23.710492],[119.567608,23.712432],[119.566651,23.712011],[119.565506,23.712682]]],[[[119.610358,23.713008],[119.609824,23.712823],[119.610189,23.712859],[119.610203,23.712539],[119.610358,23.713008]]],[[[119.610213,23.71353],[119.609772,23.713527],[119.609597,23.71316],[119.609963,23.713057],[119.610213,23.71353]]],[[[119.609533,23.713589],[119.60931,23.713655],[119.60934,23.71345],[119.609533,23.713589]]],[[[119.609668,23.710661],[119.610187,23.711171],[119.608782,23.713684],[119.607591,23.712619],[119.606971,23.711421],[119.607522,23.710671],[119.609668,23.710661]]],[[[119.613368,23.715409],[119.612457,23.714817],[119.612556,23.714105],[119.613059,23.714354],[119.613368,23.715409]]],[[[119.612653,23.715665],[119.612257,23.715833],[119.611707,23.715445],[119.612201,23.71512],[119.612653,23.715665]]],[[[119.611183,23.716264],[119.610567,23.716237],[119.611098,23.716201],[119.611452,23.715446],[119.611912,23.715893],[119.611183,23.716264]]],[[[119.566199,23.7167],[119.566015,23.717204],[119.565673,23.717408],[119.56569,23.716988],[119.566199,23.7167]]],[[[119.565456,23.7174],[119.565525,23.717603],[119.565207,23.717891],[119.565217,23.717674],[119.565456,23.7174]]],[[[119.552132,23.720834],[119.552762,23.721437],[119.552765,23.721956],[119.550934,23.72019],[119.551023,23.719003],[119.551786,23.71872],[119.553301,23.719423],[119.554128,23.718213],[119.556237,23.717117],[119.55505,23.716189],[119.554214,23.716506],[119.554356,23.715826],[119.554894,23.715819],[119.554822,23.714991],[119.555317,23.714777],[119.55503,23.714523],[119.55609,23.71389],[119.553194,23.711568],[119.553639,23.71095],[119.554071,23.711082],[119.55386,23.710769],[119.554353,23.710243],[119.555269,23.70973],[119.555316,23.708637],[119.558613,23.710948],[119.557922,23.711479],[119.55764,23.712834],[119.556998,23.713591],[119.55674,23.715165],[119.558131,23.716767],[119.55749,23.717584],[119.557651,23.71829],[119.558316,23.718166],[119.558842,23.718451],[119.558956,23.719945],[119.558182,23.718623],[119.557393,23.718996],[119.557033,23.720663],[119.554956,23.721126],[119.551696,23.719705],[119.552267,23.720339],[119.552132,23.720834]]],[[[119.551636,23.722682],[119.551583,23.722931],[119.551095,23.723075],[119.551176,23.722761],[119.551636,23.722682]]],[[[119.609099,23.731562],[119.609336,23.732256],[119.60902,23.732743],[119.608442,23.732081],[119.608572,23.731674],[119.609099,23.731562]]],[[[119.610067,23.731294],[119.609963,23.733057],[119.60952,23.733899],[119.609959,23.732658],[119.609861,23.731353],[119.608949,23.731192],[119.610067,23.731294]]],[[[119.613418,23.732922],[119.612439,23.734032],[119.612096,23.73346],[119.612469,23.732544],[119.613418,23.732922]]],[[[119.612182,23.733841],[119.612215,23.73433],[119.611093,23.733466],[119.610334,23.733417],[119.610705,23.733194],[119.611558,23.73336],[119.611493,23.733722],[119.612182,23.733841]]],[[[119.611395,23.736451],[119.61197,23.736155],[119.611043,23.735146],[119.611484,23.735304],[119.612174,23.736094],[119.611395,23.736451]]],[[[119.609186,23.736907],[119.608815,23.737473],[119.608897,23.738082],[119.608651,23.737534],[119.609208,23.736699],[119.61021,23.737192],[119.610706,23.737718],[119.610279,23.737957],[119.610345,23.737424],[119.609186,23.736907]]],[[[119.624844,23.748294],[119.62475,23.7485],[119.624445,23.748408],[119.624476,23.748295],[119.624844,23.748294]]],[[[119.624855,23.748621],[119.624935,23.748332],[119.625208,23.74843],[119.624855,23.748621]]],[[[119.62496,23.748853],[119.624675,23.748981],[119.62476,23.748759],[119.62496,23.748853]]],[[[119.624848,23.749127],[119.624686,23.749276],[119.624666,23.749051],[119.624848,23.749127]]],[[[119.624519,23.748618],[119.624639,23.748992],[119.624536,23.749286],[119.624175,23.748908],[119.624519,23.748618]]],[[[119.625134,23.749378],[119.62529,23.749046],[119.625587,23.749282],[119.625134,23.749378]]],[[[119.624822,23.75019],[119.624624,23.750475],[119.624136,23.750136],[119.624231,23.749845],[119.624551,23.749904],[119.624822,23.75019]]],[[[119.624818,23.750982],[119.624773,23.751075],[119.624549,23.750844],[119.624818,23.750982]]],[[[119.624315,23.751188],[119.624097,23.751407],[119.624099,23.750997],[119.624315,23.751188]]],[[[119.624503,23.751684],[119.624143,23.7515],[119.624344,23.751262],[119.624503,23.751684]]],[[[119.624983,23.751693],[119.625,23.751758],[119.624636,23.751665],[119.624983,23.751693]]],[[[119.624355,23.751727],[119.624467,23.751894],[119.624074,23.751785],[119.624355,23.751727]]],[[[119.624646,23.752121],[119.624855,23.751836],[119.62519,23.751985],[119.624646,23.752121]]],[[[119.624044,23.75229],[119.623709,23.752287],[119.623676,23.752208],[119.62389,23.752135],[119.624044,23.75229]]],[[[119.624952,23.75228],[119.625001,23.752135],[119.625146,23.752164],[119.624952,23.75228]]],[[[119.623367,23.752656],[119.623344,23.752713],[119.623126,23.752405],[119.623367,23.752656]]],[[[119.597009,23.755415],[119.597603,23.754431],[119.598643,23.753874],[119.599013,23.754001],[119.597939,23.755172],[119.597009,23.755415]]],[[[119.621137,23.755214],[119.620542,23.755442],[119.620697,23.754877],[119.621137,23.755214]]],[[[119.620087,23.756096],[119.619795,23.756055],[119.620025,23.755487],[119.620087,23.756096]]],[[[119.606972,23.757063],[119.606985,23.756634],[119.608216,23.757198],[119.606972,23.757063]]],[[[119.608094,23.758652],[119.607315,23.758486],[119.607617,23.758329],[119.607513,23.757966],[119.608272,23.757961],[119.608094,23.758652]]],[[[119.612357,23.756001],[119.61144,23.75786],[119.611649,23.758582],[119.61129,23.758775],[119.610915,23.75811],[119.611098,23.757473],[119.609978,23.756602],[119.609749,23.755943],[119.607792,23.755265],[119.608285,23.754206],[119.607135,23.754048],[119.606515,23.75355],[119.606348,23.75383],[119.605753,23.753338],[119.60548,23.752542],[119.60577,23.752577],[119.605968,23.752913],[119.605645,23.752282],[119.60641,23.752634],[119.60792,23.752364],[119.606924,23.752819],[119.607675,23.753358],[119.607264,23.753646],[119.60753,23.753749],[119.608693,23.753428],[119.608613,23.752467],[119.607772,23.751989],[119.607176,23.752389],[119.606693,23.752256],[119.606759,23.751899],[119.605818,23.752008],[119.606643,23.751813],[119.605209,23.749559],[119.603872,23.745357],[119.602129,23.743747],[119.597407,23.741881],[119.597055,23.739837],[119.59597,23.739033],[119.596625,23.73889],[119.59591,23.738239],[119.595847,23.737708],[119.596344,23.736998],[119.596662,23.73703],[119.596547,23.736561],[119.598622,23.736221],[119.600229,23.734759],[119.602005,23.73017],[119.601411,23.72607],[119.602652,23.725366],[119.602847,23.725588],[119.6031,23.725375],[119.603992,23.726742],[119.603343,23.727875],[119.603169,23.731434],[119.604756,23.73264],[119.605607,23.735208],[119.607064,23.73755],[119.608526,23.738641],[119.609922,23.739051],[119.61498,23.737439],[119.614828,23.738214],[119.614349,23.738629],[119.610517,23.739556],[119.610827,23.740408],[119.612442,23.739912],[119.61089,23.740537],[119.611081,23.741048],[119.612429,23.740544],[119.611178,23.741244],[119.611363,23.741478],[119.6123,23.741698],[119.613091,23.741113],[119.6126,23.740498],[119.61384,23.74027],[119.613572,23.739682],[119.612743,23.739818],[119.613706,23.739519],[119.614029,23.740192],[119.614881,23.739855],[119.613927,23.740346],[119.614166,23.740643],[119.61479,23.74016],[119.614224,23.740679],[119.615009,23.74066],[119.615138,23.73996],[119.61545,23.73995],[119.615462,23.739078],[119.613991,23.739407],[119.615512,23.738938],[119.615762,23.737596],[119.615469,23.741006],[119.616037,23.74171],[119.616463,23.741935],[119.617365,23.741583],[119.618606,23.741666],[119.618226,23.741444],[119.618356,23.741128],[119.617939,23.741193],[119.617941,23.740809],[119.6186,23.740456